# Blender 4.0.0
# www.blender.org
mtllib temp.mtl
o Mesh1
v -0.126442 0.693378 -0.031626
v -0.134471 0.686580 -0.035905
v -0.133117 0.694123 -0.033015
v -0.116415 0.682911 -0.035580
v -0.125278 0.683834 -0.035577
v -0.099713 0.688279 -0.032055
v -0.100394 0.685167 -0.033199
v -0.115920 0.698606 -0.028239
v 0.181547 -0.942508 0.012159
v 0.180633 -0.944049 -0.003531
v 0.194627 -0.932601 -0.001672
v 0.194596 -0.932679 0.009805
v 0.187523 -0.938224 -0.012092
v 0.059261 0.748938 -0.005718
v 0.067163 0.756595 -0.007636
v 0.066814 0.755083 -0.023226
v 0.066050 0.755140 0.011429
v 0.055909 0.745944 0.013147
v 0.060151 0.748082 -0.027159
v 0.051542 0.741348 -0.009070
v -0.146462 0.519180 -0.000394
v -0.153490 0.527529 0.014578
v -0.154534 0.529135 -0.006487
v -0.159676 0.534875 -0.021895
v -0.163529 0.539133 0.003986
v -0.223550 -0.632094 0.006913
v -0.217149 -0.627995 0.012688
v -0.216878 -0.627844 -0.001554
v -0.155197 0.726735 -0.026514
v -0.148544 0.721887 -0.024988
v -0.153639 0.718654 -0.029069
v -0.158641 0.722096 -0.030770
v -0.159586 0.709041 -0.035054
v -0.258611 0.711588 -0.026851
v -0.255175 0.729490 -0.028583
v -0.248313 0.714513 -0.033657
v -0.244800 0.715436 -0.035812
v -0.209351 0.618526 0.035102
v -0.217472 0.625653 0.035088
v -0.216762 0.616797 0.031230
v -0.227304 0.631842 0.030829
v -0.228075 0.623500 0.027615
v -0.221272 0.616501 0.028833
v -0.242062 0.632156 -0.021623
v -0.242287 0.635594 -0.025033
v -0.237270 0.628470 -0.026664
v -0.233081 0.618150 -0.021787
v -0.011116 0.639380 -0.036550
v -0.046780 0.642581 -0.036449
v -0.024580 0.665447 -0.036384
v 0.100432 0.346295 -0.030837
v 0.108651 0.329720 -0.026035
v 0.100014 0.314124 -0.031181
v 0.100141 0.104488 -0.031115
v 0.104519 0.104521 -0.028427
v 0.102077 0.077721 -0.029978
v 0.119607 -0.745408 -0.005357
v 0.120592 -0.768100 -0.020136
v 0.119858 -0.758678 -0.006036
v 0.033052 0.733630 0.027589
v 0.025975 0.729688 0.028931
v 0.046458 0.728383 0.031739
v 0.046356 0.734333 0.028915
v -0.186030 0.563989 0.021682
v -0.188246 0.564747 0.011251
v -0.175227 0.552781 0.021213
v -0.178415 0.556582 0.023603
v -0.258510 0.750247 -0.025281
v -0.252276 0.765778 -0.028239
v -0.249680 0.743052 -0.031599
v 0.187408 -0.625977 -0.035797
v 0.196672 -0.632204 -0.035108
v 0.205472 -0.645209 -0.035912
v 0.153550 0.928759 -0.035658
v 0.158483 0.926220 -0.035194
v 0.157431 0.925384 -0.035516
v -0.001316 -1.000751 -0.021914
v 0.023111 -1.000112 -0.021419
v 0.014875 -0.999985 -0.011789
v 0.132845 0.545520 0.029389
v 0.125370 0.533934 0.029930
v 0.136041 0.536891 0.024846
v 0.094114 0.265708 -0.034349
v 0.094213 0.327107 -0.034227
v 0.100143 0.279898 -0.031059
v 0.038556 -0.906296 -0.036044
v 0.045465 -0.904694 -0.035360
v 0.051724 -0.907155 -0.035999
v -0.195741 -0.935232 -0.015270
v -0.181400 -0.946427 -0.021933
v -0.187627 -0.941225 0.006479
v -0.196573 -0.933810 0.021484
v 0.113275 0.071513 -0.015017
v 0.113171 0.031264 -0.015314
v 0.112013 0.024186 -0.022022
v -0.090428 0.323990 -0.034061
v -0.087529 0.258050 -0.035860
v -0.090194 0.281603 -0.034192
v 0.073428 -0.225770 -0.036719
v 0.085529 -0.214005 -0.036514
v 0.085518 -0.243695 -0.036562
v 0.137776 0.972369 -0.007535
v 0.137882 0.972320 -0.001510
v 0.143771 0.966926 -0.016660
v -0.061208 -0.115527 0.036190
v -0.061140 -0.180528 0.036193
v -0.044578 -0.144438 0.036157
v 0.083289 0.945060 -0.034689
v 0.083370 0.948833 -0.035317
v 0.088242 0.933033 -0.035577
v 0.086066 0.937294 -0.034878
v 0.232203 0.843383 0.015280
v 0.232017 0.841916 0.022855
v 0.237108 0.826131 0.020815
v -0.164339 0.674467 -0.036102
v -0.153858 0.697517 -0.036142
v -0.148077 0.694154 -0.036036
v 0.153190 0.619036 -0.036134
v 0.172727 0.616892 -0.035696
v 0.161797 0.605653 -0.035859
v 0.118711 0.617506 0.035785
v 0.142353 0.610069 0.035658
v 0.132377 0.628734 0.035768
v -0.236636 0.831662 -0.022790
v -0.243327 0.814285 -0.022273
v -0.240302 0.823615 -0.008947
v -0.233836 0.841211 -0.012684
v 0.097468 0.886470 0.029685
v 0.097149 0.860145 0.029239
v 0.101149 0.869056 0.032952
v 0.100698 0.886569 0.033518
v -0.145360 -0.554828 0.022390
v -0.152499 -0.562094 0.014500
v -0.148203 -0.559173 0.024162
v 0.111736 0.288353 -0.022008
v 0.113061 0.317623 -0.015622
v 0.112985 0.277112 -0.015621
v -0.173730 -0.622528 0.035551
v -0.150751 -0.611931 0.035748
v -0.167614 -0.608232 0.035413
v 0.145309 0.547919 -0.013327
v 0.155059 0.561048 0.004877
v 0.144877 0.546721 0.005337
v -0.197065 -0.878387 0.035623
v -0.200909 -0.904015 0.035482
v -0.184193 -0.900456 0.035716
v 0.047191 -0.982099 0.035108
v 0.064879 -0.981064 0.034693
v 0.058859 -0.975981 0.035301
v 0.254662 -0.860391 -0.014416
v 0.251207 -0.866393 -0.010955
v 0.248847 -0.868689 -0.022238
v 0.254181 -0.858519 -0.023805
v -0.124202 0.486859 -0.024443
v -0.129572 0.501821 -0.026307
v -0.114381 0.489706 -0.031724
v -0.111777 -0.976576 -0.029770
v -0.111976 -0.967953 -0.035607
v -0.100536 -0.972108 -0.035578
v 0.109646 -0.238521 0.026311
v 0.105192 -0.272062 0.029520
v 0.109681 -0.270458 0.026382
v -0.149871 -0.565592 0.028016
v -0.141511 -0.562970 0.031536
v -0.141146 -0.554613 0.027650
v -0.100276 -0.467605 -0.028993
v -0.093140 -0.459896 -0.032804
v -0.090218 -0.477806 -0.035490
v -0.096729 -0.484708 -0.033370
v 0.078075 -0.988979 0.019658
v 0.090361 -0.986739 0.011261
v 0.092533 -0.985856 0.022653
v 0.132824 0.523434 0.003887
v 0.128191 0.514066 0.004457
v 0.129444 0.517664 -0.014233
v 0.256428 -0.753662 0.035072
v 0.262241 -0.756273 0.032480
v 0.261784 -0.729036 0.030613
v 0.255032 -0.728612 0.034431
v 0.230206 -0.871336 -0.035789
v 0.235095 -0.887599 -0.026631
v 0.221936 -0.885235 -0.035868
v 0.216872 -0.654829 -0.035704
v 0.209011 -0.640073 -0.033825
v 0.220232 -0.634886 -0.027726
v 0.224785 -0.650556 -0.031541
v 0.267682 -0.817009 -0.022276
v 0.269924 -0.805256 -0.024729
v 0.270328 -0.808483 -0.018164
v -0.104653 -0.415571 0.015622
v -0.105194 -0.428370 0.007514
v -0.104836 -0.441303 0.015614
v 0.235007 -0.722035 0.035707
v 0.220128 -0.736180 0.035447
v 0.234333 -0.735441 0.035658
v -0.087932 0.026626 -0.035798
v -0.084830 0.038205 -0.036161
v -0.084841 0.009372 -0.036263
v -0.093555 -0.979169 -0.032431
v -0.086512 -0.976739 -0.035116
v -0.082729 -0.980283 -0.034196
v -0.052043 -0.894661 0.027370
v -0.051392 -0.899208 0.031303
v -0.017419 -0.898914 0.031219
v 0.098153 0.229965 0.033248
v 0.098334 0.190983 0.033281
v 0.105092 0.219989 0.029407
v -0.069134 -0.320918 0.036095
v -0.069233 -0.392064 0.036048
v -0.061234 -0.346380 0.036133
v -0.088669 -0.491991 -0.036275
v -0.084416 -0.463859 -0.036348
v 0.241018 0.809890 0.019073
v 0.241332 0.811590 0.004270
v 0.237726 0.825748 0.004335
v 0.135228 0.840487 0.035849
v 0.121760 0.814036 0.035551
v 0.137664 0.800453 0.035817
v -0.001174 0.442653 0.036041
v 0.029540 0.411860 0.036047
v 0.039520 0.444117 0.035982
v -0.233715 0.830921 0.027236
v -0.235171 0.835057 0.022870
v -0.238977 0.823847 0.022486
v -0.238391 0.821154 0.026376
v 0.169536 0.871360 -0.036208
v 0.182456 0.886128 -0.035972
v 0.186656 0.870731 -0.036250
v -0.210519 -0.920182 0.025624
v -0.203718 -0.925971 0.025590
v -0.195578 -0.926934 0.029279
v 0.113331 -0.405612 0.002892
v 0.113389 -0.394902 -0.011653
v 0.113495 -0.360284 -0.009917
v -0.248191 0.756071 0.031303
v -0.252600 0.751114 0.028205
v -0.248669 0.737735 0.031920
v 0.079414 -0.607797 0.035695
v 0.107874 -0.615233 0.035588
v 0.120745 -0.600720 0.035704
v -0.109514 -0.720751 -0.013661
v -0.094030 -0.720568 -0.005288
v -0.088941 -0.720620 0.006794
v -0.109534 -0.720873 0.004897
v -0.103400 0.338393 0.022335
v -0.104528 0.352501 0.015621
v -0.104612 0.300727 0.015621
v -0.242196 -0.688505 -0.035956
v -0.247005 -0.701266 -0.035763
v -0.248584 -0.696592 -0.034926
v -0.172115 0.826035 0.023975
v -0.168939 0.802010 0.023153
v -0.166941 0.790621 0.004973
v -0.065419 -0.720523 0.006430
v -0.036214 -0.720487 0.002348
v -0.037749 -0.719830 0.020124
v 0.105495 -0.083781 0.029309
v 0.105565 -0.105032 0.029400
v 0.109971 -0.104289 0.026121
v 0.246904 0.757707 0.001761
v 0.247010 0.747525 0.001660
v 0.246864 0.748713 -0.009743
v 0.077539 -0.103739 -0.036703
v 0.075470 -0.057852 -0.036697
v 0.085518 -0.097073 -0.036522
v 0.109838 -0.464729 0.027053
v 0.108033 -0.480491 0.029406
v 0.113846 -0.475286 0.024501
v -0.100650 -0.687338 -0.036217
v -0.127040 -0.677126 -0.036256
v -0.088867 -0.679222 -0.036401
v -0.241251 0.811282 0.026560
v -0.243949 0.811198 0.021805
v -0.247506 0.800216 0.021268
v -0.246248 0.796566 0.025425
v 0.213184 0.883537 -0.021801
v 0.213015 0.884856 -0.009657
v 0.220241 0.871953 -0.011120
v -0.240643 0.695864 0.035469
v -0.233939 0.694477 0.035290
v -0.237103 0.732429 0.035349
v -0.240700 0.735010 0.035490
v -0.207983 -0.638742 -0.035497
v -0.200330 -0.631426 -0.035459
v -0.191300 -0.645229 -0.035968
v -0.246860 0.806498 -0.014851
v -0.248332 0.800018 -0.021911
v 0.111248 0.988861 0.003787
v 0.129259 0.977742 0.004562
v 0.119727 0.984295 -0.004690
v -0.142751 -0.862346 -0.036086
v -0.143310 -0.843145 -0.036162
v -0.139827 -0.860244 -0.034666
v 0.128992 -0.690387 0.035645
v 0.116237 -0.697007 0.035494
v 0.137587 -0.703578 0.035559
v 0.113528 -0.063590 0.002666
v 0.113086 -0.076895 0.014829
v 0.113141 -0.102197 0.014679
v 0.093066 -0.211864 0.035399
v 0.090868 -0.253451 0.035900
v 0.093201 -0.252118 0.035387
v 0.096710 0.866864 -0.013969
v 0.096939 0.870795 -0.023069
v 0.096369 0.843302 -0.022979
v 0.096105 0.851017 -0.004913
v 0.237014 0.694217 -0.022653
v 0.237831 0.692949 0.001033
v 0.235837 0.686016 -0.007108
v 0.235154 0.687055 -0.022599
v 0.152641 0.558716 -0.021711
v -0.209026 -0.638628 0.034261
v -0.205886 -0.641839 0.035379
v -0.196710 -0.630130 0.035342
v -0.208018 -0.628284 0.031225
v -0.108278 0.451089 0.025634
v -0.110218 0.449527 0.021913
v -0.106479 0.440932 0.024606
v -0.099817 -0.984238 0.022507
v -0.081936 -0.989383 0.015335
v -0.085970 -0.988343 0.022494
v 0.099320 0.826187 -0.030807
v 0.099675 0.865055 -0.030826
v 0.103766 0.845559 -0.033936
v -0.037756 -0.161000 -0.036966
v -0.034271 -0.124464 -0.036974
v -0.000501 -0.143626 -0.036981
v 0.094205 -0.359098 -0.034405
v 0.094092 -0.330538 -0.034440
v 0.100161 -0.341846 -0.031285
v 0.100059 -0.379222 -0.031260
v 0.058552 0.608477 0.035852
v 0.017589 0.582416 0.035968
v 0.069194 0.573194 0.035839
v 0.182971 0.800057 0.035720
v 0.210903 0.784604 0.035856
v 0.208706 0.805066 0.035859
v -0.105446 -0.195492 -0.020380
v -0.105283 -0.239518 -0.020469
v -0.105736 -0.213368 -0.003367
v -0.091658 0.024697 0.032961
v -0.088400 0.020643 0.035124
v -0.088401 0.073533 0.035094
v -0.176126 0.577988 0.034431
v -0.168096 0.556815 0.027975
v -0.158205 0.560271 0.034725
v -0.157173 0.561410 0.035327
v 0.085978 -0.335999 0.036186
v 0.085916 -0.349270 0.036142
v 0.090859 -0.366011 0.035886
v 0.090815 -0.323809 0.035918
v -0.103683 -0.088890 -0.024135
v -0.101221 -0.093021 -0.027177
v -0.101242 -0.140909 -0.027185
v 0.095892 0.829165 -0.008331
v 0.095837 0.811628 -0.023101
v -0.103778 -0.499888 0.031182
v -0.107757 -0.484303 0.025073
v -0.109240 -0.496922 0.026688
v -0.125539 -0.525729 0.022159
v -0.120766 -0.515162 0.022524
v -0.121861 -0.515555 0.015575
v -0.126239 -0.756020 0.026830
v -0.126277 -0.792238 0.026857
v -0.122927 -0.758709 0.024122
v -0.257910 0.687144 0.021489
v -0.256221 0.678052 0.011271
v -0.253721 0.665835 0.021499
v 0.240485 0.816041 -0.007257
v 0.142543 -0.719439 0.035435
v 0.139698 -0.733332 0.033841
v 0.143851 -0.742325 0.035499
v 0.126015 0.957838 -0.035112
v 0.129509 0.963117 -0.032584
v 0.134917 0.951454 -0.034597
v 0.068545 -0.991643 0.012714
v 0.065069 -0.993344 0.000249
v -0.179449 0.827534 0.035084
v -0.184711 0.813152 0.035635
v -0.178090 0.807917 0.035217
v 0.241740 0.721353 0.026340
v 0.236625 0.714575 0.028897
v 0.237707 0.704266 0.026108
v -0.116030 -0.509310 0.025826
v -0.111269 -0.517379 0.031102
v 0.206430 0.863904 -0.035092
v 0.204235 0.870304 -0.034552
v 0.216370 0.871584 -0.028093
v 0.213799 0.860580 -0.032808
v 0.120009 0.539952 -0.035822
v 0.118152 0.542984 -0.035887
v 0.129165 0.558610 -0.035888
v -0.173571 0.837680 -0.022434
v -0.173230 0.840064 0.000770
v -0.171340 0.824041 -0.015390
v 0.092985 0.269911 0.035437
v 0.097954 0.265243 0.033250
v 0.049511 0.081713 0.036191
v 0.058426 0.044764 0.036158
v 0.066309 0.057783 0.036129
v 0.085521 -0.127502 -0.036557
v 0.090209 -0.131840 -0.036022
v 0.089641 -0.131719 -0.036236
v -0.131454 -0.549706 0.031461
v -0.133900 -0.567201 0.035261
v -0.124554 -0.556151 0.035304
v 0.166128 0.917505 -0.035195
v 0.161165 0.929760 -0.033429
v 0.172415 0.926664 -0.029974
v 0.173691 0.912885 -0.034359
v 0.129072 0.777638 0.035739
v 0.161438 0.770383 0.035743
v -0.216324 0.876052 0.022171
v -0.221961 0.867600 0.006345
v -0.223131 0.863129 0.022402
v -0.015971 0.383480 0.036102
v -0.001158 0.349831 0.036163
v 0.010251 0.392216 0.036109
v 0.160564 0.948654 0.023760
v 0.167693 0.938724 0.024991
v 0.168911 0.939203 0.021713
v -0.214945 0.879467 0.010277
v 0.108980 -0.356913 -0.026056
v 0.112152 -0.330254 -0.022089
v 0.112217 -0.374443 -0.022050
v -0.018164 0.141171 -0.036967
v -0.033009 0.171026 -0.036939
v 0.003107 0.193418 -0.036972
v 0.025802 -0.720479 0.005685
v 0.050377 -0.720329 0.011081
v 0.034382 -0.719750 0.020178
v 0.217922 -0.686769 -0.036224
v 0.239472 -0.685514 -0.036011
v 0.213995 -0.712843 -0.036136
v 0.104575 0.265199 -0.028231
v 0.100032 0.228093 -0.031142
v 0.100210 0.141498 -0.030978
v 0.104619 -0.340805 -0.028531
v 0.104509 -0.373799 -0.028564
v -0.196519 0.898261 -0.015026
v -0.192967 0.897451 -0.011110
v -0.193516 0.896258 -0.022126
v -0.199230 0.898201 -0.018130
v 0.089599 -0.960916 0.035838
v 0.094452 -0.971745 0.035269
v 0.105341 -0.966042 0.035377
v 0.113988 -0.945321 0.035665
v -0.201761 -0.610142 0.011583
v -0.207376 -0.616622 0.022352
v -0.196119 -0.605616 0.022385
v 0.026127 0.048530 0.036257
v 0.113415 -0.001784 0.003290
v 0.112994 0.010872 0.014595
v 0.113096 -0.027197 0.014930
v 0.238270 0.819494 -0.023535
v 0.240493 0.809453 -0.022330
v 0.134468 0.549063 -0.029510
v 0.141753 0.557923 -0.028523
v 0.141777 0.546660 -0.025083
v -0.150849 0.526733 -0.025323
v -0.144443 0.533326 -0.031216
v -0.137319 0.526213 -0.031687
v -0.144254 0.520666 -0.026040
v 0.094204 0.036990 -0.034366
v 0.094182 0.082997 -0.034206
v 0.100275 0.052709 -0.031127
v -0.214835 0.880044 -0.002921
v -0.222077 0.867676 -0.002717
v -0.035878 0.514547 -0.036734
v -0.005632 0.521473 -0.036767
v -0.011813 0.496041 -0.036789
v 0.239509 0.707980 0.021000
v 0.236585 0.693817 0.022850
v 0.222449 -0.633773 -0.024432
v 0.220541 -0.630183 -0.014745
v 0.228614 -0.640701 -0.022823
v -0.228261 -0.662409 0.034849
v -0.229535 -0.668739 0.035360
v -0.220701 -0.654691 0.035122
v -0.227428 -0.651851 0.032004
v 0.025987 -0.718937 0.021679
v 0.041429 -0.719020 0.021948
v 0.002056 0.165430 0.036295
v 0.010351 0.134147 0.036297
v 0.022835 0.169490 0.036249
v -0.073144 0.693582 0.035727
v -0.074757 0.683622 0.035931
v -0.052706 0.693246 0.035710
v 0.085092 0.750476 -0.035958
v 0.096934 0.761743 -0.035993
v 0.107984 0.753010 -0.036214
v -0.230562 -0.666978 -0.035492
v -0.230700 -0.656051 -0.032050
v -0.225002 -0.659960 -0.035244
v 0.244714 -0.699743 0.035576
v 0.256039 -0.702358 0.030093
v 0.256939 -0.690116 0.026835
v -0.091562 0.098683 0.032907
v 0.111604 0.412964 0.023325
v 0.111542 0.363099 0.023448
v 0.112431 0.355300 0.020610
v -0.255661 -0.724024 -0.035567
v -0.253561 -0.716447 -0.035722
v -0.245372 -0.736238 -0.035990
v 0.108810 -0.156101 -0.025800
v 0.112079 -0.114009 -0.021981
v 0.112010 -0.159700 -0.021998
v 0.227442 -0.776441 -0.036093
v 0.212302 -0.743567 -0.036094
v 0.244959 -0.746929 -0.036207
v -0.038068 -0.720245 -0.010493
v -0.011774 -0.720415 -0.005444
v 0.125653 0.772529 -0.036431
v 0.137615 0.794639 -0.036402
v 0.151811 0.775275 -0.036410
v -0.125825 -0.529026 -0.026525
v -0.128777 -0.531305 -0.022755
v -0.122612 -0.519794 -0.021216
v -0.119753 -0.517969 -0.025840
v -0.203060 0.894962 -0.003867
v -0.203674 0.893500 0.012757
v -0.199073 0.898280 0.005191
v -0.199281 0.898368 -0.005160
v 0.040406 -0.966545 0.035735
v 0.066989 -0.960899 0.035841
v 0.051431 -0.947213 0.035618
v -0.084340 0.503817 0.035759
v -0.051184 0.488788 0.035925
v -0.039965 0.539397 0.035907
v -0.087561 0.349779 -0.035867
v -0.087468 0.393031 -0.035967
v -0.084415 0.387312 -0.036450
v 0.031446 -0.193123 -0.036898
v 0.059898 -0.205362 -0.036775
v 0.035934 -0.243648 -0.036841
v 0.011708 -0.237180 -0.036914
v 0.093377 -0.886762 -0.022142
v 0.097541 -0.885184 -0.007232
v 0.108927 -0.883933 -0.005482
v 0.101404 -0.886128 -0.022077
v 0.169690 -0.578322 -0.012359
v 0.170664 -0.579429 0.004188
v 0.177993 -0.586565 -0.011078
v 0.098186 0.288790 0.033281
v 0.105033 0.283192 0.029366
v 0.105161 0.304488 0.029394
v 0.183763 -0.642516 0.035544
v 0.193418 -0.643521 0.035367
v 0.173278 -0.624172 0.035416
v 0.167438 0.584002 0.026300
v 0.169233 0.581503 0.021544
v 0.172337 0.585624 0.023758
v -0.140782 -0.909725 -0.036144
v -0.126867 -0.901103 -0.035859
v -0.126693 -0.925424 -0.036204
v 0.202062 0.747865 0.035753
v 0.217008 0.727746 0.035758
v 0.210893 0.764662 0.035840
v -0.136971 -0.709104 -0.036066
v -0.131470 -0.722302 -0.030478
v -0.142740 -0.723962 -0.036280
v -0.084376 -0.412401 -0.036225
v -0.078111 -0.368102 -0.036389
v -0.078101 -0.427935 -0.036317
v -0.104942 -0.315115 0.015620
v -0.104858 -0.335795 0.015620
v -0.103850 -0.332139 0.022323
v -0.000802 -0.894140 0.027282
v -0.046055 -0.890498 0.024665
v -0.231393 0.635688 -0.031923
v -0.222150 0.628980 -0.034533
v -0.104125 -0.168759 0.022202
v -0.104151 -0.210721 0.022258
v -0.100716 -0.196892 0.026844
v -0.084579 0.257997 -0.036200
v -0.063404 0.234003 -0.036825
v -0.070261 0.197851 -0.036689
v 0.086847 0.994764 -0.015013
v 0.083091 0.989753 -0.010102
v 0.083155 0.989589 0.010414
v 0.086937 0.994541 0.009518
v 0.188331 0.787291 -0.036286
v 0.157458 0.837265 -0.036318
v 0.183489 0.823548 -0.036234
v -0.020245 -0.720535 0.008947
v 0.109423 0.293150 0.026240
v 0.109271 0.273265 0.026226
v 0.111593 0.273431 0.023340
v 0.132094 0.740110 -0.036352
v 0.170603 0.744987 -0.036343
v 0.145797 0.702719 -0.036356
v -0.034210 0.696396 0.035521
v -0.031811 0.675299 0.035912
v -0.020048 0.699867 0.035612
v -0.076864 0.719547 0.005100
v -0.067347 0.719382 0.016753
v -0.061142 0.719749 0.014315
v -0.171489 0.826555 0.000749
v -0.167693 0.797382 -0.011461
v -0.000100 -0.097531 0.036170
v -0.006407 -0.144555 0.036162
v 0.026666 -0.136802 0.036152
v 0.041020 -0.112140 0.036127
v 0.119045 0.490690 0.002838
v 0.122271 0.500507 0.020866
v 0.118266 0.489666 0.020834
v -0.116307 -0.720210 -0.023662
v -0.087358 -0.719223 -0.023238
v -0.097614 -0.720200 -0.021086
v 0.160592 0.919811 -0.035690
v 0.152992 0.914445 -0.036202
v 0.082635 0.966807 -0.035315
v 0.079797 0.957686 -0.033566
v -0.077554 0.494780 -0.036561
v -0.033096 0.475488 -0.036770
v -0.068538 0.474750 -0.036620
v 0.121605 -0.848970 -0.023973
v 0.125942 -0.832200 -0.026692
v 0.126398 -0.854811 -0.026911
v -0.146326 -0.554940 0.001886
v -0.153289 -0.562625 -0.000106
v 0.244034 0.792162 0.003216
v 0.244137 0.790872 -0.006938
v -0.001772 -0.479885 0.035994
v 0.038521 -0.472177 0.035902
v 0.018864 -0.434507 0.035971
v -0.148378 -0.741904 0.035934
v -0.148022 -0.760486 0.035861
v -0.143573 -0.763365 0.035233
v -0.156694 0.734911 0.001907
v -0.156584 0.735377 0.025745
v -0.153219 0.729559 0.014515
v -0.153804 0.730053 -0.001808
v 0.234930 -0.666962 -0.032767
v 0.241809 -0.660620 -0.026964
v 0.247295 -0.666683 -0.026163
v -0.215125 -0.623044 0.010912
v 0.119376 0.936127 0.036321
v 0.122744 0.896200 0.035943
v 0.139796 0.909827 0.036149
v 0.057652 0.405668 0.035956
v 0.068371 0.382911 0.035924
v 0.065628 0.447256 0.035884
v -0.230898 0.817920 0.032884
v -0.237171 0.802153 0.031471
v -0.229900 0.806174 0.035391
v 0.147773 -0.556167 0.025142
v 0.151454 -0.563228 0.026409
v 0.151783 -0.560510 0.022239
v -0.105407 -0.014441 -0.020527
v -0.103762 -0.029705 -0.024202
v -0.105383 -0.034220 -0.020554
v 0.078944 0.960643 -0.016744
v 0.081061 0.950405 -0.030314
v 0.126236 0.957783 0.035279
v 0.134862 0.937051 0.036117
v 0.137016 0.946096 0.034944
v -0.233675 -0.867693 0.035685
v -0.228375 -0.878428 0.034967
v -0.226201 -0.878397 0.035610
v 0.089656 -0.085798 -0.036196
v -0.156080 0.680373 0.035467
v -0.124650 0.654683 0.035598
v -0.134494 0.682507 0.035530
v 0.211475 0.852069 -0.035276
v 0.170883 -0.807245 0.035579
v 0.211049 -0.829762 0.035560
v 0.208870 -0.796560 0.035517
v 0.176473 -0.776448 0.035603
v 0.104905 0.261457 0.029332
v -0.005408 0.236927 0.036247
v 0.005557 0.204544 0.036258
v 0.023070 0.239032 0.036213
v 0.213958 -0.913261 0.026460
v 0.216289 -0.912168 0.020333
v 0.224668 -0.902554 0.025797
v 0.120168 -0.867144 -0.022185
v 0.119798 -0.874457 -0.024322
v 0.118909 -0.874559 -0.010104
v 0.098152 -0.978723 -0.030300
v 0.075226 -0.978329 -0.035431
v 0.088795 -0.973190 -0.035552
v 0.108657 0.074090 -0.026229
v 0.179302 -0.593121 -0.026918
v 0.180091 -0.590170 -0.022555
v 0.188599 -0.598718 -0.022768
v 0.185124 -0.600241 -0.028022
v 0.007807 -0.990315 0.032256
v 0.005722 -0.998136 0.025542
v 0.029753 -0.997016 0.025916
v -0.107025 -0.982040 0.016843
v -0.104121 -0.090515 0.022255
v -0.104096 -0.145490 0.022254
v -0.100676 -0.114429 0.026831
v -0.077505 -0.886191 -0.002149
v -0.073368 -0.887007 0.015157
v -0.065914 -0.886470 0.004230
v -0.065655 -0.700596 -0.036479
v -0.034547 -0.695283 -0.036196
v -0.023641 -0.700545 -0.036374
v 0.059407 0.237099 -0.036763
v 0.077519 0.271850 -0.036671
v 0.077568 0.229757 -0.036667
v -0.117471 -0.889890 0.027928
v -0.114717 -0.897728 0.031548
v -0.113482 -0.893562 0.028427
v -0.157448 0.734378 -0.010402
v 0.052741 -0.898374 -0.031203
v 0.071271 -0.904248 -0.035281
v 0.097076 -0.911419 0.035516
v 0.106589 -0.923382 0.035507
v 0.116849 -0.904232 0.035525
v -0.101893 -0.495419 -0.032277
v -0.096080 -0.500927 -0.035867
v -0.100383 -0.509128 -0.035238
v 0.129209 0.976231 0.021650
v 0.135766 0.971741 0.021289
v 0.150468 0.960720 0.006003
v 0.153222 0.957210 0.021323
v 0.160751 0.950778 0.006568
v -0.259986 0.748255 -0.021491
v -0.258951 0.729646 -0.025704
v -0.260150 0.730568 -0.021810
v 0.176677 0.620024 0.035611
v 0.173355 0.615679 0.035538
v 0.189248 0.619919 0.030542
v -0.255700 0.685519 0.024752
v -0.244847 0.669992 0.030620
v -0.243843 0.682782 0.033988
v 0.113203 -0.230673 -0.016016
v 0.113476 -0.201122 -0.011469
v 0.113437 -0.236870 -0.012000
v 0.121947 0.981858 -0.023603
v 0.124257 0.980802 -0.014257
v 0.136518 0.972287 -0.022628
v -0.105232 0.042715 -0.013587
v -0.104919 0.040514 -0.020458
v -0.105427 0.011276 -0.013629
v -0.110716 0.446136 -0.001292
v -0.112718 0.454616 -0.012540
v -0.106613 0.435325 -0.014288
v -0.047119 -0.701257 0.035504
v -0.060279 -0.705359 0.033879
v -0.032782 -0.705275 0.033863
v 0.102233 0.426096 -0.029604
v 0.104618 0.398177 -0.028150
v 0.100227 0.392237 -0.030911
v -0.130303 0.498594 0.021888
v -0.129443 0.495912 0.015801
v -0.123829 0.484902 0.023451
v 0.115868 -0.564068 -0.036168
v 0.125343 -0.559949 -0.035842
v 0.134542 -0.570050 -0.035490
v -0.101372 0.682349 -0.035557
v -0.090568 0.682684 -0.035469
v 0.241840 -0.805186 0.035710
v 0.254266 -0.807692 0.035417
v 0.256065 -0.790898 0.035089
v 0.067300 -0.096981 0.036060
v 0.085915 -0.123314 0.036170
v 0.085910 -0.080985 0.036199
v 0.237789 0.705997 -0.026246
v 0.241007 0.714238 -0.022033
v 0.238407 0.701540 -0.022411
v 0.048508 -0.961257 -0.036337
v 0.044933 -0.938505 -0.036225
v 0.071349 -0.959711 -0.036195
v 0.098273 0.316120 0.033249
v -0.096815 -0.185648 -0.030343
v -0.095771 -0.225849 -0.030892
v -0.101260 -0.207199 -0.027163
v 0.191057 0.679323 0.035655
v 0.209850 0.672698 0.035400
v 0.216133 0.686303 0.035531
v 0.222302 0.673503 0.030587
v 0.223755 0.662961 0.027017
v 0.228909 0.674070 0.027198
v -0.176123 0.856348 0.009339
v -0.175520 0.847934 0.027942
v 0.037480 0.736003 0.022526
v 0.047953 0.737985 0.022650
v 0.045515 0.737079 0.009438
v -0.152423 -0.922512 -0.036103
v -0.161701 -0.885826 -0.036175
v -0.148735 -0.899109 -0.036173
v -0.078113 0.037987 -0.036463
v -0.070263 0.080792 -0.036732
v -0.063899 0.031862 -0.036924
v 0.099960 -0.311401 -0.031275
v -0.234010 0.841747 -0.002389
v 0.230718 0.840555 0.025425
v 0.232796 0.828690 0.027238
v 0.152231 0.593053 0.035335
v 0.138116 0.579018 0.035589
v 0.140685 0.576513 0.035483
v 0.146428 0.583001 0.035061
v -0.070262 0.143558 -0.036721
v -0.062336 0.135331 -0.036877
v -0.062331 0.098044 -0.036895
v 0.048904 -0.976539 -0.035722
v 0.049439 -0.981157 -0.035663
v 0.034337 -0.983879 -0.036092
v -0.226736 0.834700 0.031367
v -0.224162 0.821758 0.035838
v -0.105408 -0.480214 -0.028134
v 0.093482 -0.701243 0.035647
v 0.109443 -0.701520 0.035554
v 0.093843 -0.694504 0.035573
v -0.252943 -0.861818 -0.026865
v -0.253826 -0.851449 -0.029760
v -0.246449 -0.859138 -0.032755
v 0.085912 -0.053483 0.036143
v 0.090815 -0.053112 0.035899
v 0.086264 -0.029085 0.036158
v -0.087897 0.423391 -0.036175
v -0.084449 0.417350 -0.036616
v -0.264575 -0.821108 0.026873
v -0.263227 -0.833200 0.025517
v -0.260281 -0.824247 0.029293
v -0.231599 -0.693307 0.035351
v -0.204368 -0.711131 0.035308
v -0.216067 -0.687065 0.035431
v 0.121798 0.965562 0.034048
v 0.127474 0.964460 0.032418
v -0.106956 -0.982929 -0.024915
v -0.102222 -0.983411 -0.026909
v -0.099516 -0.985282 -0.021786
v -0.083951 0.413639 0.035726
v -0.081977 0.401098 0.035639
v -0.078831 0.413352 0.035786
v -0.079722 0.427382 0.035659
v -0.101217 0.692417 0.035674
v 0.193207 0.638400 0.035088
v 0.191924 0.631546 0.033611
v 0.199733 0.635427 0.031403
v 0.009285 -0.905912 -0.035977
v 0.018135 -0.904144 -0.035224
v 0.147665 -0.582374 0.035179
v 0.160139 -0.586960 0.031520
v 0.157750 -0.569941 0.026073
v 0.144050 -0.822348 -0.035804
v 0.144606 -0.816065 -0.035720
v 0.155666 -0.817860 -0.036173
v 0.170764 0.640736 0.035619
v 0.161910 0.639428 -0.036160
v 0.188296 0.634725 -0.035944
v 0.180670 0.902220 -0.035522
v 0.190944 0.884845 -0.035453
v 0.134630 -0.534984 0.022146
v 0.137985 -0.541819 0.021833
v 0.138138 -0.540651 0.003541
v 0.133493 -0.531527 0.004528
v -0.258667 -0.732023 0.033558
v -0.256084 -0.751447 0.035551
v -0.252331 -0.722627 0.035514
v 0.018178 0.618596 0.035905
v 0.015260 0.076027 -0.036959
v 0.032941 0.095736 -0.036909
v 0.040180 0.044815 -0.036870
v 0.230438 0.783787 0.035544
v 0.230443 0.788757 0.035411
v -0.224963 -0.635262 -0.024778
v -0.222582 -0.637572 -0.028257
v -0.233220 -0.647332 -0.026844
v -0.207208 -0.619318 0.026928
v -0.195535 -0.615117 0.030777
v -0.201496 -0.612165 0.025682
v 0.217152 0.875311 -0.022964
v 0.223777 0.864012 -0.022778
v 0.073364 -0.650148 -0.036409
v 0.029640 -0.654963 -0.036457
v 0.067093 -0.607125 -0.036474
v -0.221167 -0.897121 0.031901
v -0.215507 -0.907973 0.029219
v -0.211989 -0.901533 0.035313
v -0.086846 0.656359 -0.036274
v -0.037586 -0.997416 0.021108
v -0.031369 -0.998526 0.013272
v -0.026508 -0.998639 0.021034
v -0.094924 -0.986084 0.004582
v -0.083357 -0.989869 -0.000490
v -0.103631 0.288017 0.022139
v -0.104718 0.254590 0.015632
v -0.103669 0.240005 0.022044
v -0.117217 -0.880529 0.015193
v -0.113204 -0.884049 0.022985
v -0.110691 -0.883592 0.003665
v -0.123060 -0.976294 -0.026607
v 0.054574 -0.265285 -0.036738
v 0.071311 -0.253067 -0.036731
v 0.077616 -0.284249 -0.036723
v -0.084274 -0.233980 -0.036282
v -0.084714 -0.190677 -0.036341
v -0.072223 -0.222223 -0.036688
v -0.221055 0.607940 0.025576
v -0.212948 0.600393 0.026641
v -0.123077 0.709390 -0.022477
v -0.121014 0.714309 -0.018956
v -0.112575 0.709675 -0.021548
v -0.245672 -0.869554 -0.029359
v -0.170160 -0.594573 0.032354
v -0.169906 -0.602882 0.035073
v -0.157677 -0.592408 0.035410
v -0.105210 -0.346104 0.007627
v -0.104687 -0.372762 0.015619
v 0.154292 -0.958733 0.026115
v 0.171401 -0.949326 0.021497
v 0.166768 -0.951419 0.026327
v -0.147200 -0.560907 -0.027672
v -0.138280 -0.553889 -0.029695
v -0.145089 -0.576260 -0.035417
v -0.231925 0.841036 0.025652
v -0.169674 -0.951353 0.025904
v -0.156567 -0.958760 0.026127
v -0.153667 -0.947610 0.034781
v -0.173154 -0.948419 0.026145
v -0.145565 0.554507 -0.035573
v -0.150891 0.555089 -0.035479
v -0.141660 0.571366 -0.036195
v 0.112802 -0.036483 0.020320
v -0.105585 0.414035 0.000724
v -0.104684 0.412667 -0.021477
v -0.105327 0.395328 -0.001566
v 0.085913 0.323491 0.036164
v 0.085910 0.280579 0.036145
v 0.090855 0.270978 0.035890
v -0.103689 -0.368525 0.022314
v 0.082810 0.986446 0.028974
v 0.085409 0.991912 0.023237
v 0.081742 0.986362 0.023357
v 0.210887 0.854053 0.035462
v 0.202889 0.835501 0.035908
v 0.221346 0.832778 0.035396
v 0.230659 0.671853 0.001995
v 0.231624 0.674894 0.001589
v 0.235754 0.686116 0.006377
v 0.084425 0.991391 -0.027053
v 0.186264 -0.938400 -0.023012
v 0.180171 -0.943954 -0.022274
v -0.148695 0.723911 -0.022530
v -0.214201 0.879257 -0.021251
v -0.221854 0.866594 -0.022408
v 0.165455 0.909802 0.036034
v 0.148373 0.917790 0.035990
v -0.169098 0.573152 0.035238
v -0.160382 0.578060 0.035452
v 0.064304 -0.468231 0.035850
v 0.081337 -0.473716 0.035941
v 0.082007 -0.457380 0.035923
v -0.037152 -0.695948 0.035429
v -0.010000 -0.701089 0.035573
v 0.000553 -0.696245 0.035447
v 0.156159 0.893713 0.036076
v 0.152162 0.856553 0.035838
v 0.169662 0.864140 0.035888
v 0.108893 0.019410 -0.025968
v -0.105263 -0.442917 -0.021232
v -0.103840 -0.450820 -0.024976
v -0.105441 -0.451306 -0.021375
v 0.236980 -0.683402 0.035585
v 0.245000 -0.679985 0.030446
v -0.196642 0.573340 -0.021130
v -0.194846 0.571642 -0.023006
v -0.188678 0.565719 -0.021841
v -0.185978 0.561835 -0.003941
v -0.188554 0.872799 0.035101
v -0.183514 0.873617 0.033555
v -0.188540 0.880049 0.033506
v -0.034603 0.418251 -0.036835
v 0.007841 0.403216 -0.036860
v -0.004417 0.362616 -0.036888
v 0.130240 0.969749 -0.029692
v 0.128694 0.976496 -0.027297
v 0.140763 0.967583 -0.026163
v -0.105194 -0.280712 -0.020529
v -0.105631 -0.277804 -0.002903
v -0.175984 0.852172 -0.023431
v -0.175186 0.842311 -0.028418
v -0.120719 -0.738287 -0.005544
v -0.120170 -0.722943 -0.013023
v -0.119893 -0.726671 -0.005934
v -0.218052 0.789357 0.035771
v -0.195520 0.783827 0.035639
v -0.202628 0.816145 0.035975
v -0.259057 -0.803335 0.033751
v -0.255193 -0.804391 0.035408
v -0.255700 -0.794212 0.035369
v -0.261012 -0.775708 0.034963
v 0.189655 0.915182 -0.026523
v 0.192861 0.915010 -0.021786
v 0.193829 0.910600 -0.026021
v -0.068956 0.190454 0.036212
v -0.061025 0.171608 0.036257
v -0.060969 0.216457 0.036247
v -0.207866 0.887075 0.022622
v -0.035461 -0.382582 -0.036813
v -0.036140 -0.336400 -0.036858
v -0.006247 -0.360165 -0.036853
v -0.274783 -0.754107 -0.024837
v -0.271555 -0.737435 -0.025681
v -0.273586 -0.754419 -0.026890
v 0.129415 -0.523139 0.022248
v 0.131325 -0.528719 0.025293
v 0.246696 0.777730 0.002562
v 0.246616 0.777155 -0.007472
v -0.092697 -0.985285 0.026128
v 0.244001 0.729597 0.021542
v 0.094108 -0.119014 -0.034401
v 0.094065 -0.170428 -0.034375
v 0.089640 -0.151645 -0.036271
v -0.231878 -0.896073 0.026002
v -0.221336 -0.887816 0.035358
v 0.109889 0.472605 0.025572
v 0.105519 0.467716 0.028330
v 0.111322 0.462097 0.023763
v -0.092610 -0.984104 -0.028697
v -0.182833 0.587300 0.035194
v 0.260888 -0.695514 -0.022970
v 0.264508 -0.706502 -0.011291
v 0.266501 -0.714372 -0.023048
v 0.095206 0.990620 -0.030744
v 0.097967 0.994118 -0.027787
v 0.107042 0.989484 -0.027906
v -0.176993 0.840972 0.032116
v -0.174484 0.834131 0.029925
v 0.103336 0.939536 0.035832
v 0.104284 0.962253 0.036115
v -0.035746 -0.359545 0.036092
v -0.034088 -0.392004 0.036056
v -0.001234 -0.390012 0.036047
v -0.194333 -0.672038 0.035442
v -0.170436 -0.709493 0.035462
v -0.165714 -0.686378 0.035458
v 0.146023 -0.963619 0.014365
v 0.158988 -0.957623 0.001220
v 0.156533 -0.958047 0.017982
v -0.247612 0.805034 -0.001269
v -0.253025 0.785632 -0.008020
v 0.269419 -0.810344 0.021119
v 0.270322 -0.799040 0.024489
v 0.266400 -0.817361 0.025569
v 0.142783 -0.964303 0.026037
v 0.155234 -0.955818 0.028366
v 0.238033 0.780226 0.031131
v 0.231805 0.808169 0.032692
v -0.271921 -0.728171 0.010931
v -0.266183 -0.709557 0.003480
v -0.271451 -0.725879 -0.001113
v 0.188184 0.849058 -0.036208
v 0.197972 0.862337 -0.036026
v 0.203094 0.849789 -0.036153
v 0.066667 -0.137204 0.036064
v 0.038632 -0.173780 0.036126
v 0.067237 -0.169123 0.036008
v 0.125393 -0.522499 -0.027038
v 0.118132 -0.506249 -0.027157
v 0.123246 -0.512165 -0.025753
v -0.275488 -0.778892 -0.021371
v -0.273999 -0.782865 -0.026649
v -0.273237 -0.793834 -0.024519
v -0.273507 -0.793872 -0.021504
v -0.100490 -0.394399 0.026649
v -0.095720 -0.399406 0.029666
v -0.095662 -0.350370 0.029825
v -0.100470 -0.356686 0.026668
v 0.228694 -0.667952 -0.035795
v -0.207607 0.584968 -0.023218
v -0.197776 0.578300 -0.026050
v 0.049260 -0.890358 -0.025802
v 0.078604 -0.890104 -0.025964
v 0.079887 -0.893484 -0.027612
v 0.137660 -0.735715 -0.032938
v 0.141578 -0.721132 -0.035643
v 0.144013 -0.726875 -0.035941
v 0.118501 0.656534 -0.036393
v 0.150575 0.678802 -0.036306
v 0.109592 -0.199059 0.026283
v 0.111917 -0.248520 0.023280
v 0.111831 -0.165720 0.023199
v -0.252057 -0.707399 -0.035599
v -0.255450 -0.713707 -0.034184
v -0.254672 0.665024 0.003252
v -0.251549 0.658680 -0.022239
v -0.249847 0.651400 -0.002697
v 0.177430 -0.631127 -0.035958
v -0.001017 0.099493 -0.036988
v 0.009800 0.149467 -0.036971
v 0.015207 0.115238 -0.036957
v 0.131201 -0.821607 -0.029492
v 0.131469 -0.783908 -0.029461
v 0.137870 -0.822120 -0.033308
v -0.251748 0.675139 -0.028925
v -0.256697 0.687661 -0.027504
v -0.246628 0.675944 -0.032380
v 0.187411 0.917292 0.024350
v 0.188859 0.910029 0.027562
v 0.194021 0.909585 0.024334
v 0.268817 -0.725692 0.022256
v 0.268847 -0.735397 0.026013
v 0.270620 -0.742752 0.023482
v -0.123656 -0.569860 -0.035990
v -0.104548 -0.557366 -0.036250
v -0.103493 -0.584501 -0.036237
v -0.084282 0.104724 0.035793
v -0.084413 0.065435 0.035783
v -0.081443 0.101255 0.035678
v -0.131492 0.501243 -0.022700
v -0.142005 0.513741 -0.002243
v -0.137135 0.508917 -0.024455
v -0.077282 -0.451264 0.035794
v -0.081035 -0.439756 0.035631
v -0.080174 -0.471486 0.035671
v -0.180219 -0.601139 -0.030989
v -0.177089 -0.593073 -0.028707
v -0.162744 -0.594562 -0.035295
v 0.109162 -0.883753 0.004639
v 0.115469 -0.880957 0.019607
v 0.115553 -0.880720 -0.006095
v -0.200023 0.581252 0.024550
v -0.192567 0.571043 0.023402
v -0.182106 0.574050 0.029384
v -0.103711 -0.402048 0.022298
v -0.100643 -0.426702 0.026443
v -0.254292 0.665952 0.016448
v -0.105142 -0.021835 0.015619
v -0.105525 -0.004146 0.007690
v -0.105617 -0.038456 0.007690
v -0.058968 -0.986493 0.031083
v -0.057638 -0.991080 0.027401
v -0.044608 -0.991836 0.027912
v 0.201647 -0.926679 -0.016327
v 0.206536 -0.922819 -0.005580
v 0.201439 -0.927639 0.004969
v 0.224857 -0.903155 -0.025170
v 0.223941 -0.904876 -0.010438
v 0.216108 -0.913212 -0.011593
v 0.218524 -0.909354 -0.025622
v 0.156355 -0.593060 0.035276
v 0.172526 -0.596022 0.030361
v -0.245649 0.640657 -0.021827
v -0.244852 0.637027 -0.001885
v 0.117703 -0.726891 0.001729
v 0.119213 -0.734191 -0.004663
v 0.118689 -0.734563 0.019443
v 0.117339 -0.727188 0.021055
v -0.084841 0.159522 -0.036182
v -0.081450 0.135970 -0.036331
v -0.101771 -0.516105 -0.035768
v -0.108667 -0.514397 -0.032093
v -0.014990 0.141974 0.036292
v -0.103722 -0.153465 -0.024089
v -0.103646 -0.206847 -0.024060
v -0.105441 -0.161294 -0.020465
v -0.104011 0.714348 -0.018812
v -0.107235 0.716232 -0.014772
v -0.098535 0.716742 -0.014571
v -0.144238 0.722538 0.023387
v -0.147252 0.721243 0.027175
v -0.139466 0.719351 0.024733
v -0.143985 0.722069 0.020828
v -0.124202 -0.714194 0.027849
v -0.129254 -0.710433 0.031716
v -0.134917 -0.721079 0.032335
v -0.215464 0.599600 -0.027209
v -0.204173 0.601994 -0.033145
v -0.202838 0.590320 -0.028664
v -0.071690 0.685328 -0.035742
v -0.070365 0.688954 -0.034639
v -0.055576 0.690637 -0.035600
v 0.108924 -0.321906 -0.026033
v 0.112099 -0.318001 -0.022105
v -0.102954 0.394415 -0.024869
v -0.102782 0.362347 -0.024675
v -0.104383 0.376922 -0.021198
v 0.088284 0.772453 0.021550
v 0.093340 0.776268 0.019259
v 0.086174 0.771792 0.004697
v 0.095409 0.810136 0.004042
v 0.095668 0.788471 -0.027768
v 0.095536 0.791585 -0.001738
v 0.244441 -0.698794 -0.035690
v 0.247470 -0.693915 -0.033748
v 0.250716 -0.706204 -0.034148
v -0.023317 0.098994 0.036295
v -0.034041 0.058907 0.036289
v 0.002057 0.091020 0.036302
v 0.092428 0.469416 -0.036180
v 0.103274 0.468564 -0.029384
v 0.097396 0.456875 -0.032761
v 0.173684 -0.586060 0.026084
v 0.165557 -0.576948 0.025497
v -0.084812 -0.268874 -0.036198
v -0.105111 0.242122 0.007701
v -0.105365 0.214774 -0.001887
v -0.105129 0.195915 0.007669
v -0.227488 0.849498 0.026586
v -0.229962 0.847801 0.022303
v 0.181700 -0.939811 -0.027236
v 0.179099 -0.943463 -0.026245
v 0.027240 -0.719382 -0.022374
v 0.042098 -0.712609 -0.028164
v 0.059630 -0.719250 -0.022527
v -0.129211 0.525171 -0.035014
v -0.136165 0.536251 -0.035590
v -0.123053 0.520841 -0.035754
v -0.106070 0.490272 0.035428
v -0.103645 0.477990 0.034743
v -0.099701 0.477309 0.035478
v -0.098455 0.502806 0.035574
v 0.175975 0.922213 0.028613
v 0.181418 0.923316 0.024798
v 0.219287 0.846857 -0.033019
v 0.226620 0.851524 -0.027717
v 0.227057 0.829652 -0.031416
v 0.219817 0.826488 -0.035578
v -0.100309 0.307864 0.026689
v -0.100445 0.289510 0.026443
v 0.077447 0.968151 0.023387
v 0.077734 0.967891 0.002077
v 0.078293 0.959200 0.022071
v 0.075644 -0.690998 0.035580
v 0.064281 -0.683123 0.035544
v 0.050021 -0.695132 0.035428
v 0.166514 -0.774484 -0.036158
v 0.183241 -0.754384 -0.036214
v 0.186113 -0.795594 -0.036180
v -0.089243 -0.976174 0.033792
v -0.075786 -0.980054 0.034073
v 0.105987 0.514491 -0.035925
v 0.108053 0.524766 -0.035969
v 0.111895 0.526209 -0.036004
v -0.197674 0.574581 0.009003
v 0.228271 0.857614 -0.010700
v -0.239371 0.766679 0.035616
v -0.234997 0.747846 0.035459
v -0.228727 0.775639 0.035543
v -0.235441 0.754467 -0.035641
v -0.228477 0.773274 -0.035672
v -0.218668 0.767877 -0.036008
v -0.229039 -0.902786 0.021240
v -0.232324 -0.899823 -0.000615
v -0.221854 -0.910537 0.003553
v 0.113376 0.078198 -0.008233
v 0.113403 0.044058 -0.007394
v -0.018141 -0.175892 0.036162
v -0.002262 -0.207417 0.036169
v 0.006245 -0.174066 0.036172
v -0.031070 -1.000066 -0.021614
v -0.004431 -0.999103 -0.025883
v 0.149530 0.943078 -0.033058
v 0.148857 0.954146 -0.028772
v 0.159944 0.943659 -0.028717
v 0.127767 -0.973076 -0.022401
v 0.125479 -0.972248 -0.026372
v 0.136936 -0.967908 -0.025527
v 0.141371 -0.966676 -0.022091
v -0.056166 -0.890868 -0.025401
v -0.020671 -0.890775 -0.025343
v -0.043644 -0.894535 -0.027802
v -0.138501 0.714166 -0.024880
v -0.131284 0.717718 -0.020069
v 0.253951 -0.749494 -0.035826
v 0.255484 -0.783817 -0.035893
v 0.245245 -0.770015 -0.036224
v -0.144147 -0.823090 -0.036048
v -0.143480 -0.823343 -0.036220
v -0.144103 -0.843045 -0.035998
v -0.097347 0.430024 -0.030660
v -0.093418 0.411722 -0.032436
v -0.100611 0.404229 -0.027299
v -0.250646 -0.863350 0.026421
v -0.251298 -0.865534 0.022617
v -0.246819 -0.869867 0.026768
v -0.096466 0.713946 -0.019213
v -0.076019 0.703217 -0.026698
v -0.091780 0.695004 -0.029672
v 0.119017 -0.741479 0.016763
v -0.246105 -0.764434 -0.036100
v -0.201151 -0.746494 -0.036063
v -0.214091 -0.787913 -0.036107
v 0.234035 0.686001 0.026283
v 0.116035 -0.721741 -0.022263
v 0.121276 -0.719851 -0.025711
v 0.123361 -0.726653 -0.026083
v 0.119003 -0.726438 -0.022263
v -0.260959 -0.847045 -0.021959
v -0.259778 -0.846552 -0.026154
v -0.257267 -0.855529 -0.023959
v 0.130311 -0.528608 -0.025953
v 0.136576 -0.538104 -0.022179
v 0.133433 -0.538368 -0.027164
v 0.020940 0.731240 -0.021988
v 0.030988 0.733243 -0.023087
v 0.026040 0.731565 -0.026325
v -0.161202 -0.572525 0.023828
v -0.166679 -0.579650 0.026081
v -0.152968 -0.573185 0.030562
v 0.127388 0.539955 -0.030292
v 0.120847 0.532484 -0.032757
v -0.101790 -0.886299 -0.021642
v -0.101507 -0.885225 -0.006670
v -0.094113 -0.885700 -0.005939
v -0.089716 -0.887046 -0.021634
v 0.074168 0.233088 0.036074
v 0.085913 0.223564 0.036150
v -0.252403 0.786800 -0.021882
v -0.253408 0.777305 -0.025651
v -0.255461 0.774786 -0.022860
v -0.099808 -0.708257 -0.031506
v -0.088248 -0.702233 -0.036405
v -0.070018 -0.709273 -0.030942
v -0.224488 -0.823283 -0.036097
v -0.200518 -0.818701 -0.036154
v -0.225077 -0.863672 -0.036150
v -0.003063 0.705162 0.035559
v 0.005917 0.689249 0.035844
v 0.028025 0.712068 0.035661
v -0.058599 -0.995636 -0.009568
v -0.044146 -0.997824 -0.013661
v -0.054741 -0.996300 0.000534
v -0.222835 -0.631393 -0.002042
v -0.234425 -0.644555 -0.007696
v -0.236527 -0.646716 0.005175
v -0.275402 -0.755091 -0.019201
v -0.275629 -0.758818 -0.021059
v -0.276430 -0.764801 -0.001292
v 0.089602 -0.419093 -0.036212
v 0.094159 -0.396757 -0.034378
v 0.094148 -0.436709 -0.034294
v -0.105711 0.432629 0.022118
v -0.104240 0.410112 0.022190
v -0.100938 0.410076 0.026496
v -0.101191 0.430515 0.026982
v 0.098282 -0.241898 0.033242
v 0.105218 -0.250231 0.029431
v 0.105228 -0.221115 0.029331
v 0.165146 0.596370 -0.031732
v 0.153260 0.594653 -0.035898
v -0.225470 0.610665 0.024373
v -0.228364 0.617080 0.025321
v -0.239294 0.678188 0.035534
v 0.094172 0.775595 0.027835
v 0.088032 0.770237 0.027458
v -0.105372 -0.073439 -0.020549
v -0.105361 -0.096820 -0.020505
v -0.219873 0.833499 0.036122
v -0.033750 0.332814 -0.036882
v 0.009331 0.324520 -0.036899
v -0.140191 -0.937294 0.035721
v -0.134903 -0.949610 0.035598
v -0.115529 -0.949153 0.035740
v 0.231937 -0.643593 -0.011533
v 0.238182 -0.652670 -0.022769
v -0.034988 0.713943 -0.026992
v -0.021542 0.714282 -0.028836
v -0.023018 0.700934 -0.035666
v -0.031920 0.700170 -0.034514
v 0.105977 0.477007 -0.028067
v 0.109638 0.476077 -0.025850
v -0.227545 0.663803 0.035262
v -0.211648 0.693929 0.035341
v 0.106233 0.564190 0.035778
v 0.089709 0.548739 0.035834
v 0.116668 0.537315 0.035553
v 0.120991 0.544732 0.035457
v 0.179838 0.627144 0.035592
v 0.187186 0.635585 0.035577
v 0.179621 0.653245 0.035665
v 0.078098 -0.053801 0.036047
v 0.143159 0.966770 0.009911
v 0.154106 0.957789 -0.007589
v -0.087709 -0.235031 -0.035827
v -0.090407 -0.265424 -0.034268
v 0.252639 -0.864363 0.002174
v 0.108770 0.120263 -0.025837
v 0.111828 0.102865 -0.022123
v 0.015308 -0.928951 -0.036215
v 0.080913 -0.924546 -0.036073
v -0.178650 -0.589029 0.022437
v -0.169745 -0.579512 0.015733
v -0.185119 -0.595275 0.022541
v -0.066868 0.718445 -0.019629
v -0.073631 0.719343 -0.008466
v -0.063468 0.719173 -0.014396
v -0.121029 0.633255 -0.036231
v -0.068549 0.619598 -0.036485
v -0.074188 0.007180 -0.036651
v -0.062014 -0.024753 -0.036950
v -0.088400 0.246239 0.034979
v -0.084347 0.199340 0.035770
v -0.084247 0.269087 0.035796
v -0.088254 0.269187 0.035050
v 0.116152 0.780863 0.035518
v 0.118259 0.753964 0.035825
v 0.031729 -0.026221 -0.036895
v 0.046418 0.013533 -0.036856
v 0.057969 -0.025287 -0.036732
v 0.223053 0.656044 -0.022763
v 0.215862 0.640594 -0.022051
v 0.219312 0.651773 -0.026395
v 0.159034 -0.654461 -0.036124
v 0.181791 -0.655526 -0.036007
v 0.159912 -0.695631 -0.036202
v -0.100669 -0.164546 0.026732
v 0.108747 0.419581 -0.025818
v -0.154134 -0.961828 0.011583
v -0.152068 -0.963642 -0.013975
v -0.147283 -0.966225 0.001296
v 0.038750 0.733663 -0.027402
v 0.044724 0.736009 -0.023099
v 0.046933 0.737176 -0.027574
v 0.173004 -0.909595 -0.035936
v 0.188681 -0.907932 -0.035760
v 0.181141 -0.922276 -0.035541
v -0.245151 0.722637 0.034988
v -0.252010 0.713758 0.029608
v -0.245005 0.706224 0.034968
v 0.183265 0.776351 0.035729
v 0.089958 0.997581 -0.008134
v 0.094520 0.997840 -0.001526
v 0.094132 0.997606 -0.022786
v -0.143517 -0.877972 -0.036022
v -0.140179 -0.878450 -0.035561
v -0.136673 -0.890355 -0.035781
v -0.213972 -0.857103 0.035630
v -0.213641 -0.887481 0.035526
v 0.048164 0.738211 0.018744
v 0.061574 0.750549 0.022628
v -0.245534 0.646292 -0.026017
v -0.240076 0.639782 -0.028158
v -0.100629 0.310830 -0.027164
v -0.096407 0.355267 -0.030107
v -0.096372 0.316244 -0.030214
v 0.006516 -0.886711 -0.013689
v 0.022237 -0.886179 -0.006655
v 0.040211 -0.886407 -0.011927
v 0.267830 -0.766433 0.028885
v 0.267568 -0.745683 0.028325
v -0.104280 -0.467719 -0.025866
v -0.106656 -0.468779 -0.021212
v -0.120644 -0.734852 0.020971
v -0.121258 -0.742304 0.018372
v -0.120808 -0.741599 0.003169
v -0.119523 -0.726686 0.003110
v 0.059845 0.637079 0.035804
v -0.088378 0.391492 0.034986
v -0.084270 0.382165 0.035804
v -0.083830 0.390833 0.035778
v -0.005369 -0.719120 -0.023117
v 0.018433 -0.702548 -0.036116
v 0.018934 -0.712690 -0.028085
v 0.272087 -0.755910 0.024203
v 0.272483 -0.769518 0.017386
v 0.273437 -0.754445 0.002447
v -0.149350 -0.580446 0.034216
v -0.141322 -0.576803 0.035236
v -0.061045 0.063761 0.036303
v -0.061217 0.019622 0.036288
v -0.045871 0.021874 0.036255
v 0.070672 0.573771 -0.036535
v 0.065875 0.614129 -0.036563
v 0.100420 0.593363 -0.036302
v 0.113231 -0.168461 -0.015503
v 0.113497 -0.175279 -0.008169
v 0.112691 -0.363161 0.020436
v 0.112495 -0.448813 0.020900
v 0.112901 -0.401146 0.014609
v 0.119821 -0.842675 -0.004621
v 0.120412 -0.847476 -0.018995
v 0.119253 -0.866598 -0.003171
v 0.241837 0.796777 0.025320
v 0.244281 0.776102 0.025870
v 0.245418 0.777424 0.021301
v 0.243633 0.788504 0.021650
v 0.160027 -0.949697 0.030613
v 0.270852 -0.808832 -0.007255
v 0.261750 -0.839503 0.002199
v 0.261768 -0.838580 -0.009968
v -0.002385 0.727902 0.020601
v -0.000083 0.726097 0.026374
v 0.010170 0.730375 0.022554
v 0.230961 0.744446 0.035342
v 0.225241 0.718335 0.035374
v 0.074161 0.350339 0.036029
v 0.070238 0.303747 0.036050
v 0.134943 -0.964563 0.028185
v 0.184824 -0.594467 0.021648
v 0.191880 -0.601018 0.013817
v 0.192218 -0.600558 0.002685
v 0.184203 -0.592623 0.003465
v 0.143517 -0.802891 0.035620
v 0.149892 -0.807531 0.035511
v 0.116724 -0.716202 -0.026199
v 0.119570 -0.712665 -0.029101
v 0.123112 -0.714921 -0.028306
v 0.100547 -0.452531 -0.030997
v 0.109262 -0.458539 -0.025994
v 0.109768 -0.468526 -0.026346
v 0.102479 -0.481577 -0.032279
v 0.113089 0.408117 0.003216
v 0.113232 0.331880 0.003284
v 0.113253 0.347503 -0.007661
v 0.113213 -0.296559 -0.015335
v 0.113452 -0.346470 -0.012566
v -0.201899 0.594285 0.029237
v -0.208187 0.608450 0.032498
v -0.022602 -0.599345 0.035908
v -0.032849 -0.629079 0.035830
v 0.009406 -0.620971 0.035843
v 0.065171 0.439861 -0.036642
v 0.077085 0.475297 -0.036556
v 0.077485 0.428130 -0.036620
v 0.092193 0.984212 0.034540
v 0.110900 0.979448 0.030587
v 0.097715 0.988503 0.030422
v -0.174578 0.796830 0.034356
v -0.175732 0.820412 0.033421
v 0.246006 0.736700 0.001513
v 0.244906 0.729977 -0.007979
v -0.128207 0.557936 -0.036273
v -0.111050 0.597902 -0.036360
v -0.095883 0.554138 -0.036405
v -0.105548 -0.441342 -0.003224
v -0.105419 -0.449498 0.006857
v 0.101434 0.973553 -0.035627
v 0.109938 0.971890 -0.034805
v 0.112561 0.966886 -0.035543
v -0.020457 0.721624 -0.024189
v -0.005077 0.716759 -0.029542
v 0.120929 0.506026 0.025166
v 0.124926 0.507814 0.022863
v 0.127610 0.518285 0.024404
v 0.102418 -0.884597 0.005919
v -0.233236 0.622434 0.024608
v -0.232697 0.631872 0.027591
v -0.180427 0.880762 -0.011551
v -0.178516 0.873920 0.000644
v -0.178680 0.872399 -0.022587
v -0.118064 -0.534427 0.032432
v -0.110528 -0.531614 0.034754
v 0.248257 -0.671512 -0.027204
v 0.250238 -0.670819 -0.022516
v 0.253990 -0.680211 -0.023446
v 0.254002 -0.682244 -0.026936
v 0.147248 0.551486 0.018173
v -0.176338 0.857547 -0.012383
v -0.104975 0.171747 -0.013236
v -0.104704 0.142339 -0.020731
v -0.105203 0.105243 -0.013478
v -0.252969 -0.675511 0.009444
v -0.256364 -0.682072 -0.003313
v -0.257934 -0.687481 0.021805
v 0.089589 -0.705330 0.033716
v 0.071903 -0.708794 0.030195
v 0.101492 -0.709183 0.030265
v 0.008608 -0.561346 -0.036632
v 0.037673 -0.537649 -0.036550
v 0.055943 -0.566730 -0.036481
v 0.267893 -0.718332 0.002217
v 0.264772 -0.711089 0.026204
v 0.269979 -0.727299 0.005462
v 0.202333 -0.923735 0.026975
v 0.201298 -0.926809 0.022478
v 0.209090 -0.919645 0.025074
v -0.174367 -0.950122 -0.026823
v -0.153885 -0.961858 -0.025491
v -0.158458 -0.960191 -0.021694
v 0.090197 0.997161 0.014373
v -0.043577 -0.984426 -0.035554
v -0.027910 -0.985023 -0.035921
v -0.042522 -0.993298 -0.028871
v 0.082033 0.768900 -0.008792
v 0.073028 0.761538 0.009469
v -0.065823 -0.475368 -0.036596
v -0.070237 -0.406984 -0.036568
v -0.062293 -0.432573 -0.036659
v -0.181978 0.877342 -0.029671
v -0.179832 0.877341 -0.023448
v -0.179496 0.866671 -0.029936
v 0.208972 -0.619958 -0.024655
v 0.215231 -0.625884 -0.022926
v 0.210710 -0.624369 -0.027337
v -0.061231 -0.961384 0.035986
v -0.054612 -0.968739 0.035958
v -0.030019 -0.956861 0.035762
v 0.032566 -0.987689 0.033288
v 0.039531 -0.995692 0.026054
v 0.050540 -0.986802 0.032124
v -0.154362 -0.708743 0.035651
v -0.149005 -0.729718 0.035836
v 0.173499 -0.608783 -0.034874
v 0.185833 -0.611587 -0.032151
v 0.181451 -0.616911 -0.034989
v 0.170102 -0.609057 -0.035600
v 0.023200 0.729618 -0.026837
v 0.119784 -0.775953 0.007735
v 0.119526 -0.767626 0.015620
v -0.144129 -0.818951 0.035534
v -0.138148 -0.844616 0.033240
v -0.138178 -0.807263 0.033080
v 0.255456 -0.760177 -0.035892
v 0.259134 -0.753118 -0.034205
v 0.261016 -0.755503 -0.033299
v 0.077675 -0.579365 0.035649
v 0.094868 -0.591908 0.035844
v 0.083441 -0.550995 0.035512
v -0.257152 -0.855812 -0.014777
v -0.260456 -0.847834 -0.014462
v -0.250095 0.667080 0.026213
v -0.239252 0.654210 0.030400
v -0.237241 0.665247 0.035356
v -0.103747 0.203019 0.022043
v -0.104831 0.214772 0.015621
v -0.104820 0.180029 0.015627
v -0.103716 0.181528 0.022040
v 0.128068 -0.517924 -0.011528
v 0.124992 -0.510008 0.003470
v -0.088485 -0.238594 0.034977
v -0.084381 -0.258689 0.035687
v -0.084445 -0.226361 0.035691
v 0.151480 0.959303 -0.022554
v 0.144905 0.965797 -0.024710
v 0.142110 0.968095 -0.022738
v 0.212341 -0.868117 -0.036090
v 0.227429 -0.851073 -0.036126
v -0.096517 0.138324 -0.030267
v -0.090587 0.167460 -0.034193
v -0.090512 0.144677 -0.034217
v 0.115635 -0.478159 0.017670
v 0.116532 -0.487618 0.024300
v 0.118177 -0.493946 0.021209
v -0.237097 -0.663098 0.030546
v -0.242625 -0.674873 0.031235
v -0.235014 -0.670958 0.033948
v -0.101770 0.699181 -0.027466
v 0.225100 0.863888 0.003843
v 0.225319 0.861755 0.020349
v 0.228867 0.856046 0.006914
v 0.112994 0.057925 0.014676
v 0.112599 0.089282 0.020505
v 0.112692 0.026788 0.020407
v 0.228927 0.670366 0.021518
v 0.223940 0.658902 0.022022
v 0.225907 0.661375 0.014033
v 0.097576 0.906556 -0.029976
v 0.095728 0.913463 -0.034461
v 0.099626 0.904523 -0.034540
v -0.236007 0.719131 -0.035812
v -0.220003 0.744744 -0.036062
v -0.218554 0.710241 -0.036026
v 0.157016 -0.873662 -0.036059
v 0.175313 -0.884111 -0.036002
v 0.153405 -0.895958 -0.035973
v -0.271141 -0.727791 -0.022452
v -0.243406 0.743981 0.035330
v 0.138133 -0.842624 -0.033410
v 0.143295 -0.826390 -0.035864
v 0.143243 -0.834803 -0.035881
v -0.263849 -0.710690 0.026756
v -0.263268 -0.703730 0.022663
v -0.268924 -0.721722 0.022321
v -0.265120 -0.721618 0.028350
v 0.199406 0.868926 -0.035718
v 0.196970 0.878224 -0.034990
v 0.112842 0.423747 -0.015636
v 0.113089 0.419841 -0.007641
v 0.112977 0.361166 -0.015621
v -0.104912 0.289980 -0.013308
v -0.104526 0.304626 -0.020914
v -0.104573 0.246019 -0.020830
v -0.017626 -0.926382 -0.036116
v 0.002298 -0.960707 -0.036391
v 0.113105 0.146201 -0.015463
v 0.113072 0.099045 -0.015622
v 0.111870 0.155660 -0.021958
v -0.101788 0.436525 0.027066
v -0.095558 0.454990 0.034670
v -0.097161 -0.016897 -0.030366
v -0.097271 -0.032242 -0.030282
v -0.101416 -0.016498 -0.027191
v 0.076588 -0.926920 0.035624
v 0.092510 -0.946987 0.035783
v 0.074176 -0.209242 0.036069
v 0.068287 -0.250652 0.036048
v 0.085915 -0.249509 0.036157
v -0.096801 0.023832 -0.030264
v -0.090497 0.037069 -0.034259
v -0.090908 0.000761 -0.034258
v -0.073402 -0.695286 -0.036129
v -0.049971 -0.687341 -0.036396
v -0.272338 -0.762833 0.026697
v -0.272397 -0.774566 0.026665
v 0.116627 -0.499655 -0.026459
v 0.118419 -0.494547 -0.022207
v 0.121482 -0.503998 -0.022273
v -0.244083 -0.666711 0.027344
v -0.248926 -0.672388 0.026313
v -0.241670 0.684483 -0.035522
v -0.238677 0.669384 -0.035432
v 0.208175 0.669149 -0.035943
v 0.211088 0.681821 -0.036042
v 0.215276 0.687051 -0.035945
v -0.092202 -0.712220 0.027997
v -0.071122 -0.719214 0.021912
v -0.077883 -0.709300 0.030259
v 0.132719 -0.706678 0.035058
v 0.141364 -0.712759 0.035489
v 0.087535 -0.885377 0.004690
v 0.097980 -0.886007 0.021118
v 0.065129 -0.991922 -0.025992
v 0.084580 -0.986511 -0.026822
v 0.075015 -0.990398 -0.023436
v 0.086159 0.386218 0.036121
v 0.090783 0.401404 0.035893
v 0.090752 0.417577 0.035888
v -0.187892 -0.595896 0.001629
v -0.173231 -0.581891 0.001116
v 0.178610 -0.589085 0.025197
v 0.182870 -0.595294 0.026153
v 0.178740 -0.589067 0.022122
v -0.100547 0.339740 -0.027151
v -0.180138 -0.599470 0.030582
v -0.179342 -0.593334 0.027242
v -0.186163 -0.600334 0.027646
v -0.183741 0.888173 -0.012985
v -0.183099 0.883183 -0.028327
v 0.241620 0.712762 -0.006951
v -0.025683 -0.701614 0.035564
v -0.022171 -0.703275 0.035725
v -0.155554 0.645306 0.035444
v -0.183923 0.609026 0.035443
v -0.149148 0.607257 0.035489
v -0.132785 0.641640 0.035495
v -0.064227 -0.994537 0.000286
v -0.067969 -0.993440 -0.014481
v 0.160149 0.569493 0.021618
v 0.169168 0.580005 0.004652
v 0.096348 0.909839 0.034698
v 0.098144 0.901053 0.034262
v 0.101727 0.916724 0.035380
v -0.159313 -0.921938 0.035653
v -0.143320 -0.916751 0.035746
v -0.087788 -0.190357 -0.035903
v -0.084294 -0.161894 -0.036335
v 0.254725 -0.680671 -0.009258
v 0.261033 -0.694683 0.003180
v 0.261384 -0.695412 -0.014255
v -0.055701 0.718607 -0.020539
v -0.105075 -0.224838 0.015619
v -0.105424 -0.237111 0.007622
v -0.104945 -0.271843 0.015620
v -0.125923 -0.736886 0.027056
v -0.131244 -0.736415 0.029784
v 0.247040 -0.837883 -0.035681
v 0.235407 -0.827425 -0.036146
v 0.252652 -0.811068 -0.035866
v -0.196491 0.898668 -0.001019
v -0.192166 -0.937115 0.021707
v -0.195119 -0.933329 0.025651
v 0.118575 -0.492533 -0.015466
v 0.121983 -0.502624 -0.012821
v 0.154308 -0.594866 -0.035667
v 0.149668 -0.581037 -0.033873
v 0.157034 -0.589162 -0.033874
v 0.146741 0.949461 0.030815
v 0.150008 0.934701 0.035308
v 0.159067 0.939550 0.030183
v 0.230688 0.708442 0.031688
v 0.223608 0.692276 0.033388
v -0.077158 0.206235 0.035924
v -0.081273 0.190717 0.035652
v -0.077158 0.143635 0.035934
v -0.185862 -0.939984 -0.027953
v -0.173785 -0.948123 -0.028111
v -0.179206 -0.946798 -0.026074
v -0.102545 0.463540 0.031911
v -0.073772 -0.003900 0.036012
v -0.069189 -0.041230 0.036136
v -0.068478 -0.009108 0.036200
v 0.113262 -0.152520 -0.016260
v 0.113490 -0.149074 -0.011075
v 0.113535 -0.121188 0.002584
v 0.085595 0.434133 -0.036441
v 0.085643 0.394102 -0.036418
v 0.170164 0.910842 -0.035640
v 0.000098 -0.193276 -0.036982
v 0.031728 -0.155446 -0.036903
v 0.079825 0.764891 0.026301
v 0.081573 0.767399 0.022800
v 0.074441 0.762160 0.022462
v 0.074033 0.757683 0.028174
v 0.041474 -0.995543 -0.025823
v 0.049458 -0.989435 -0.030144
v -0.136760 0.507259 -0.000901
v -0.132054 -0.542673 -0.028495
v -0.116214 -0.536153 -0.035432
v -0.129595 -0.557964 -0.035681
v -0.260073 -0.692380 -0.022342
v -0.260772 -0.698951 -0.025960
v -0.264006 -0.704503 -0.021910
v -0.262059 -0.840952 0.022245
v -0.266280 -0.827827 0.002669
v -0.261528 -0.845702 -0.000053
v 0.236277 -0.777563 0.035612
v 0.206697 -0.782462 0.035491
v -0.093818 -0.140982 0.031375
v -0.094214 0.479185 0.035536
v -0.089927 0.441973 0.035662
v -0.068265 0.434451 0.035997
v -0.075927 0.453893 0.036016
v -0.225473 0.855353 -0.025400
v -0.225428 0.858907 -0.021324
v -0.035264 0.210054 -0.036932
v -0.084347 0.034038 0.035800
v -0.081183 0.001210 0.035691
v -0.081478 0.041875 0.035693
v 0.042007 -0.479622 -0.036611
v 0.035904 -0.439778 -0.036703
v 0.055736 -0.449786 -0.036614
v 0.156423 -0.738519 -0.036108
v 0.173038 -0.726421 -0.036211
v 0.075235 -0.719281 -0.022745
v 0.096448 -0.718997 -0.023403
v 0.093711 -0.720728 -0.020455
v 0.079418 -0.720679 -0.020547
v 0.180795 0.925547 -0.026504
v 0.173953 0.935111 -0.022402
v 0.183140 0.925049 -0.022468
v -0.250550 0.659156 -0.026066
v -0.248427 0.662913 -0.028693
v -0.247982 0.648967 -0.023316
v 0.228407 0.855135 -0.022371
v 0.230901 0.849233 -0.009134
v 0.108614 0.304436 -0.025966
v 0.113553 -0.243178 0.002332
v 0.113130 -0.235517 0.014755
v 0.113131 -0.267251 0.014770
v 0.056733 0.401134 -0.036682
v 0.077499 0.386172 -0.036613
v -0.135185 -0.819308 -0.031495
v -0.130158 -0.840912 -0.028312
v -0.134881 -0.847762 -0.031419
v -0.170450 -0.781965 -0.036284
v 0.204032 -0.616201 0.026496
v 0.196347 -0.631110 0.035064
v 0.207993 -0.633406 0.031645
v -0.255898 0.776129 -0.003891
v -0.074835 -0.507075 -0.036435
v -0.033549 -0.483699 -0.036684
v -0.124888 0.693034 0.035481
v -0.122328 0.696905 0.033856
v 0.094177 0.118185 -0.034274
v 0.094155 0.160723 -0.034267
v 0.129071 -0.621489 0.035551
v 0.122525 -0.666954 0.035588
v 0.154242 -0.631955 0.035540
v 0.130971 0.558004 -0.035008
v -0.046870 -0.708063 -0.031983
v -0.031144 -0.702312 -0.036283
v -0.022931 -0.706668 -0.032765
v -0.096106 0.408412 0.029234
v -0.093895 0.367025 0.031065
v 0.198707 0.906590 -0.022226
v 0.200774 0.905372 -0.010162
v 0.205946 0.895816 -0.022190
v -0.103817 -0.904678 0.035083
v -0.097728 -0.898861 0.031136
v 0.113025 0.464450 0.003456
v 0.112678 0.467786 0.020804
v 0.112703 0.454367 0.020633
v 0.113093 0.441332 0.003200
v 0.104703 -0.439052 -0.028261
v 0.206054 0.863100 0.035622
v 0.190020 0.852971 0.035854
v -0.175582 0.837322 -0.032029
v -0.172200 0.816391 -0.030021
v -0.174724 0.818471 -0.033344
v -0.143997 0.722821 0.005824
v -0.127344 0.717717 0.002252
v -0.125565 0.716386 -0.007620
v -0.141316 0.722123 -0.006666
v 0.265578 -0.722139 -0.027756
v 0.269028 -0.735142 -0.026696
v 0.266239 -0.741886 -0.028798
v 0.094137 0.218195 -0.034283
v 0.099887 0.187870 -0.031164
v -0.249095 -0.800450 -0.036161
v 0.080530 0.950758 -0.005067
v -0.264526 -0.830986 -0.025396
v -0.256788 -0.831998 -0.031744
v 0.018424 0.721268 0.031894
v 0.039817 0.720295 0.034156
v 0.117447 0.774512 -0.036242
v 0.113387 0.793840 -0.036032
v 0.125336 0.796155 -0.036480
v 0.059253 0.745469 0.028321
v 0.068648 0.754163 0.027163
v 0.214060 0.668925 0.034010
v -0.091444 0.178319 0.033008
v -0.095525 0.152142 0.030084
v -0.091538 0.136330 0.032935
v -0.016536 0.516043 0.035987
v 0.021592 0.506588 0.035990
v 0.010537 0.535354 0.035994
v -0.001110 -0.978221 -0.035919
v -0.072482 -0.705415 0.033806
v -0.087713 -0.299218 -0.035833
v -0.084625 -0.308965 -0.036190
v -0.084625 -0.348188 -0.036187
v -0.263756 -0.732705 -0.031692
v -0.260380 -0.748617 -0.035424
v -0.265712 -0.712000 -0.025887
v 0.113223 -0.346851 -0.016524
v -0.231609 -0.892316 -0.030058
v -0.224571 -0.888862 -0.035145
v -0.223373 -0.894496 -0.034105
v -0.100969 0.058269 -0.027086
v -0.101077 0.021139 -0.027103
v 0.201537 -0.675307 -0.035988
v 0.213975 -0.665275 -0.035993
v 0.244201 0.737447 -0.022341
v 0.242549 0.723464 -0.022162
v 0.240282 0.718494 -0.025811
v 0.242056 0.738051 -0.025956
v -0.067650 0.557637 0.035810
v -0.019815 0.574385 0.035953
v -0.251247 0.786746 0.021830
v -0.253334 0.782211 0.014936
v -0.254775 0.775197 0.021347
v -0.103461 -0.336327 -0.024058
v -0.103403 -0.377792 -0.024278
v -0.105103 -0.367164 -0.020591
v -0.130975 -0.781846 0.029625
v -0.249701 0.782626 0.025940
v -0.251916 0.774924 0.025482
v -0.243673 0.786378 0.029825
v -0.184197 0.588385 -0.035449
v -0.193004 0.597487 -0.035359
v -0.176630 0.605018 -0.036000
v -0.221504 -0.885536 -0.035627
v -0.213862 -0.899402 -0.035570
v -0.096796 -0.138150 -0.030330
v -0.090782 -0.105291 -0.034200
v -0.090477 -0.160966 -0.034327
v -0.102993 0.245896 -0.024354
v -0.102855 0.327194 -0.024608
v 0.111737 0.712898 0.035683
v 0.147635 0.699323 0.035649
v 0.144804 0.737701 0.035673
v -0.129252 -0.864783 -0.028192
v -0.133663 -0.870832 -0.031454
v -0.025648 0.175408 0.036274
v 0.209799 0.708479 0.035706
v -0.247749 0.648917 0.021312
v -0.245392 0.639007 0.006975
v -0.245197 0.639953 0.021135
v -0.103236 0.038906 -0.024044
v 0.254654 -0.782304 0.035498
v 0.161970 0.915810 0.035673
v 0.085906 0.429116 0.036139
v 0.052531 0.741581 -0.027926
v 0.048851 0.738062 -0.018680
v -0.122972 -0.964094 -0.035573
v -0.097244 -0.065988 -0.030315
v -0.091093 -0.035419 -0.034161
v -0.091131 -0.074552 -0.034184
v -0.127112 -0.539356 0.029271
v -0.119023 -0.543054 0.034623
v -0.088443 -0.163104 0.035001
v -0.088478 -0.186516 0.035066
v -0.084419 -0.180469 0.035730
v 0.090826 0.343043 0.035895
v 0.093317 0.304369 0.035404
v -0.256514 0.769613 0.011403
v -0.255471 0.769800 0.021880
v 0.125535 -0.895655 0.033240
v 0.124577 -0.904556 0.035613
v 0.132333 -0.898141 0.035665
v -0.100419 0.379300 0.026574
v -0.103570 0.384707 0.022325
v -0.272025 -0.737928 0.022165
v -0.275803 -0.757683 0.011680
v -0.274640 -0.757011 0.022460
v -0.209462 0.615053 0.034821
v 0.196389 0.901852 0.027850
v 0.201678 0.901675 0.020741
v 0.193267 0.912217 0.019623
v 0.111577 0.249512 0.023316
v 0.111799 0.187389 0.023081
v 0.112604 0.210667 0.020427
v 0.108788 -0.254695 -0.025909
v 0.112028 -0.294117 -0.022105
v 0.114786 0.983383 0.025950
v -0.188155 -0.599618 -0.025937
v -0.193999 -0.602851 -0.022602
v -0.184079 -0.593894 -0.021719
v -0.169883 0.798401 -0.029909
v -0.172525 0.790467 -0.033831
v 0.095643 0.794443 0.026547
v 0.096094 0.776807 0.029168
v 0.096790 0.801165 0.028395
v -0.062332 0.293920 -0.036830
v -0.062996 0.359863 -0.036791
v 0.174766 0.592624 -0.026931
v 0.170309 0.583132 -0.025181
v 0.158746 0.580874 -0.028974
v 0.101252 0.586480 0.035753
v -0.183100 -0.943567 0.022305
v -0.178688 -0.947522 0.006393
v -0.175164 -0.949200 0.022314
v -0.097295 0.466165 0.035500
v 0.085913 0.142224 0.036197
v 0.091062 0.103146 0.035899
v 0.090968 0.155556 0.035944
v 0.206633 0.642750 -0.029176
v 0.214512 0.641601 -0.025438
v 0.210044 0.633706 -0.025357
v 0.203200 0.630361 -0.027302
v 0.177595 0.592301 0.022749
v 0.183183 0.597729 0.000832
v 0.251667 -0.827495 -0.034876
v 0.256910 -0.812064 -0.033574
v 0.264918 -0.816744 -0.026777
v 0.263043 -0.832436 0.022026
v 0.260534 -0.841908 0.022239
v 0.093175 -0.092263 0.035408
v 0.090913 -0.117950 0.035890
v 0.093325 -0.132576 0.035411
v 0.111643 -0.408568 0.023665
v -0.100507 0.377690 -0.027159
v -0.097039 -0.101939 -0.030211
v -0.130891 -0.593157 0.035904
v -0.119380 -0.584058 0.035815
v -0.034071 -0.710827 0.028933
v -0.036876 -0.718949 0.021913
v -0.010385 -0.718840 0.022282
v 0.271185 -0.744324 0.018564
v 0.120771 -0.530147 0.032818
v 0.122288 -0.537735 0.033892
v 0.134029 -0.539000 0.027404
v -0.177601 0.864682 0.027980
v 0.152811 -0.696148 0.035590
v -0.080757 -0.979076 -0.035512
v 0.111924 -0.703193 -0.035771
v 0.107609 -0.699099 -0.035703
v 0.121655 -0.703523 -0.036032
v -0.122113 -0.736566 0.024397
v 0.085506 -0.042859 -0.036516
v 0.089587 -0.048854 -0.036217
v 0.089620 -0.198215 -0.036205
v 0.094096 -0.230153 -0.034406
v 0.069729 0.738675 -0.035736
v 0.072868 0.747360 -0.033773
v 0.158179 0.920398 0.035637
v 0.166795 0.929034 0.030008
v -0.024676 0.722144 -0.021345
v -0.029060 0.720250 -0.000737
v -0.019650 0.723168 -0.007685
v 0.050624 0.736042 -0.030136
v 0.061416 0.743977 -0.031103
v 0.060941 0.736622 -0.034079
v -0.072998 -0.890276 0.024717
v -0.056929 -0.887665 0.021327
v -0.157274 -0.818767 -0.036280
v -0.159276 -0.789061 -0.036353
v -0.147455 -0.787448 -0.036248
v -0.148553 -0.820863 -0.036096
v -0.230495 0.650817 0.035282
v 0.113477 -0.030232 -0.007584
v 0.113489 -0.058391 -0.010034
v -0.100640 -0.005969 0.026517
v -0.091839 -0.028479 0.032849
v 0.047116 -0.887517 -0.021994
v 0.064214 -0.886058 -0.007491
v -0.081299 -0.282582 0.035565
v -0.122692 -0.664874 0.035639
v -0.116060 -0.690307 0.035610
v -0.095860 -0.669310 0.035663
v 0.113440 -0.362888 -0.012745
v 0.113215 -0.390111 -0.015939
v 0.112171 -0.397732 -0.022015
v -0.046246 0.451493 0.035963
v -0.018027 0.484117 0.035979
v -0.149811 0.530457 0.026234
v -0.136666 0.527373 0.031197
v -0.132076 0.532347 0.035272
v -0.201984 0.837091 -0.036235
v -0.195419 0.868035 -0.035483
v -0.190958 0.844047 -0.035821
v 0.093477 0.097761 0.035429
v 0.098357 0.120327 0.033301
v 0.098316 0.136134 0.033317
v 0.132606 -0.736856 0.030166
v 0.132444 -0.757973 0.029748
v 0.139755 -0.761417 0.033903
v -0.161335 -0.571859 -0.022464
v -0.171675 -0.581266 -0.013365
v -0.164396 -0.573324 -0.002736
v 0.077308 -0.887127 -0.022039
v 0.079944 -0.886408 -0.014432
v -0.042971 -0.994901 0.025178
v -0.029079 -0.991324 0.029717
v 0.093242 0.207409 0.035390
v 0.093224 0.151731 0.035458
v -0.010290 0.726024 -0.010570
v -0.002377 0.728202 -0.010544
v 0.001353 0.728570 -0.021680
v 0.106758 0.837686 -0.035284
v 0.117186 0.845604 -0.036251
v 0.106685 0.825947 -0.035217
v -0.085667 -0.960876 -0.036077
v -0.081592 -0.972196 -0.035592
v 0.093177 0.769730 0.031168
v 0.099079 0.770180 0.034395
v 0.099436 0.776075 0.032658
v 0.000691 -0.982603 0.035435
v -0.020954 -0.984296 0.036068
v -0.000831 -0.986874 0.035009
v -0.104597 0.193696 -0.020738
v -0.103028 0.142339 -0.024312
v 0.102053 0.994560 -0.005305
v 0.104605 0.992045 -0.024358
v 0.093103 -0.186848 0.035427
v 0.090833 -0.195121 0.035902
v 0.077552 -0.013672 -0.036675
v 0.077612 0.037870 -0.036689
v 0.085519 0.019188 -0.036505
v 0.091641 0.922023 0.034826
v 0.092414 0.916412 0.030959
v 0.094018 0.913215 0.034497
v -0.135765 0.707298 0.029624
v -0.124253 0.707197 0.027903
v -0.132703 0.719236 0.023157
v -0.196860 -0.604850 -0.002800
v -0.048573 -0.886441 0.002790
v -0.024303 -0.887087 0.015397
v -0.026725 -0.886329 0.000215
v -0.130457 0.498057 -0.002028
v -0.127863 0.494326 -0.022248
v -0.159734 0.742935 0.022225
v -0.158916 0.741361 0.001322
v 0.177490 0.666985 -0.036193
v 0.194993 0.644452 -0.035886
v 0.213145 -0.905424 -0.030795
v 0.223424 -0.895612 -0.029900
v -0.213260 -0.627882 0.028446
v -0.227295 -0.641880 0.027421
v -0.221518 -0.642369 0.031144
v -0.088313 0.104903 0.035041
v -0.194707 -0.606602 0.026340
v 0.105586 0.800096 -0.035474
v 0.116383 0.805614 -0.036188
v -0.103259 0.084703 -0.024157
v -0.100879 0.119229 -0.027127
v 0.210320 0.668622 -0.035236
v 0.203452 0.658689 -0.035900
v 0.105244 0.161532 0.029366
v 0.105214 0.114636 0.029372
v 0.109503 0.144170 0.026251
v -0.215610 0.594356 -0.021342
v -0.143785 -0.752850 -0.036437
v -0.135380 -0.732366 -0.031274
v -0.133023 -0.752012 -0.029711
v -0.080728 -0.719946 -0.020977
v -0.067119 -0.720093 -0.015577
v -0.138319 -0.970114 0.022238
v -0.131681 -0.973757 0.014288
v -0.122689 -0.977298 0.022340
v -0.062323 -0.214340 -0.036903
v -0.038548 -0.197174 -0.036957
v 0.137562 0.533960 0.014782
v 0.138059 0.534332 0.004225
v 0.027517 -0.998537 0.021741
v 0.014155 -0.999280 0.014771
v 0.029357 -0.998775 0.014229
v 0.246593 -0.709618 -0.035788
v 0.252432 -0.721898 -0.035441
v 0.253431 -0.731338 -0.035684
v 0.016963 0.486506 -0.036785
v 0.045692 0.505747 -0.036667
v 0.033820 0.451208 -0.036781
v 0.098422 -0.093608 0.033267
v 0.148740 -0.873606 -0.035927
v 0.153679 -0.846117 -0.036172
v -0.122091 -0.742883 -0.021701
v -0.121916 -0.780144 -0.021635
v -0.124686 -0.765898 -0.024863
v -0.078629 -0.720007 0.020232
v -0.120922 -0.721761 -0.021856
v -0.249216 -0.667484 0.003306
v -0.076125 0.441965 -0.036515
v -0.064261 0.433945 -0.036689
v -0.196758 -0.916369 0.034690
v -0.187873 -0.924661 0.034994
v -0.193517 -0.917084 0.035480
v -0.120854 -0.817454 0.013419
v -0.121396 -0.791888 0.021102
v -0.120717 -0.841669 0.014382
v 0.164398 -0.653072 0.035431
v 0.188232 -0.671887 0.035439
v -0.096323 0.273285 -0.030183
v -0.000221 0.017356 0.036279
v 0.042858 0.001819 0.036187
v -0.069210 0.407365 0.036085
v 0.111856 0.077412 -0.022231
v -0.176708 -0.949628 -0.021934
v -0.168145 -0.954350 -0.012652
v -0.153810 -0.567695 -0.027191
v -0.166071 -0.577150 -0.024727
v 0.016114 -0.655007 0.035742
v 0.045202 -0.671962 0.035621
v 0.077196 -0.658857 0.035665
v 0.122667 -0.966657 -0.031665
v 0.130483 -0.962225 -0.031816
v -0.182280 0.725151 0.035433
v -0.161469 0.701039 0.035465
v -0.160100 0.716207 0.035226
v -0.161721 0.754230 -0.002938
v -0.163436 0.762288 0.022729
v -0.161445 0.750132 0.017914
v -0.165184 -0.581851 -0.028686
v -0.175286 -0.587740 -0.026057
v 0.066304 0.205420 0.036073
v 0.062371 0.174213 0.036088
v 0.070247 0.180419 0.036094
v 0.214536 0.657665 -0.030171
v 0.113482 -0.191355 0.002286
v 0.113559 -0.235390 -0.006095
v 0.258160 -0.728072 -0.033144
v 0.258785 -0.741927 -0.033727
v -0.241807 -0.877449 0.026905
v 0.257315 -0.686827 -0.022904
v 0.262423 -0.783057 0.032463
v -0.004694 0.727787 0.006314
v 0.005156 0.729936 0.012670
v 0.008397 0.730322 -0.005510
v -0.105601 -0.168781 0.007667
v -0.105856 -0.176312 -0.003818
v -0.105584 -0.200762 0.007644
v 0.062380 -0.290220 0.035980
v 0.062376 -0.348093 0.035978
v 0.070253 -0.337406 0.036011
v 0.113291 0.284991 0.003023
v 0.112825 0.253714 0.014310
v 0.113265 0.245879 0.002895
v 0.020914 0.242091 -0.036919
v 0.032840 0.217100 -0.036887
v -0.012062 -0.968564 -0.036220
v 0.022256 -0.968578 -0.036233
v -0.130549 0.497887 0.007813
v -0.125549 0.486589 -0.002586
v -0.120492 0.474025 0.011163
v 0.109425 0.228732 0.026242
v 0.109552 0.184210 0.026140
v -0.084667 -0.069408 -0.036508
v -0.084628 -0.041068 -0.036510
v -0.062482 -0.070591 -0.036946
v 0.113162 0.505895 0.030408
v 0.169167 -0.739386 0.035521
v 0.168037 -0.707785 0.035509
v -0.092356 -0.903507 -0.035544
v -0.095556 -0.898447 -0.031779
v -0.062152 -0.898856 -0.031640
v -0.061132 -0.903733 -0.035344
v -0.068999 -0.960328 -0.036255
v -0.030787 -0.961753 -0.036281
v -0.100467 0.113003 0.026352
v -0.100546 0.064171 0.026242
v -0.095433 0.080259 0.030154
v -0.259838 0.736228 0.015618
v -0.260133 0.730899 0.001793
v -0.260648 0.716056 0.014391
v 0.227990 -0.642712 -0.027024
v 0.104694 0.135847 -0.028149
v 0.139312 -0.830900 0.034119
v 0.143564 -0.851977 0.035586
v -0.220511 0.604469 -0.026419
v -0.166834 -0.823673 -0.036290
v -0.153284 0.728523 0.027014
v -0.152659 0.729555 0.022384
v -0.246467 -0.857341 0.031240
v 0.092838 -0.417155 0.035421
v 0.090718 -0.423574 0.035840
v 0.092555 -0.448423 0.035420
v -0.097417 -0.543548 -0.036329
v -0.087349 -0.521985 -0.036357
v -0.075374 -0.555060 -0.036403
v -0.029951 0.705607 0.029742
v -0.018964 0.707430 0.032021
v -0.004620 -0.702130 -0.036234
v -0.000266 -0.695284 -0.036099
v 0.109352 -0.717467 0.023630
v 0.114469 -0.722780 0.019687
v 0.116664 -0.721143 0.022940
v -0.088390 0.171419 0.035039
v -0.244906 0.694827 0.034669
v -0.120662 -0.831432 0.007619
v 0.178195 -0.614254 0.035173
v 0.187646 -0.604195 0.028103
v -0.146728 0.724103 -0.015587
v -0.138831 0.719510 -0.021758
v 0.091031 0.056450 0.035868
v 0.093239 0.026229 0.035410
v 0.088087 0.980486 -0.034895
v -0.061242 -0.061075 0.036178
v -0.034439 -0.073216 0.036153
v -0.114686 0.717355 -0.002811
v -0.121223 0.716273 -0.014998
v 0.130677 -0.559516 0.034757
v 0.138524 -0.570001 0.034868
v 0.136177 -0.554662 0.030921
v 0.165205 0.604951 0.034780
v 0.170953 0.602260 0.031487
v -0.201112 -0.911893 -0.035785
v -0.202760 -0.898562 -0.035933
v -0.190921 -0.915578 -0.035873
v 0.045561 -0.720496 -0.020479
v -0.145548 0.518508 -0.021777
v -0.139427 0.511449 -0.024282
v -0.024945 0.683388 -0.036195
v 0.000819 0.695414 -0.036137
v 0.009400 0.668335 -0.036352
v 0.112981 -0.313715 0.014640
v 0.113461 -0.282741 0.003215
v 0.112968 0.171908 0.014819
v 0.112526 0.120734 0.020560
v 0.112872 0.105019 0.014387
v 0.040557 0.353529 0.036080
v -0.273265 -0.735766 -0.000375
v -0.276208 -0.756271 0.001638
v -0.048227 0.294650 0.036179
v -0.044734 0.255442 0.036202
v -0.007534 0.281862 0.036221
v 0.130219 -0.586229 -0.036060
v -0.077045 -0.386333 0.035806
v -0.081190 -0.398542 0.035575
v -0.213991 0.658847 -0.035940
v -0.203526 0.711310 -0.036018
v -0.190220 0.665787 -0.036088
v 0.068309 0.718456 -0.036168
v 0.107350 0.723832 -0.036292
v 0.079236 0.701192 -0.036272
v 0.203802 -0.612630 -0.011878
v 0.206461 -0.615373 0.002452
v 0.218400 -0.627686 -0.002299
v -0.002879 -0.276809 -0.036933
v 0.001666 -0.318419 -0.036903
v -0.091800 0.446246 -0.035981
v -0.088153 0.457581 -0.036494
v -0.085001 0.434031 -0.036566
v 0.140143 0.540089 0.023711
v 0.142839 0.546629 0.024434
v -0.232934 -0.876673 -0.034874
v -0.231772 -0.874452 -0.035450
v -0.077572 -0.052767 0.035851
v -0.077415 -0.115883 0.035856
v -0.069211 -0.100021 0.036141
v -0.053139 -0.691805 0.035558
v -0.061108 -0.695735 0.035430
v -0.068326 0.247470 0.036214
v -0.070632 -0.991978 -0.026646
v -0.091519 -0.986926 -0.025774
v 0.093113 0.547055 -0.036300
v 0.109620 0.555737 -0.036171
v -0.087833 -0.140569 -0.035892
v -0.084720 -0.111652 -0.036399
v 0.151474 0.572667 0.029306
v 0.156055 0.565586 0.024397
v 0.163006 0.574233 0.024304
v -0.268915 -0.817633 -0.021749
v -0.269736 -0.810103 -0.025478
v -0.266254 -0.822238 -0.026699
v -0.193015 0.897702 0.003211
v -0.188047 0.894113 0.001899
v -0.188057 0.893786 -0.011461
v 0.094079 -0.294278 -0.034379
v 0.258931 -0.788741 -0.033976
v 0.098701 -0.702848 -0.035825
v 0.063753 -0.714259 0.025763
v 0.089664 -0.714313 0.025689
v -0.104968 0.029144 0.015619
v -0.105511 0.031257 -0.001357
v -0.105053 0.007724 0.015619
v 0.253671 -0.861730 0.014508
v 0.254922 -0.860229 0.011603
v 0.255666 -0.857256 0.014715
v 0.113205 -0.404561 -0.015256
v 0.112126 -0.432320 -0.022054
v 0.144882 0.965777 -0.025123
v 0.147087 0.961713 -0.026106
v 0.143096 0.964275 -0.026726
v -0.077026 -0.290009 0.035820
v -0.077076 -0.313249 0.035830
v 0.242780 0.776202 0.027850
v 0.244794 0.754505 0.025883
v -0.038527 -0.015081 0.036181
v -0.027682 -0.042714 0.036158
v -0.000099 -0.024333 0.036180
v -0.063854 -0.631112 0.035773
v 0.108910 0.450869 -0.025789
v 0.111721 0.430639 -0.022065
v 0.201664 0.621900 0.021867
v 0.202658 0.624719 0.025571
v 0.195123 0.614590 0.024873
v -0.087519 -0.352111 -0.035866
v -0.084547 -0.370180 -0.036245
v -0.148595 -0.848604 -0.035995
v -0.143962 -0.854695 -0.035926
v -0.120801 -0.811093 0.005842
v -0.121064 -0.795540 0.015330
v -0.169544 -0.858005 0.035477
v -0.143694 -0.848097 0.035352
v -0.159710 -0.833146 0.035558
v -0.077301 0.080964 0.035961
v -0.045538 -0.886494 -0.005570
v -0.014599 -0.886764 -0.013648
v -0.049984 -0.887071 -0.015549
v 0.111792 0.159962 0.023124
v 0.216241 -0.895307 0.033927
v 0.233355 -0.890782 0.026682
v 0.223632 -0.885968 0.033959
v 0.222215 -0.882539 0.035130
v 0.217367 -0.678999 0.035780
v 0.201925 -0.661296 0.035677
v 0.004683 -0.999684 0.021386
v 0.112556 0.324061 0.020454
v 0.200111 -0.707058 -0.036145
v 0.089062 -0.496534 -0.036366
v 0.085477 -0.472261 -0.036416
v 0.091669 -0.481063 -0.036064
v -0.137348 0.508810 0.010631
v 0.137391 0.534019 -0.014707
v -0.030704 -0.898814 -0.031542
v -0.012934 -0.894361 -0.027803
v -0.006904 -0.898801 -0.031461
v 0.256444 -0.851047 0.026868
v 0.247749 -0.851764 0.032157
v 0.250730 -0.862364 0.026772
v 0.085543 0.344300 -0.036481
v -0.158445 -0.582140 0.031959
v 0.169757 0.674738 0.035662
v -0.064783 0.700464 -0.029266
v 0.268955 -0.761954 -0.027626
v 0.271065 -0.750917 -0.026325
v 0.092585 0.440994 0.035454
v 0.100191 0.443057 0.031564
v 0.097978 0.461566 0.033350
v 0.092863 0.456542 0.035540
v -0.249471 -0.834053 -0.035579
v -0.245838 -0.827023 -0.036018
v -0.237538 -0.851868 -0.035835
v 0.080080 0.694259 0.035759
v 0.118443 0.682079 0.035688
v -0.025534 -0.680334 -0.036487
v 0.014008 -0.687326 -0.036351
v -0.113154 -0.492151 -0.021292
v -0.112833 -0.499099 -0.025548
v -0.114796 -0.500352 -0.021797
v -0.198966 -0.931724 -0.026842
v -0.189137 -0.940307 -0.025833
v -0.068758 0.318589 0.036176
v -0.037255 0.337158 0.036148
v -0.242137 0.632318 0.011242
v -0.240451 0.628374 0.001732
v 0.236274 -0.841639 0.035873
v 0.225029 -0.852338 0.035920
v 0.240152 -0.850792 0.035611
v -0.244154 0.744720 -0.035434
v 0.054879 -0.913753 0.035496
v 0.025031 -0.918167 0.035462
v 0.048358 -0.932412 0.035599
v 0.085540 0.300896 -0.036471
v 0.090393 0.296418 -0.035896
v 0.089770 0.296427 -0.036123
v 0.108851 -0.108824 -0.025831
v -0.062325 -0.343187 -0.036791
v -0.061977 -0.301959 -0.036832
v -0.234854 -0.717050 -0.035963
v -0.199199 -0.702595 -0.036051
v 0.176327 -0.945997 0.025200
v 0.185815 -0.939177 0.022717
v 0.104205 0.894095 0.035224
v -0.104734 0.391466 0.014282
v -0.185749 -0.640221 0.035610
v 0.090020 -0.454084 -0.036044
v 0.094025 -0.460378 -0.034762
v 0.109994 0.988965 -0.022658
v 0.120293 0.981774 -0.027269
v 0.108879 -0.884493 0.023125
v 0.105411 -0.893796 0.028072
v 0.116516 -0.894072 0.029721
v 0.019494 0.731809 -0.015170
v 0.015213 0.730460 -0.022437
v 0.030279 0.734499 -0.007197
v 0.229994 -0.897937 -0.023421
v 0.091012 0.612231 0.035791
v 0.118901 0.491241 -0.008285
v 0.113947 0.473785 -0.007172
v 0.114479 0.477826 -0.015576
v 0.113398 0.001242 -0.007607
v 0.113121 -0.011205 -0.015620
v -0.103514 -0.287967 -0.024054
v -0.101138 -0.257224 -0.027131
v -0.101018 -0.311779 -0.027130
v 0.094196 0.915791 -0.006911
v 0.094942 0.914451 -0.024413
v 0.097525 0.906435 -0.008173
v 0.024989 0.705454 -0.036079
v 0.051879 0.698980 -0.036307
v -0.069089 -0.180950 0.036150
v -0.208697 -0.618319 -0.024143
v -0.216352 -0.628808 -0.027235
v -0.219599 -0.629114 -0.021473
v 0.209183 0.631022 -0.022286
v 0.113197 -0.264463 -0.016100
v 0.113441 -0.281825 -0.010027
v -0.105593 -0.312125 -0.003096
v -0.105234 -0.296967 -0.020413
v -0.105227 -0.335561 -0.020455
v 0.272937 -0.753485 -0.022477
v 0.271275 -0.773703 -0.026185
v -0.003404 0.451812 -0.036843
v 0.120506 -0.805897 -0.017728
v 0.120422 -0.821331 -0.017936
v 0.119960 -0.808109 -0.003836
v 0.054623 0.091985 -0.036781
v 0.058430 0.143039 -0.036777
v 0.076981 0.102151 -0.036718
v 0.156664 -0.576947 -0.029863
v 0.164480 -0.577278 -0.026601
v 0.164328 -0.589771 -0.031659
v -0.092218 0.718835 0.009668
v -0.078967 0.719321 0.021230
v 0.019326 -0.977840 0.035374
v 0.026634 -0.983213 0.035304
v 0.218912 -0.629523 0.022027
v 0.225387 -0.635797 0.007142
v 0.186572 0.603746 0.024200
v 0.199200 0.618185 0.014600
v 0.207538 0.707373 -0.036255
v 0.220084 0.701118 -0.035976
v 0.236207 -0.653510 -0.027350
v 0.152672 -0.600740 0.035467
v 0.167677 -0.605305 0.035180
v 0.085907 0.455727 0.036036
v -0.198556 -0.742871 0.035357
v -0.169501 -0.755552 0.035498
v -0.090413 0.249760 -0.034087
v -0.087799 0.229224 -0.035828
v -0.122324 -0.603776 -0.036180
v -0.095725 -0.625494 -0.036347
v 0.187569 -0.623677 0.035272
v 0.060691 -0.969812 0.035623
v 0.087365 -0.973034 0.035315
v -0.252780 -0.864009 0.003267
v -0.253029 -0.863363 -0.022379
v -0.245156 -0.877967 -0.021839
v -0.069128 -0.258178 0.036117
v 0.138383 -0.682793 0.035533
v 0.161924 -0.691144 0.035508
v 0.237376 -0.703008 -0.036107
v -0.083470 -0.989683 -0.023403
v -0.075555 -0.991846 -0.021948
v -0.085743 -0.989032 -0.014705
v 0.197353 -0.729782 0.035463
v 0.034797 -0.893855 0.027413
v 0.014637 -0.898749 0.031217
v 0.045679 -0.898429 0.031209
v 0.201586 -0.637290 0.035173
v -0.100660 0.019246 0.026158
v -0.095689 0.029893 0.030011
v 0.073516 -0.157530 -0.036723
v -0.148163 -0.964546 0.025344
v -0.142174 -0.954952 0.034131
v 0.113219 -0.103065 -0.016684
v 0.113472 -0.105421 -0.012770
v -0.120936 -0.777965 -0.012285
v -0.120911 -0.760865 0.003270
v -0.120858 -0.787803 0.001992
v 0.097670 -0.562166 0.035662
v 0.118853 -0.573841 0.035579
v 0.110760 -0.559165 0.035473
v 0.230353 0.673579 -0.022820
v 0.111729 -0.338030 0.023553
v 0.105094 -0.333226 0.029395
v 0.109637 -0.348877 0.026370
v -0.214315 -0.659566 0.035457
v 0.121106 0.501214 -0.021951
v 0.123274 0.503768 -0.011540
v 0.118132 0.492030 -0.020727
v -0.250182 -0.671082 -0.023373
v -0.148065 0.711928 -0.029723
v -0.124386 -0.847070 -0.025004
v -0.123963 -0.870885 -0.025408
v -0.126819 0.499123 0.026188
v -0.112010 0.485726 0.031228
v 0.111782 -0.297344 0.023381
v 0.112606 -0.330343 0.020613
v -0.062257 0.398949 -0.036759
v 0.070252 -0.016460 0.036038
v -0.101497 -0.890309 -0.025997
v -0.085633 -0.890719 -0.025757
v -0.024800 -0.903755 -0.035229
v 0.207995 0.629160 0.002330
v 0.207437 0.628923 -0.013300
v 0.217195 0.642188 -0.010005
v -0.087862 -0.032951 -0.035967
v -0.084938 0.001206 -0.036331
v 0.183178 0.599429 0.021657
v 0.120517 -0.742293 -0.020046
v 0.120241 -0.733637 -0.023429
v 0.121011 -0.738257 -0.023697
v 0.117184 -0.881923 0.024468
v 0.029493 -0.960519 -0.036390
v 0.247491 -0.840702 0.034945
v 0.259021 -0.843241 0.026595
v 0.234523 -0.646803 0.002214
v 0.237514 -0.651554 0.013613
v 0.248537 -0.666103 0.003329
v 0.115197 -0.722429 -0.009999
v 0.223137 0.718272 -0.035860
v 0.225775 0.733951 -0.035960
v 0.228464 0.730075 -0.034417
v 0.009777 -0.679194 -0.036462
v 0.053056 -0.679155 -0.036375
v 0.054227 -0.687289 -0.036236
v -0.044718 0.187384 0.036247
v -0.042172 0.144923 0.036265
v 0.112845 -0.222074 0.020338
v 0.113054 -0.195469 0.014713
v 0.230791 0.754568 0.035662
v 0.269777 -0.729643 -0.022835
v -0.069581 -0.446843 0.036018
v -0.061340 -0.435835 0.036073
v -0.061220 -0.395888 0.036095
v 0.120525 -0.761771 -0.021412
v 0.120594 -0.805970 -0.021532
v -0.233652 -0.896310 0.022311
v -0.096054 -0.478145 0.031284
v -0.088365 -0.481262 0.035792
v -0.088209 -0.471465 0.035169
v -0.022175 0.717861 0.023567
v -0.010926 0.714725 0.030405
v -0.199224 0.897167 -0.023612
v -0.208766 0.886516 -0.023874
v -0.203717 0.893516 -0.020288
v 0.127166 0.523228 -0.026156
v 0.124693 0.514884 -0.025536
v -0.129176 -0.531593 0.014521
v -0.134637 -0.541214 0.022385
v 0.055253 -0.300301 -0.036762
v 0.238173 -0.860558 0.034972
v 0.239474 -0.870219 0.031389
v -0.248111 0.652873 0.024063
v -0.244041 0.647549 0.025501
v 0.248624 -0.716633 0.035374
v 0.249866 -0.727555 0.035448
v 0.018519 -0.973935 0.035703
v 0.129426 -0.523496 -0.022460
v 0.133837 -0.532244 -0.014507
v 0.113129 0.185159 -0.015848
v 0.113367 0.154168 -0.010121
v 0.112714 0.402259 0.014717
v 0.112729 0.363137 0.014713
v 0.253422 -0.678922 0.009064
v -0.148501 -0.789490 0.035797
v -0.144374 -0.780581 0.035619
v 0.234428 -0.676040 -0.035864
v 0.130814 -0.730808 -0.029418
v 0.133531 -0.715621 -0.032540
v 0.113054 -0.453359 -0.015538
v 0.113235 -0.452240 -0.007064
v 0.113525 -0.464483 -0.014342
v 0.113159 -0.466197 -0.021910
v 0.144901 0.559773 0.028197
v 0.147453 0.553038 0.024132
v 0.150321 0.560852 0.025668
v -0.088036 0.689137 -0.032974
v -0.216145 -0.642417 -0.033652
v -0.216369 -0.648044 -0.035362
v -0.190527 0.891712 0.028466
v -0.181055 0.880138 0.026879
v -0.184870 0.888437 0.023955
v 0.192478 0.687326 -0.036146
v 0.182092 0.600331 -0.026654
v 0.011979 -0.060609 -0.036954
v 0.007772 -0.014562 -0.036973
v -0.078112 0.084959 -0.036479
v 0.104062 -0.243914 -0.028683
v 0.104131 -0.292523 -0.028624
v 0.099710 -0.273602 -0.031426
v -0.080972 -0.989739 0.025231
v -0.260869 -0.694069 0.011286
v -0.260493 -0.694454 0.022654
v -0.105120 -0.385946 0.007613
v 0.186140 0.920007 0.021120
v -0.121623 -0.750658 0.021179
v -0.121148 -0.760172 0.015326
v -0.209084 0.888026 -0.005729
v 0.240423 0.706722 0.002689
v -0.172555 0.812645 0.030896
v -0.170284 0.788336 0.031292
v -0.167531 0.787173 0.027880
v -0.117573 -0.904242 0.035473
v -0.102959 -0.927153 0.035470
v -0.102697 -0.908917 0.035601
v -0.162849 -0.956488 0.022121
v -0.166411 -0.955257 0.000757
v 0.099979 -0.427388 -0.031082
v 0.085541 -0.151512 -0.036579
v 0.119472 -0.874279 0.022161
v 0.121597 -0.872929 0.024767
v 0.228520 0.752722 -0.035846
v 0.234942 0.731995 -0.030447
v 0.085920 -0.393431 0.036069
v 0.085971 -0.434862 0.036007
v 0.188508 -0.934434 -0.027518
v 0.118306 0.494354 0.024072
v -0.066015 -0.886467 -0.006311
v 0.180749 0.714656 -0.036226
v 0.202361 0.696311 -0.036253
v 0.176134 -0.929113 0.035483
v 0.182759 -0.940490 0.026916
v 0.193067 -0.931789 0.026877
v 0.190658 -0.925070 0.031269
v 0.111809 0.011073 0.023166
v 0.107320 -0.884543 -0.024635
v 0.096111 -0.890191 -0.026289
v 0.112824 0.238069 0.014424
v 0.112475 0.245870 0.020533
v -0.123571 -0.526766 0.026207
v 0.016667 -0.689842 0.035610
v 0.041440 -0.691749 0.035549
v -0.171781 0.551559 0.024433
v -0.164943 0.541797 0.021394
v -0.164466 0.546128 0.025418
v 0.020024 0.731646 0.026330
v 0.012127 0.728513 0.027797
v 0.050048 -0.032672 0.036098
v 0.062383 -0.006803 0.036053
v -0.163852 0.539973 -0.024565
v -0.169144 0.546862 -0.024827
v -0.167360 0.550482 -0.027803
v -0.157700 0.536039 -0.026319
v -0.126089 -0.831496 0.026963
v -0.130974 -0.853843 0.029785
v -0.126315 -0.858980 0.027402
v -0.133978 -0.540929 -0.025833
v -0.243550 -0.878984 -0.026511
v 0.120897 0.588773 0.035797
v -0.114225 0.462879 0.021628
v -0.115006 0.461489 0.006860
v 0.111791 0.331836 -0.022133
v 0.153199 0.935300 -0.034765
v -0.062339 0.177918 -0.036856
v 0.158542 -0.769748 0.035513
v -0.263531 -0.836738 -0.020888
v -0.264893 -0.832357 -0.022182
v -0.262914 -0.839588 -0.022232
v -0.177778 -0.857170 -0.036171
v -0.218584 -0.695005 -0.036055
v -0.206578 -0.661874 -0.035884
v -0.103498 -0.425147 -0.024674
v -0.100977 -0.402030 -0.027278
v -0.101117 -0.440973 -0.027338
v -0.240110 0.751993 0.035541
v -0.110672 -0.537277 -0.036079
v 0.103001 -0.892971 -0.028183
v 0.098904 -0.897426 -0.030959
v -0.003898 -0.886440 -0.009175
v 0.050776 0.717784 0.035569
v 0.055227 0.722010 0.035372
v 0.175196 0.933081 0.009754
v 0.186613 0.921194 0.004065
v 0.175080 0.934246 -0.005998
v 0.104407 -0.409139 -0.028396
v 0.122265 0.975474 0.028236
v 0.129030 0.975018 0.024862
v 0.208611 0.833906 -0.036216
v 0.212773 0.815986 -0.036249
v -0.141897 0.559520 0.035412
v -0.142293 0.545622 0.035448
v -0.129634 0.542964 0.035468
v -0.148049 0.704658 -0.032562
v 0.176471 0.701806 0.035633
v -0.090531 -0.193886 -0.034291
v 0.066221 -0.498937 0.035794
v 0.088800 -0.515407 0.035733
v 0.029399 -0.695285 -0.036044
v 0.066997 -0.695980 -0.035902
v -0.012749 -0.910234 -0.035840
v 0.028862 -0.911794 -0.036020
v -0.222988 -0.662950 -0.035449
v -0.081480 -0.887256 0.021319
v -0.225999 0.646264 -0.035341
v -0.216650 0.627687 -0.035449
v -0.137512 -0.685342 -0.036262
v -0.062097 0.063291 -0.036904
v -0.209784 0.746628 -0.036018
v -0.194350 0.760118 -0.036154
v -0.190270 0.729415 -0.036166
v 0.056811 -0.720620 -0.010304
v 0.072327 -0.720939 0.007879
v -0.105145 -0.102273 0.015618
v -0.105142 -0.149142 0.015620
v 0.261924 -0.701100 0.022488
v -0.120384 0.513103 -0.035739
v -0.115252 0.504397 -0.035877
v -0.162255 -0.725639 -0.036285
v -0.179390 -0.696493 -0.036114
v -0.155251 -0.707999 -0.036189
v 0.210203 -0.919645 0.004819
v 0.005760 -1.000383 0.004372
v 0.029677 -0.999632 0.003220
v 0.221796 0.770817 -0.036173
v 0.228242 0.778383 -0.035869
v 0.227948 0.763127 -0.035933
v 0.112572 0.305989 0.020453
v 0.112882 0.308431 0.014774
v 0.185843 0.629744 0.035261
v 0.184367 0.630152 0.035535
v -0.121497 -0.851328 -0.021585
v -0.120344 -0.874707 -0.015919
v -0.121017 -0.871072 -0.021885
v -0.130371 -0.958468 0.035738
v -0.123246 -0.962003 0.035866
v 0.109557 -0.309819 0.026327
v 0.105149 -0.313120 0.029379
v -0.102400 0.696430 0.034441
v -0.102745 0.705439 0.029315
v 0.139264 0.642721 0.035739
v 0.148229 0.628344 0.035791
v 0.111453 0.445054 0.023505
v 0.112594 0.435397 0.020533
v -0.078111 0.407589 -0.036521
v 0.130399 0.561631 0.035698
v -0.179671 0.556074 -0.022499
v -0.178177 0.557639 -0.025462
v -0.175873 0.552108 -0.021364
v 0.057938 -0.378319 -0.036659
v 0.054738 -0.339883 -0.036734
v 0.077596 -0.351581 -0.036668
v -0.269057 -0.719695 -0.021557
v -0.267142 -0.719561 -0.026866
v -0.165584 0.724332 -0.035407
v -0.096388 0.253751 -0.030175
v -0.100660 0.245824 -0.027113
v 0.203386 -0.891800 -0.035819
v 0.198506 -0.911013 -0.035767
v -0.022100 -0.658317 -0.036488
v -0.035590 -0.614235 -0.036563
v 0.003299 -0.619712 -0.036582
v 0.132178 0.524040 0.023387
v 0.089717 -0.029222 -0.036174
v 0.089949 0.010115 -0.036117
v 0.094219 -0.006255 -0.034492
v -0.156300 0.545389 0.029038
v 0.111540 -0.975592 -0.029316
v 0.116328 -0.974689 -0.028311
v 0.118358 -0.976118 -0.026389
v 0.108954 -0.980776 -0.025665
v 0.111838 0.381050 -0.021996
v -0.120720 -0.876705 -0.021814
v 0.067935 0.747996 0.030446
v 0.076819 0.748034 0.033399
v -0.178561 -0.610657 -0.035484
v -0.160013 -0.614060 -0.036017
v 0.225257 0.857283 0.027097
v 0.230910 0.846027 0.021897
v -0.078046 -0.568289 0.035750
v -0.050688 -0.585499 0.035862
v -0.067064 -0.535897 0.035837
v 0.142109 -0.600221 -0.036005
v 0.142696 -0.579739 -0.035600
v 0.109746 -0.134895 0.026228
v 0.109657 -0.150487 0.026265
v 0.112754 -0.169800 0.020375
v -0.110349 -0.883466 -0.006330
v -0.115940 -0.881099 -0.008998
v -0.108814 0.442275 0.011349
v -0.107929 0.436064 0.001191
v 0.234874 -0.892581 -0.021503
v 0.241975 -0.880210 -0.022215
v 0.241601 -0.881244 -0.012381
v 0.254850 -0.749596 -0.035816
v -0.147376 -0.965639 0.021878
v -0.130169 -0.974954 -0.001001
v -0.161464 -0.570406 0.005723
v 0.121529 -0.786376 -0.023462
v 0.121517 -0.826795 -0.023722
v -0.240067 -0.864758 -0.034675
v -0.238844 -0.874738 -0.032284
v -0.256441 0.678821 -0.001633
v -0.166321 0.568692 -0.035366
v -0.108924 -0.478970 0.021044
v -0.112894 -0.494615 0.021856
v -0.273203 -0.739114 -0.015779
v 0.062358 0.320348 0.036011
v 0.222673 0.862895 0.027462
v 0.227950 0.855728 0.021697
v 0.118190 0.974459 -0.031611
v -0.105887 -0.012514 -0.002307
v 0.034403 0.716141 -0.035843
v 0.049615 0.714472 -0.036152
v -0.001721 -0.701622 0.035598
v -0.141397 0.518908 0.025478
v -0.137730 0.510412 0.021666
v -0.135030 0.516126 0.027559
v 0.113331 0.216196 -0.008064
v 0.113295 0.218505 0.003116
v 0.113404 0.165080 0.002510
v 0.112907 0.474641 -0.021787
v 0.112109 0.462815 -0.022029
v 0.252158 -0.681539 0.026881
v 0.003239 -0.670649 0.035649
v -0.214211 -0.623600 0.022453
v -0.236818 0.780697 0.035545
v 0.090909 0.207282 0.035884
v -0.143644 -0.746289 0.035359
v -0.138617 -0.740449 0.033288
v 0.048367 -0.886019 -0.006222
v -0.090886 -0.526888 0.035770
v -0.114056 -0.542744 0.035358
v -0.098512 -0.551667 0.035805
v -0.219356 0.866910 0.026799
v -0.210544 0.880500 0.027127
v -0.231521 0.617858 -0.025205
v -0.077523 0.272839 0.035904
v -0.081623 0.256115 0.035637
v -0.093045 -0.689589 0.035534
v -0.071208 -0.671398 0.035623
v -0.235608 0.644328 0.030164
v -0.223479 0.635999 0.035081
v 0.130916 -0.938528 0.035831
v 0.146454 -0.947235 0.035079
v 0.145280 -0.932662 0.035975
v -0.038800 0.372715 -0.036846
v -0.105212 0.358363 -0.001538
v -0.104840 0.342732 -0.012819
v -0.105304 0.305613 -0.001561
v 0.117252 0.883340 -0.036375
v 0.117423 0.907041 -0.036378
v 0.127463 0.877867 -0.036413
v 0.003296 -0.985536 -0.036070
v -0.178883 0.873509 0.027798
v -0.178487 0.874004 0.011951
v -0.180578 0.881173 0.012076
v 0.110104 0.788322 0.035466
v 0.104213 0.769719 0.035472
v -0.215232 -0.816877 0.035505
v -0.187753 -0.835402 0.035456
v 0.227138 0.662588 -0.010965
v 0.226956 0.662304 0.002995
v 0.223336 0.654984 -0.011139
v -0.044324 -0.090687 -0.036974
v -0.022935 -0.040721 -0.036988
v -0.005352 -0.088013 -0.036981
v -0.176694 -0.635297 -0.035966
v -0.169588 -0.668890 -0.035980
v 0.270824 -0.783368 0.026551
v -0.085241 -0.894254 0.027165
v 0.022500 0.732601 0.022791
v 0.020096 0.732622 0.010661
v 0.109579 0.083318 0.026229
v 0.111754 0.040736 0.023378
v 0.111689 0.128391 0.023314
v -0.103693 0.148314 0.022034
v 0.078712 0.973979 -0.029122
v 0.078398 0.967718 -0.032100
v 0.077994 0.968042 -0.018956
v 0.078494 0.973854 -0.023223
v -0.265540 -0.827600 0.022342
v 0.098224 -0.269866 0.033392
v -0.176342 -0.586963 -0.023415
v 0.132075 -0.633448 -0.036190
v 0.157858 -0.612490 -0.036033
v 0.160094 0.799765 -0.036360
v 0.141971 0.833373 -0.036318
v -0.124592 -0.974618 0.026549
v -0.120543 -0.976373 0.026471
v 0.138163 -0.803016 -0.033424
v -0.027752 -0.109405 0.036160
v 0.144083 0.955715 0.028949
v -0.036735 0.712203 0.025069
v -0.187070 -0.938120 0.026518
v -0.188925 -0.619609 0.034624
v -0.181895 -0.614916 0.035144
v 0.138733 0.568860 -0.034462
v 0.148487 0.568605 -0.028730
v -0.104978 0.222581 -0.013557
v -0.137777 -0.544294 0.014663
v -0.128439 -0.529324 -0.002905
v -0.182375 0.567647 0.026526
v 0.245411 -0.662577 0.021751
v 0.243920 -0.663128 0.025730
v 0.247688 -0.665893 0.024134
v -0.040490 -0.984359 0.034353
v -0.091029 -0.017342 -0.034270
v -0.105028 0.293517 0.007683
v -0.194482 0.598495 0.035078
v -0.139055 -0.971014 -0.021545
v 0.149420 0.561785 -0.026195
v -0.132491 -0.898335 -0.035953
v -0.136907 0.698076 0.035310
v -0.070741 0.718864 0.021298
v -0.065902 0.718769 0.021039
v -0.063771 0.719014 0.020203
v 0.104533 0.421904 0.029394
v 0.109125 0.423690 0.026218
v 0.108468 0.450963 0.026484
v -0.228072 0.719392 0.035495
v 0.131160 -0.712708 0.031772
v 0.132581 -0.718970 0.031014
v 0.109531 0.001281 0.026135
v 0.105172 0.010954 0.029390
v 0.105117 -0.027980 0.029342
v -0.039541 -0.573699 -0.036596
v 0.089656 -0.243841 -0.036235
v 0.089610 -0.286780 -0.036271
v 0.085511 -0.283081 -0.036591
v 0.260784 -0.701027 -0.027635
v 0.257748 -0.707491 -0.030614
v 0.153580 -0.953317 -0.030195
v 0.157955 -0.942070 -0.035609
v 0.162886 -0.947506 -0.030684
v -0.260133 -0.754195 0.034634
v -0.182388 0.828988 -0.035584
v -0.186324 0.861510 -0.035180
v -0.178806 0.837544 -0.034148
v 0.126643 0.946873 0.036349
v 0.228026 0.834070 0.030052
v 0.029905 0.536277 -0.036726
v 0.121743 -0.867087 -0.024688
v -0.060886 0.669425 -0.036207
v 0.168169 0.941567 -0.022572
v 0.103897 0.810434 -0.034394
v -0.272751 -0.802522 0.003072
v -0.271289 -0.810228 -0.000544
v -0.270285 -0.808587 0.022391
v 0.144266 -0.866457 -0.035771
v 0.072205 0.274328 0.036022
v -0.004245 -0.991807 0.030798
v 0.105407 -0.898103 0.031573
v -0.099743 -0.885632 0.002952
v -0.092548 -0.887139 0.021370
v -0.085752 -0.886221 0.005458
v -0.244105 0.698388 -0.035625
v 0.013547 -0.052128 0.036148
v 0.172132 -0.597132 -0.031563
v -0.102169 0.719075 0.021697
v -0.079150 0.709809 0.026667
v -0.143864 -0.873849 0.035418
v -0.137940 -0.870950 0.033522
v 0.254936 -0.860485 0.003152
v 0.089174 0.502960 -0.036324
v 0.097551 0.489784 -0.036030
v 0.121596 0.526068 0.029762
v -0.115652 -0.501886 0.023179
v -0.117019 -0.515064 0.026786
v 0.200120 0.618604 0.001385
v -0.044213 -0.319819 0.036107
v -0.010222 -0.323676 0.036126
v -0.021886 -0.285423 0.036137
v -0.048239 -0.437220 -0.036693
v 0.113360 0.191147 -0.011869
v 0.129716 0.518549 0.021229
v 0.191725 -0.600220 -0.013323
v 0.048583 0.738149 -0.000348
v -0.256970 -0.694359 0.028027
v -0.250663 -0.688875 0.030970
v -0.255893 -0.687407 0.026734
v 0.048497 -0.996826 0.001960
v 0.049917 -0.996578 -0.010451
v -0.152713 0.552858 -0.034782
v -0.145394 0.544588 -0.034847
v -0.155671 0.547133 -0.031669
v -0.144173 -0.779937 -0.036299
v -0.141816 -0.781802 -0.035359
v -0.143484 -0.787796 -0.036389
v 0.108675 0.228742 -0.025858
v 0.108748 0.265396 -0.025718
v -0.142241 -0.893297 0.035496
v -0.138805 -0.882484 0.034735
v -0.046516 -0.674391 0.035637
v -0.019838 -0.692292 0.035588
v -0.105604 -0.088575 0.007636
v -0.105603 -0.137522 0.007650
v -0.004658 -0.436230 -0.036805
v 0.001617 -0.471293 -0.036745
v -0.215209 -0.623043 -0.002784
v -0.115138 0.461465 -0.001901
v 0.231437 -0.870409 0.035360
v -0.176120 0.552176 0.001398
v 0.077649 -0.422128 -0.036597
v 0.085552 -0.369701 -0.036532
v 0.085460 -0.427543 -0.036488
v 0.074130 0.522981 0.035801
v 0.087105 0.504699 0.035933
v 0.262566 -0.830126 -0.025676
v 0.254975 -0.834240 -0.030996
v -0.191417 0.794099 -0.036032
v -0.180607 0.802327 -0.035764
v -0.179901 0.760436 -0.036064
v -0.104081 -0.000270 0.021944
v -0.104044 -0.042409 0.022229
v 0.193412 0.914544 -0.006150
v 0.201535 0.903785 0.004820
v -0.091739 0.343568 0.032607
v -0.093848 0.312282 0.031273
v -0.088192 0.312175 0.035109
v -0.088129 0.337531 0.035030
v 0.157579 -0.888900 0.035519
v 0.149988 -0.895933 0.035467
v 0.166189 -0.904179 0.035767
v -0.070253 -0.344123 -0.036653
v -0.062302 -0.396115 -0.036723
v 0.119965 -0.788035 -0.006805
v -0.131241 -0.710770 -0.032769
v -0.122543 -0.713122 -0.028987
v -0.123216 -0.720577 -0.025861
v -0.207219 -0.627512 -0.030988
v -0.201484 -0.616411 -0.028397
v 0.111914 -0.047560 0.023079
v 0.112792 -0.079058 0.020425
v 0.239270 -0.653481 -0.009432
v 0.247492 -0.665485 -0.022347
v -0.092675 -0.494186 0.035455
v -0.095018 -0.505346 0.035749
v -0.076274 -0.487736 0.035867
v -0.105309 0.070031 -0.013455
v 0.100322 0.737780 0.035847
v -0.063030 -0.993875 0.014228
v 0.227328 0.708957 -0.033060
v 0.053809 -0.701188 0.035491
v -0.230583 -0.641313 -0.022081
v -0.102995 0.210724 -0.024324
v -0.100710 0.202972 -0.027083
v -0.100642 0.171188 -0.027094
v 0.085912 -0.203206 0.036173
v -0.242260 -0.689807 0.035487
v -0.245578 -0.701598 0.035527
v 0.196547 0.627770 -0.029785
v 0.109556 -0.036298 0.026155
v 0.022014 -0.987486 0.034023
v 0.145544 0.929922 -0.036077
v -0.084101 0.327507 0.035840
v -0.081633 0.308111 0.035643
v -0.081560 0.323461 0.035667
v 0.159904 0.651844 0.035722
v 0.089823 0.928037 -0.034931
v 0.088605 0.931953 -0.026667
v 0.086495 0.936579 -0.006624
v 0.069565 0.756406 -0.028487
v 0.076267 0.763595 -0.023316
v 0.074318 0.761072 -0.027678
v 0.087322 -0.889971 0.025269
v 0.076261 -0.894017 0.027350
v 0.102374 -0.887094 0.024007
v -0.140709 0.669308 -0.036085
v -0.150010 0.634657 -0.036179
v -0.154231 0.729824 -0.015553
v -0.148695 0.725649 -0.006582
v 0.192280 -0.603629 0.025697
v -0.181806 0.572870 -0.031099
v -0.177089 0.580116 -0.035218
v 0.054500 0.677085 -0.036341
v -0.104894 0.132679 0.015620
v 0.215825 -0.893254 -0.035651
v 0.089789 0.257261 -0.036084
v -0.241460 0.636528 0.024586
v -0.115725 -0.504537 -0.024190
v -0.117068 -0.506880 -0.021521
v -0.117930 0.664509 -0.036038
v -0.106095 0.433563 -0.021877
v -0.103082 0.432450 -0.027105
v -0.103161 0.417925 -0.025320
v -0.104962 0.420198 -0.021616
v -0.224895 0.638709 -0.035190
v 0.198396 0.890259 0.031278
v 0.208920 0.882304 0.028734
v 0.202966 0.896587 0.026019
v -0.068993 0.048405 0.036276
v -0.063260 0.715640 0.022947
v -0.181785 -0.935775 0.030626
v -0.182289 -0.941996 0.026368
v -0.176885 -0.932130 0.035466
v 0.100197 0.898386 -0.032687
v 0.103520 0.901781 -0.035328
v -0.143029 -0.966128 -0.027601
v -0.138891 -0.956180 -0.035425
v -0.128328 -0.961897 -0.035474
v -0.183643 0.875033 -0.033063
v -0.177226 0.852611 -0.029988
v -0.180755 0.853873 -0.033997
v 0.044289 -0.519121 0.035794
v 0.074652 -0.886907 0.021501
v 0.065809 -0.885959 0.006585
v 0.049397 -0.885964 0.007019
v -0.258638 0.691580 0.005079
v -0.259461 0.702170 0.021397
v -0.093788 -0.095045 0.031481
v -0.088424 -0.115430 0.035047
v -0.088491 -0.083892 0.035051
v 0.130219 0.859499 0.035865
v -0.036049 -0.226799 0.036150
v 0.074204 -0.476362 -0.036545
v 0.236930 0.747003 0.031965
v -0.205090 0.879803 0.031263
v -0.201819 0.872265 0.035137
v -0.195755 0.873866 0.035455
v -0.195918 0.879970 0.034006
v -0.041839 0.100079 0.036281
v 0.094700 0.997185 0.014055
v -0.105359 -0.276656 0.007670
v -0.105344 -0.319507 0.007641
v -0.209578 0.588928 0.023569
v -0.231625 -0.853700 0.035460
v -0.229237 -0.867469 0.035533
v 0.063879 -0.719232 0.021573
v 0.072170 -0.720385 0.019897
v -0.232388 0.655174 -0.035224
v 0.035057 0.735554 0.005039
v 0.045441 0.736660 -0.008254
v -0.105785 -0.112711 -0.003107
v -0.096444 0.387362 -0.030119
v 0.109235 0.382656 0.026266
v 0.109371 0.333805 0.026176
v 0.231972 -0.877954 0.032811
v -0.166582 0.738241 -0.033844
v -0.159647 0.734685 -0.028091
v 0.098438 0.992637 0.026904
v 0.189353 0.608745 -0.026623
v 0.186520 0.603220 -0.025874
v -0.078191 0.383804 0.035865
v -0.068189 0.372471 0.036166
v -0.092642 -0.500756 -0.036261
v -0.108442 0.492677 -0.036053
v 0.160310 -0.938976 0.035553
v -0.087419 0.338502 -0.035871
v -0.084502 0.355096 -0.036370
v -0.083122 0.337779 -0.036406
v 0.127676 0.948471 -0.035838
v 0.143482 0.941729 -0.035317
v 0.122753 0.935927 -0.036269
v -0.084517 0.697157 0.034484
v -0.069524 0.697249 0.034476
v 0.232668 -0.645484 0.022072
v -0.244143 -0.877937 0.021856
v -0.239900 -0.884819 0.023340
v 0.095282 0.996273 0.022600
v 0.102387 0.993210 0.013595
v -0.105584 0.081879 -0.001772
v -0.105534 0.051547 -0.002050
v -0.105372 0.074041 0.007728
v -0.271459 -0.807317 -0.022090
v 0.146611 0.550173 -0.023844
v 0.197924 0.650148 -0.035821
v 0.085443 0.078039 -0.036517
v 0.119005 -0.497119 0.023395
v 0.121375 -0.506381 0.025214
v 0.122332 -0.504735 0.021672
v 0.099892 0.482350 -0.033517
v 0.104745 0.508176 -0.035775
v 0.110197 0.492473 -0.028770
v -0.244492 0.651986 -0.028425
v -0.239454 0.655124 -0.032376
v -0.239670 0.646369 -0.030024
v -0.255432 0.760620 0.024353
v 0.113359 0.152104 0.003178
v 0.113317 0.097140 0.002927
v 0.113331 0.112759 -0.007676
v 0.189978 -0.599781 0.022190
v -0.100440 -0.969415 0.035933
v -0.091595 -0.971984 0.035900
v -0.091529 -0.957827 0.035862
v -0.003585 0.706423 -0.035641
v 0.010769 0.710185 -0.035787
v 0.077599 -0.320310 -0.036709
v -0.090372 -0.296504 -0.034241
v -0.090225 -0.332201 -0.034263
v -0.139234 -0.708456 0.035668
v 0.115118 -0.979407 -0.022258
v 0.111702 -0.981442 -0.010235
v 0.102405 -0.983738 -0.022257
v -0.054947 -0.719234 -0.023260
v -0.044687 -0.720048 -0.021014
v -0.252740 -0.680758 -0.026895
v -0.256541 -0.686126 -0.025731
v 0.082929 -0.702612 -0.035986
v 0.099054 -0.710513 -0.030200
v 0.223372 0.860706 -0.027073
v 0.113378 -0.413474 -0.008022
v 0.098227 -0.206484 0.033213
v 0.105202 -0.186208 0.029388
v 0.098241 -0.183498 0.033284
v -0.095575 -0.426335 0.029631
v 0.085536 0.121315 -0.036450
v 0.085563 0.165616 -0.036454
v 0.090317 0.139835 -0.035895
v 0.199356 -0.610272 0.025464
v 0.095826 -0.485694 -0.035456
v -0.105319 0.246024 -0.002248
v 0.124399 -0.509893 0.014847
v 0.096788 0.817355 0.028974
v 0.101085 0.807133 0.032619
v 0.078098 -0.329715 0.036064
v 0.074176 -0.357094 0.036022
v -0.100273 0.337931 0.026573
v 0.113804 0.526805 -0.035432
v -0.259257 0.749969 0.021230
v -0.260193 0.721368 0.021431
v -0.257251 0.716083 0.025502
v -0.232760 0.841788 -0.022857
v 0.197328 -0.607270 -0.022818
v 0.205684 -0.615678 -0.022121
v 0.046031 0.212909 0.036154
v 0.113386 -0.345250 0.003181
v 0.153625 0.954222 0.024773
v -0.238233 0.768939 -0.035568
v 0.136535 -0.547433 0.028680
v 0.143689 -0.553179 0.026692
v 0.139192 -0.546181 0.026357
v -0.259549 -0.842793 0.026295
v -0.039179 0.639840 0.035833
v -0.001380 0.649623 0.035834
v 0.101543 -0.721096 -0.020509
v -0.213460 0.619478 -0.035328
v -0.205475 0.610988 -0.035268
v 0.094450 -0.666036 0.035640
v -0.037312 -0.908439 0.035582
v -0.029767 -0.915230 0.035416
v 0.022070 -0.908016 0.035562
v -0.232101 0.646884 -0.034174
v 0.068041 -0.908149 0.035606
v -0.009204 0.722681 0.025402
v -0.011728 0.723934 0.021611
v -0.029031 0.717364 0.020606
v 0.226302 0.807271 0.035214
v -0.027189 -0.010676 -0.036992
v -0.240594 -0.886214 -0.022395
v -0.233649 -0.898164 -0.021744
v -0.235978 -0.894078 -0.001874
v -0.162203 -0.749834 -0.036297
v -0.148526 -0.762295 -0.036255
v -0.096307 -0.440689 -0.030522
v -0.089629 -0.443493 -0.034517
v -0.246376 -0.672017 -0.027962
v -0.195128 -0.935871 -0.022452
v 0.053341 0.727957 0.033210
v -0.224196 -0.907424 0.022184
v 0.181689 0.601436 0.026527
v 0.104263 -0.199632 -0.028555
v 0.108787 -0.199796 -0.025848
v 0.098094 0.935595 -0.035942
v 0.106947 0.956650 -0.035889
v -0.249560 0.794511 -0.024663
v -0.192805 0.625978 -0.036065
v -0.160423 0.602532 -0.036144
v 0.132017 -0.678630 -0.036318
v 0.230814 0.679896 -0.027066
v 0.226433 0.670196 -0.027441
v -0.260464 -0.754984 -0.035685
v 0.100101 0.886547 -0.031641
v 0.104005 0.876825 -0.033997
v -0.129993 -0.536932 0.025479
v -0.135958 -0.546942 0.027030
v -0.122635 -0.977877 0.005166
v -0.110628 -0.981558 0.004088
v -0.112190 -0.980439 0.022835
v 0.104710 -0.515264 -0.035571
v 0.102311 -0.502421 -0.034742
v 0.110709 -0.506556 -0.031744
v 0.110488 -0.519589 -0.034535
v -0.118931 -0.723025 0.014518
v -0.119687 -0.721202 0.023723
v -0.119541 -0.726695 0.021249
v 0.097515 0.890455 -0.020564
v -0.207292 -0.924368 0.021684
v 0.114949 -0.508742 -0.029820
v -0.239690 0.629169 0.022318
v -0.230882 0.614580 0.011718
v -0.037257 -0.266226 -0.036918
v -0.033771 -0.237173 -0.036929
v 0.108789 0.169021 -0.025682
v -0.212343 0.590438 0.015706
v -0.212815 0.590376 0.006633
v -0.062333 -0.259631 -0.036863
v 0.170181 -0.580249 0.022116
v 0.170215 -0.580436 0.024950
v 0.091527 -0.948156 -0.036120
v 0.085584 -0.960793 -0.035984
v -0.117221 -0.566858 0.035779
v 0.089939 0.357040 -0.036073
v 0.094207 0.367192 -0.034300
v 0.221594 -0.656106 0.034787
v 0.227402 -0.667058 0.035615
v 0.233576 -0.649876 0.026984
v 0.089101 0.995884 -0.028280
v 0.088305 0.991189 -0.031905
v 0.081320 0.650549 -0.036489
v 0.111523 0.622793 -0.036356
v -0.040497 -0.449559 0.036033
v -0.044681 -0.415763 0.036027
v 0.215958 0.859626 0.032564
v 0.221826 0.850455 0.031466
v -0.103877 0.110177 0.021921
v -0.103980 0.062307 0.021795
v 0.131631 -0.787281 0.029335
v 0.139506 -0.787956 0.034047
v -0.105181 -0.412947 -0.020888
v 0.259263 -0.775896 -0.034315
v 0.100752 0.521699 -0.035967
v -0.016004 0.724075 -0.021248
v -0.009671 0.725269 -0.023662
v -0.015475 0.724254 -0.023149
v -0.140833 -0.804700 -0.034891
v -0.139860 -0.835354 -0.034413
v -0.188320 0.893246 0.024036
v -0.206796 0.771009 0.035617
v -0.128986 -0.879064 0.029564
v -0.123487 -0.519193 0.000020
v -0.109803 0.462613 0.026640
v -0.066573 -0.981204 -0.035460
v -0.042848 -0.659054 0.035717
v 0.199542 0.619057 -0.019476
v 0.199907 0.620196 -0.025800
v -0.105061 0.091304 0.015639
v 0.168819 0.579427 -0.007998
v 0.096280 -0.531507 0.035673
v 0.105096 -0.516230 0.035160
v -0.107733 -0.981215 0.025987
v -0.029717 -0.527576 -0.036642
v 0.105455 0.876894 0.034956
v 0.105843 0.851034 0.034804
v 0.110687 0.850012 0.035450
v -0.159710 0.740693 0.026957
v -0.164007 0.747738 0.029516
v -0.161648 0.730403 0.030945
v 0.113209 -0.060952 -0.015789
v -0.175091 0.739614 -0.036020
v -0.171199 0.743023 -0.035839
v -0.169950 0.718743 -0.036088
v -0.084739 0.222190 -0.036219
v -0.084735 0.194440 -0.036192
v 0.259560 -0.693557 0.022063
v 0.260092 -0.698446 0.026330
v 0.093045 -0.354766 0.035435
v 0.093185 -0.388314 0.035436
v 0.239012 -0.884866 0.024474
v 0.232095 -0.896366 0.009913
v 0.242069 -0.880140 0.012721
v 0.241323 -0.880799 0.025749
v 0.012854 -0.514035 -0.036643
v 0.054459 -0.508591 -0.036504
v 0.113691 0.478544 -0.022141
v -0.033412 0.719703 -0.006694
v -0.032172 0.719022 0.009970
v -0.131192 -0.704554 0.035587
v -0.125368 -0.704683 0.034947
v -0.271320 -0.789374 0.025901
v -0.268995 -0.806609 0.025971
v -0.130284 -0.974765 -0.021951
v -0.138964 -0.969897 -0.025155
v 0.090539 0.460620 -0.036167
v 0.164724 0.607975 0.035531
v 0.104848 0.786053 0.035185
v 0.104979 0.343521 0.029316
v 0.148324 -0.613138 0.035706
v 0.081509 0.986843 0.005807
v 0.081565 0.985819 -0.017252
v 0.078318 0.973775 -0.006481
v 0.180824 0.831581 0.035727
v 0.216638 0.722469 -0.036160
v 0.218767 0.745715 -0.036248
v 0.224096 0.733722 -0.035976
v -0.246406 -0.663952 -0.021584
v -0.245725 -0.666232 -0.025901
v 0.238876 -0.661019 0.028064
v -0.100531 -0.276593 0.026822
v -0.100529 -0.324510 0.026788
v -0.095638 -0.291573 0.030067
v 0.098417 -0.466831 0.033331
v 0.110855 -0.528046 -0.035612
v 0.117279 -0.519132 -0.031111
v 0.117969 -0.531020 -0.033677
v -0.196350 -0.787904 0.035426
v -0.173158 -0.779428 0.035475
v 0.198329 0.671918 -0.035956
v 0.140812 0.962076 -0.028779
v 0.145920 0.959222 -0.027877
v -0.184521 -0.926198 0.035490
v -0.020502 -0.887608 0.021312
v -0.003671 -0.890185 0.024768
v -0.196261 -0.624243 0.033901
v 0.091234 0.944488 -0.035945
v -0.253277 -0.677935 0.022561
v 0.002053 0.051776 0.036307
v -0.101457 -0.049596 -0.027225
v 0.092218 0.778008 -0.028500
v 0.086012 0.771852 -0.027762
v 0.096056 0.780028 -0.016413
v 0.236256 -0.890719 0.001148
v 0.027574 -0.125021 -0.036892
v 0.043179 -0.088664 -0.036835
v 0.060977 -0.111055 -0.036762
v -0.195009 -0.919808 -0.035603
v -0.206044 -0.909193 -0.035389
v -0.168593 0.801397 -0.023493
v 0.018584 0.101887 0.036281
v -0.038817 -0.477669 0.036024
v -0.007013 -0.451825 0.036012
v -0.222950 0.751514 0.035628
v -0.213448 0.729528 0.035463
v -0.209283 0.749449 0.035543
v -0.014917 -0.997370 0.025202
v 0.097256 0.892938 0.007947
v 0.096300 0.858950 -0.005151
v 0.096041 0.852885 0.023383
v -0.054472 0.706035 -0.028094
v -0.047985 0.696708 -0.033618
v 0.224239 0.706030 0.034728
v 0.221541 0.709354 0.035509
v -0.003521 -0.934926 0.035552
v 0.204151 -0.614368 0.022294
v 0.210608 -0.621433 0.022197
v 0.113107 0.211298 -0.015233
v -0.232430 -0.899603 -0.013055
v -0.168861 0.544674 -0.021527
v -0.105196 -0.192298 0.015619
v -0.126317 -0.614060 0.035635
v -0.143828 -0.637066 0.035541
v -0.096693 -0.624779 0.035692
v -0.077180 -0.214601 0.035868
v -0.102372 -0.885998 0.013889
v 0.105848 0.978986 -0.033110
v -0.033737 0.291178 -0.036893
v -0.037780 0.246931 -0.036906
v 0.099741 -0.224124 -0.031413
v 0.098263 0.042307 0.033366
v 0.098201 0.014618 0.033325
v -0.201644 -0.610955 -0.022917
v -0.199129 -0.611220 -0.027064
v 0.028659 -0.705428 0.033446
v 0.061910 -0.705314 0.033550
v -0.011931 -0.968731 0.035921
v 0.000483 -0.958848 0.035716
v 0.085932 0.097838 0.036198
v -0.130564 0.697690 0.034330
v 0.139239 0.540429 -0.024475
v 0.133117 0.533888 -0.025561
v -0.130532 -0.898221 0.035312
v 0.090906 -0.159387 0.035910
v 0.132620 -0.851578 0.030341
v 0.126733 -0.862847 0.027240
v 0.139417 -0.863252 0.034163
v 0.118748 -0.538511 -0.034774
v 0.119405 -0.547846 -0.035540
v -0.123768 -0.903653 0.035545
v -0.124539 -0.898074 0.033803
v 0.233304 -0.675972 0.035059
v 0.231934 -0.684615 0.035470
v 0.089726 0.176778 -0.036107
v -0.166530 0.726483 0.034995
v 0.035408 0.158383 -0.036893
v -0.116675 -0.502685 0.007213
v -0.116849 -0.503244 -0.002905
v 0.136589 -0.968119 0.025403
v -0.105225 -0.057011 0.015618
v 0.126537 -0.881105 0.028701
v -0.216851 0.831093 0.036152
v -0.221024 0.813822 0.035894
v -0.164996 0.708536 -0.036165
v -0.149842 -0.809476 0.035780
v 0.243460 0.789399 -0.022204
v 0.245397 0.777785 -0.022181
v 0.242255 0.779303 -0.027122
v 0.239914 0.804059 -0.026305
v 0.112927 0.202872 0.014735
v -0.088700 0.717360 -0.015104
v -0.086833 0.716975 -0.018511
v 0.142183 0.881233 -0.036213
v -0.011718 0.703649 0.035467
v -0.041111 0.714514 -0.025656
v 0.058377 0.723910 0.035397
v 0.060657 0.728345 0.034917
v -0.116320 -0.893707 -0.028823
v -0.091638 -0.894412 -0.028061
v -0.113094 -0.900056 -0.033494
v 0.181846 -0.691356 -0.036086
v -0.041227 -0.912144 -0.035927
v -0.198049 0.898492 0.014587
v -0.139264 0.720602 0.015528
v -0.104374 0.353468 -0.021091
v 0.182764 0.740814 0.035681
v -0.010594 -1.000255 0.002767
v -0.001151 -1.000475 -0.014944
v -0.001077 -1.000761 0.003620
v 0.098286 0.077268 0.033352
v -0.260287 -0.847956 0.022222
v -0.258606 -0.852834 0.021887
v -0.256252 -0.852634 0.026122
v 0.131761 -0.874824 0.030473
v 0.132203 -0.882270 0.031705
v 0.093003 -0.040876 0.035430
v 0.042131 -0.903729 0.035044
v 0.075748 -0.899171 0.031630
v 0.094767 -0.687188 -0.036182
v 0.093556 -0.697259 -0.035688
v 0.090900 -0.080807 0.035933
v 0.105507 0.890345 -0.034837
v -0.077333 0.033783 0.035955
v -0.200000 0.631317 0.035439
v -0.152939 -0.564282 -0.018261
v -0.148157 -0.559886 -0.022368
v 0.264657 -0.780969 -0.030713
v 0.265782 -0.803561 -0.028035
v -0.073484 -0.887636 -0.021625
v 0.035925 -0.593153 -0.036565
v 0.000953 0.267328 -0.036941
v 0.028988 0.295341 -0.036879
v 0.263744 -0.710385 -0.027380
v 0.270512 -0.753041 0.026551
v 0.049385 -0.995610 0.013111
v 0.183336 0.897838 0.034843
v 0.186181 0.890237 0.035391
v 0.191882 0.886883 0.034679
v 0.191418 0.895712 0.032590
v -0.193248 0.897313 0.014208
v -0.194421 0.897432 0.024448
v -0.188294 0.893933 0.013170
v 0.098327 -0.136922 0.033338
v 0.071151 -0.991526 -0.013841
v 0.082918 -0.988995 -0.005277
v -0.000695 0.560573 -0.036739
v 0.015944 0.617918 -0.036635
v 0.042275 0.580238 -0.036658
v 0.196838 -0.908002 0.035645
v 0.185356 -0.918638 0.035432
v 0.195196 -0.912444 0.034804
v 0.101841 -0.542638 0.035507
v 0.115110 -0.528216 0.034607
v 0.243474 0.736504 0.026814
v 0.231857 0.730349 0.033949
v 0.014182 -0.498491 0.035934
v -0.180304 0.786425 0.035307
v -0.173847 0.775339 0.034788
v 0.047990 -0.708982 0.030057
v -0.045253 -0.190517 0.036153
v -0.122190 -0.870856 0.025076
v -0.122104 -0.879698 0.025577
v -0.120156 -0.878560 0.020445
v -0.120875 -0.861248 0.021557
v 0.093831 0.981939 -0.034613
v 0.268639 -0.784514 -0.027353
v -0.159301 -0.674497 0.035434
v 0.098789 -0.507686 -0.035893
v -0.189822 0.570435 -0.026618
v -0.241003 -0.658049 -0.026670
v -0.236048 -0.676707 -0.035886
v -0.239268 -0.856140 0.035481
v 0.081270 -0.979596 0.033591
v 0.091097 -0.985609 0.026829
v 0.101284 -0.982765 0.026951
v -0.104034 0.027153 0.021726
v -0.112442 0.453377 -0.021477
v -0.106932 0.438166 -0.024296
v 0.085509 0.206388 -0.036492
v 0.085519 0.239826 -0.036451
v 0.089715 0.232622 -0.036120
v -0.142544 -0.694361 0.035634
v 0.096678 0.481369 0.035717
v 0.105078 0.485525 0.031369
v 0.106158 0.512422 0.035767
v -0.151042 0.525030 -0.021947
v 0.084924 -0.512963 -0.036400
v -0.057697 -0.679209 -0.036496
v 0.161703 -0.571484 0.021928
v 0.161125 -0.569055 0.000905
v 0.153160 -0.560913 -0.002009
v 0.067598 -0.991656 0.022054
v 0.169843 0.891636 -0.036220
v 0.068961 0.346886 -0.036701
v 0.077583 0.335398 -0.036657
v 0.096826 0.851114 -0.027773
v 0.097428 0.876481 -0.028224
v -0.076003 -0.904490 0.035043
v -0.074468 -0.908755 0.035645
v -0.068677 0.275696 0.036184
v 0.236195 0.753910 -0.030914
v 0.242587 0.751577 -0.026794
v 0.184173 0.909496 -0.031713
v -0.058121 -0.503902 0.035993
v -0.154722 -0.955776 -0.030213
v 0.019489 0.351329 0.036145
v 0.238227 0.763693 0.031122
v -0.005439 -0.407078 -0.036825
v 0.029935 -0.391160 -0.036774
v 0.114823 0.492756 0.026657
v 0.093275 -0.005631 0.035394
v 0.090939 -0.005920 0.035881
v 0.120097 -0.761963 0.021044
v -0.118634 0.515326 0.035504
v -0.115350 0.506489 0.035155
v -0.106219 0.522560 0.035588
v 0.272105 -0.778989 0.024559
v -0.111364 0.455228 -0.025364
v -0.108491 0.458072 -0.028268
v -0.105433 0.445616 -0.027881
v 0.097360 0.894410 -0.003920
v -0.120088 -0.874858 0.013744
v -0.120344 -0.855388 0.004061
v -0.157630 -0.858009 -0.036163
v -0.104359 -0.525791 0.035334
v -0.100321 -0.513122 0.035422
v -0.160202 0.746342 -0.014775
v 0.173505 -0.853837 -0.036141
v 0.112463 0.402258 0.020573
v 0.209173 -0.919999 -0.024971
v 0.020368 0.471886 0.036003
v 0.061923 0.490198 0.035897
v 0.177569 0.880557 0.035815
v -0.067625 -0.600572 -0.036485
v 0.074176 -0.298380 0.036014
v 0.147107 -0.553747 0.002997
v 0.146186 -0.552404 -0.014201
v 0.125853 -0.553824 -0.034838
v -0.143486 -0.803384 0.035293
v -0.177589 0.805242 -0.035663
v -0.175375 0.776259 -0.035686
v -0.262272 -0.697526 -0.002012
v -0.173709 0.758455 -0.035791
v -0.174436 0.755609 -0.035910
v -0.167852 0.760905 -0.033157
v -0.166428 0.745779 -0.033154
v -0.224000 0.859928 0.025683
v 0.090019 0.314039 -0.036014
v 0.105216 0.053945 0.029464
v 0.109670 0.044399 0.026315
v -0.084362 -0.906335 -0.035800
v -0.030175 -0.905984 -0.035844
v -0.256991 -0.708747 0.031074
v -0.073423 -0.894599 -0.027944
v 0.139076 -0.878555 0.034447
v 0.139298 -0.891958 0.035468
v 0.143254 -0.878420 0.035453
v 0.177826 0.901615 0.035531
v 0.175577 0.894245 0.035750
v -0.224208 -0.905198 0.025798
v -0.143593 0.710266 -0.028531
v 0.024073 0.664521 0.035772
v -0.087888 -0.067656 -0.035985
v 0.119111 -0.712906 0.028036
v 0.122838 -0.720054 0.026529
v -0.059982 0.705598 0.028915
v -0.052200 0.697156 0.034169
v 0.256177 -0.844612 -0.026787
v 0.244074 -0.847764 -0.035684
v -0.105865 -0.154549 -0.002968
v 0.013629 0.713487 0.034292
v 0.202133 0.791298 -0.036290
v 0.118353 0.505889 -0.026755
v 0.114737 0.487221 -0.024891
v -0.167242 -0.937733 0.035674
v 0.129702 0.521382 -0.022269
v -0.223662 -0.650308 -0.033427
v -0.077474 -0.143836 0.035858
v 0.066317 -0.050175 0.035990
v -0.254215 0.668830 -0.022610
v 0.176520 0.589713 -0.022243
v 0.167941 0.578893 -0.020447
v 0.216045 -0.871643 0.035874
v 0.115599 -0.473761 0.002273
v 0.118378 -0.491084 0.001120
v 0.132033 -0.854752 -0.029834
v 0.106008 -0.596488 -0.036134
v -0.236442 -0.886568 0.026726
v 0.224248 -0.635666 0.025020
v 0.099664 -0.147112 -0.031406
v 0.104115 -0.167461 -0.028530
v 0.099790 -0.183326 -0.031314
v 0.095799 0.841396 0.023342
v 0.095609 0.820946 0.023271
v 0.096791 0.840348 0.029177
v -0.235186 -0.893673 -0.026756
v 0.231450 0.840751 -0.026710
v 0.234106 0.826704 -0.027435
v 0.079115 -0.905627 -0.035948
v 0.114353 -0.903787 -0.036078
v 0.095755 -0.911901 -0.035910
v 0.245365 0.767641 -0.022519
v 0.245528 0.751304 -0.022371
v 0.242742 0.767400 -0.026875
v 0.123701 -0.547564 0.034304
v 0.132688 -0.895690 -0.036037
v 0.120224 -0.900497 -0.035407
v 0.044253 -0.077928 0.036109
v -0.093457 0.472261 -0.036416
v 0.208543 -0.632394 -0.031445
v 0.113295 -0.444867 0.003879
v 0.113540 -0.462375 0.004931
v 0.249225 -0.738080 0.035400
v 0.098758 0.475623 -0.033162
v -0.067831 0.593379 -0.036571
v -0.029885 0.611620 -0.036627
v -0.015708 0.583671 -0.036722
v 0.219280 -0.706728 0.035694
v 0.133797 -0.866938 -0.031174
v 0.127443 -0.876061 -0.028598
v -0.087848 0.087238 -0.035818
v 0.231159 0.844803 -0.022973
v -0.229380 -0.901407 -0.026745
v 0.216482 -0.804700 -0.036108
v 0.094853 0.781331 0.026572
v -0.241146 -0.884506 0.001902
v -0.055457 -0.886360 -0.003463
v -0.194979 -0.925817 -0.032601
v -0.183911 -0.931178 -0.035312
v -0.087975 0.204328 -0.035759
v -0.087980 0.163493 -0.035821
v -0.105117 0.054082 0.015355
v 0.217569 0.844433 0.034937
v 0.113231 -0.366751 -0.016647
v -0.064801 -0.701290 0.035519
v 0.061554 0.299777 -0.036750
v 0.053273 0.270185 -0.036794
v 0.016494 -0.898600 -0.031394
v 0.031364 -0.893955 -0.027731
v -0.223218 0.603182 0.001835
v -0.212459 0.589472 -0.003920
v 0.104376 -0.088447 -0.028461
v 0.108878 -0.045107 -0.025814
v -0.246225 -0.850065 -0.034936
v 0.109524 -0.403115 0.026451
v 0.105178 -0.374351 0.029462
v 0.105036 -0.413183 0.029460
v 0.114703 -0.913192 -0.036022
v 0.132345 -0.909751 -0.035968
v 0.118908 -0.963763 -0.035571
v 0.134580 -0.953238 -0.035951
v -0.008977 -0.533708 0.035934
v 0.001935 -0.579666 0.035880
v 0.022937 -0.554935 0.035845
v 0.159743 0.948506 -0.026465
v 0.172359 0.935016 -0.026391
v -0.130348 -0.793671 -0.028176
v -0.070255 -0.299850 -0.036680
v -0.130779 0.703730 0.030734
v -0.103902 -0.293763 0.022286
v 0.114801 -0.723198 0.006465
v 0.088655 -0.597678 -0.036273
v 0.207723 0.630010 0.021778
v 0.205212 0.629849 0.026586
v 0.123088 -0.959172 0.035370
v 0.122533 -0.968213 0.030166
v 0.136158 -0.951752 0.035398
v 0.252298 -0.820002 0.035176
v 0.247700 -0.826424 0.035642
v 0.200369 0.619298 -0.006537
v 0.088161 0.931156 0.007433
v 0.090415 0.926896 -0.001961
v 0.089406 0.925138 0.034297
v 0.087900 0.928936 0.031030
v 0.125275 0.841417 -0.036473
v -0.081764 0.339223 0.035669
v -0.009675 0.617787 0.035899
v 0.123095 -0.693167 -0.036030
v 0.089718 -0.364970 -0.036221
v -0.019131 0.304427 0.036195
v -0.107459 -0.696169 0.035387
v -0.073317 0.667927 -0.036232
v 0.120705 -0.655451 -0.036295
v 0.144860 -0.550732 -0.022556
v -0.168491 0.747486 0.032943
v -0.121028 -0.837532 -0.016382
v -0.120887 -0.809342 -0.010866
v -0.120698 -0.847531 -0.009944
v 0.132396 -0.726720 0.030391
v 0.090523 0.663781 0.035713
v 0.104525 0.641788 0.035763
v 0.138967 0.664055 0.035707
v 0.110256 0.878774 0.035408
v 0.253620 -0.680581 0.022137
v 0.120255 -0.497855 0.003566
v -0.096679 0.067689 -0.030229
v 0.107268 -0.705689 0.033674
v 0.085870 0.937061 0.034326
v 0.089429 0.940623 0.034939
v -0.108239 -0.470724 -0.002191
v -0.110559 -0.481698 -0.022743
v -0.111583 -0.483151 -0.000666
v -0.141792 -0.967182 0.025955
v 0.009953 -0.720334 0.004231
v 0.012496 -0.719540 0.021079
v 0.173177 0.592126 0.026646
v -0.025849 -0.719135 -0.023271
v -0.012407 -0.720029 -0.020955
v -0.047051 0.610178 0.035876
v -0.086078 0.585618 0.035740
v 0.085507 -0.169056 -0.036568
v -0.045520 -0.996402 0.013802
v 0.062865 -0.889953 0.025094
v -0.118833 0.480422 -0.026603
v -0.120092 0.475775 -0.021709
v 0.090686 -0.461820 0.035772
v 0.089509 0.060169 -0.036140
v 0.133368 -0.557804 -0.033357
v 0.145662 0.963733 0.021254
v -0.234733 -0.652605 0.028660
v -0.180375 0.881194 0.000240
v -0.190775 -0.598745 0.011793
v 0.125990 -0.784155 -0.026649
v -0.101322 -0.467064 0.026500
v 0.060126 -0.992299 0.026301
v 0.077139 -0.988917 0.025697
v -0.096610 -0.257271 -0.030323
v -0.096485 -0.303933 -0.030322
v -0.224463 0.607052 0.021638
v -0.119889 -0.874908 0.004059
v 0.101829 0.994426 0.003123
v 0.115292 -0.491431 -0.025884
v -0.096279 -0.943000 -0.036164
v -0.010582 0.682448 0.035844
v 0.233732 0.694013 -0.027092
v 0.137927 -0.776542 -0.033223
v 0.137848 -0.748481 -0.033019
v 0.143705 -0.749388 -0.035803
v 0.245971 -0.871726 0.025990
v 0.057578 -0.702679 -0.035929
v -0.138173 -0.772190 0.033004
v 0.104802 -0.687212 0.035683
v 0.228626 0.802223 -0.034054
v 0.235189 0.794170 -0.030536
v 0.089619 -0.320863 -0.036240
v 0.104820 0.384570 0.029372
v -0.073338 -0.886951 -0.015501
v 0.236119 -0.651898 0.026046
v 0.240151 -0.655134 0.022102
v 0.270053 -0.728325 -0.012514
v 0.172072 -0.949055 -0.022235
v 0.175047 -0.945009 -0.026887
v 0.162172 -0.571954 0.024880
v 0.113052 -0.170023 0.014597
v -0.081583 -0.092036 0.035590
v 0.114936 -0.977612 0.027014
v 0.120556 -0.976430 0.022231
v 0.125134 -0.972852 0.025573
v 0.048813 0.724092 -0.035073
v -0.120859 -0.978818 -0.021373
v -0.240422 -0.657067 0.026164
v -0.239711 -0.653507 0.022278
v 0.221730 0.854719 -0.029845
v -0.232601 0.619027 0.021751
v -0.100354 0.148272 0.026468
v 0.111742 0.916876 0.035994
v 0.093323 0.761537 0.034319
v 0.086502 0.749806 0.035716
v 0.094963 0.758045 0.035693
v -0.208681 -0.912951 -0.032569
v -0.219068 -0.901324 -0.033166
v 0.136702 0.534094 -0.021826
v -0.100352 0.188039 0.026529
v -0.095484 0.191223 0.030145
v -0.096435 0.195041 -0.030204
v -0.025396 0.243855 0.036237
v -0.042475 0.216588 0.036248
v 0.108633 0.206546 -0.025910
v -0.090591 0.100986 -0.034206
v 0.112650 -0.980757 0.009470
v 0.123521 -0.975610 -0.000901
v -0.074182 -0.107585 -0.036712
v -0.121221 -0.742527 -0.015624
v -0.121180 -0.764400 -0.015749
v -0.084374 0.002424 0.035744
v -0.081762 -0.042759 0.035594
v -0.124346 -0.888804 -0.029106
v -0.126358 -0.883487 -0.028069
v -0.118393 -0.880925 -0.023918
v -0.114592 -0.888976 -0.026472
v -0.204874 -0.908563 0.035152
v -0.112552 0.469661 -0.028316
v 0.120101 -0.854728 0.020982
v 0.119831 -0.867098 0.021436
v 0.120850 -0.860994 0.023155
v 0.139988 -0.884224 -0.036031
v 0.137466 -0.894789 -0.036044
v 0.136523 -0.888221 -0.035299
v 0.120272 -0.791945 0.020672
v 0.121019 -0.782433 0.022259
v 0.062364 0.269056 0.036007
v 0.058406 0.233670 0.036073
v 0.183465 0.598546 -0.022293
v 0.178811 0.594256 -0.025705
v 0.196181 0.889013 -0.032581
v 0.204579 0.884442 -0.029887
v 0.164593 -0.831602 0.035521
v 0.192662 -0.855667 0.035594
v 0.059447 0.189520 -0.036741
v -0.230406 -0.692144 -0.035918
v -0.222604 -0.676542 -0.035837
v 0.113457 -0.324406 -0.007412
v 0.130082 -0.971605 0.022307
v 0.133976 -0.970549 0.002348
v 0.141181 -0.966074 0.022223
v 0.060047 0.723727 0.035709
v 0.080181 0.723952 0.035871
v 0.073386 0.737690 0.035650
v 0.014134 -0.887605 -0.021785
v 0.043385 -0.996516 0.021877
v -0.245219 0.804288 -0.025732
v -0.232964 -0.643842 0.021935
v -0.220879 -0.630886 0.022558
v -0.222783 -0.631704 0.014821
v 0.232824 -0.895747 -0.014809
v -0.256408 0.693190 0.024830
v 0.109440 -0.443018 0.026691
v 0.111432 -0.456698 0.024398
v -0.013964 0.724125 0.015067
v -0.019240 0.722932 0.005956
v -0.017244 0.722499 0.017704
v 0.237101 0.818830 0.025407
v 0.089295 0.930564 -0.008334
v -0.145524 0.519919 0.021757
v -0.044541 0.718463 0.020548
v -0.052825 0.714765 0.023711
v 0.271871 -0.785388 0.024509
v 0.273430 -0.784426 0.001624
v 0.256977 -0.850910 -0.022392
v -0.097287 -0.889524 0.024786
v -0.088237 0.362942 0.035005
v 0.191746 0.609049 -0.015244
v -0.134774 0.514224 -0.028517
v -0.031458 -0.559063 0.035930
v 0.015046 0.021142 -0.036974
v 0.026592 -0.204108 0.036141
v 0.053994 -0.256578 0.036084
v 0.057944 -0.215669 0.036068
v 0.098000 -0.312352 0.033343
v -0.142343 -0.599611 -0.036025
v -0.145394 -0.637641 -0.036058
v 0.069059 0.064874 -0.036749
v 0.117945 0.964971 -0.035298
v 0.112424 -0.456910 -0.022067
v 0.108958 -0.433221 -0.025911
v 0.080047 0.949603 0.015139
v 0.089487 0.736093 -0.036276
v -0.235383 0.782975 -0.035516
v 0.124721 -0.511127 -0.022184
v 0.144553 0.547757 0.017809
v 0.144898 0.548054 0.022536
v 0.131445 0.971480 0.026096
v 0.139543 0.967529 0.024393
v 0.102911 0.973005 0.035534
v 0.162932 0.905708 -0.036124
v 0.042015 0.640749 -0.036548
v -0.225556 0.607251 -0.023141
v 0.267323 -0.802326 0.027719
v 0.265017 -0.817595 0.027142
v 0.097156 -0.456362 0.033656
v 0.104759 -0.448895 0.029585
v -0.067270 -0.651168 -0.036430
v 0.122415 -0.740693 0.024295
v 0.123121 -0.758876 0.024139
v 0.202947 -0.914245 0.031033
v -0.108651 -0.527653 -0.035972
v -0.112608 -0.523674 -0.032549
v 0.093043 -0.299898 0.035442
v -0.153812 0.529356 0.021827
v 0.093478 0.914407 0.017718
v 0.095675 0.905689 0.030671
v 0.255428 -0.686928 -0.027677
v -0.121124 -0.796120 -0.016233
v 0.113193 0.471839 0.015574
v 0.113180 0.472069 -0.001776
v 0.114020 0.473085 0.008399
v 0.089598 0.991436 0.031456
v 0.081600 0.978400 0.032254
v 0.021682 0.310412 0.036189
v 0.053961 0.275704 0.036073
v 0.098079 -0.500917 0.035570
v 0.079867 -0.497128 0.035929
v 0.206365 0.894359 0.021671
v 0.215869 0.878869 0.009380
v 0.109795 -0.080206 0.026169
v 0.085520 -0.340037 -0.036533
v -0.200362 0.891651 -0.027985
v 0.075717 0.759122 -0.029736
v 0.100201 -0.501996 0.035366
v 0.105844 -0.512092 0.034745
v 0.107965 -0.495199 0.031021
v 0.097776 -0.485263 0.034970
v -0.061214 -0.236161 0.036179
v 0.172696 -0.585752 -0.026570
v 0.177531 -0.588660 -0.025672
v -0.144456 -0.968444 -0.022318
v -0.156563 -0.623797 0.035778
v -0.100642 -0.225258 0.026819
v -0.095669 -0.243652 0.030028
v -0.105458 -0.346498 -0.003291
v 0.139299 -0.816332 0.034146
v 0.219656 0.679185 -0.032914
v 0.146111 -0.745554 -0.035817
v 0.154724 -0.783845 -0.036133
v 0.105989 0.906461 -0.035970
v 0.109504 0.894160 -0.035820
v 0.101544 -0.717161 0.023384
v -0.258674 0.693971 -0.022167
v -0.257201 0.692055 -0.027526
v -0.256629 0.682975 -0.022287
v -0.060997 0.118646 0.036281
v -0.002365 0.712607 0.033157
v -0.148449 -0.735501 -0.036199
v 0.089656 -0.719386 0.021336
v 0.215580 0.641023 0.012079
v 0.216906 0.645094 0.025020
v 0.210458 0.634294 0.023238
v 0.209061 0.631712 0.013316
v 0.130488 0.914016 -0.036264
v 0.025548 -0.347585 -0.036809
v 0.144920 -0.551823 0.022557
v 0.071184 -0.911663 -0.035948
v 0.008230 -0.720194 -0.020754
v 0.009592 -0.719185 -0.022823
v 0.035847 -0.720540 -0.020355
v -0.087828 0.142899 -0.035827
v -0.150103 -0.881041 -0.036032
v 0.149571 -0.960739 -0.026485
v 0.111985 -0.054906 -0.022028
v 0.246331 0.767272 -0.011474
v 0.221877 0.828756 0.035560
v 0.235798 0.811037 0.029331
v 0.112806 0.468460 -0.011511
v 0.113014 0.455053 -0.007535
v 0.108761 0.364112 -0.025828
v -0.184306 -0.608503 0.032527
v 0.116444 -0.942142 -0.036161
v -0.105609 -0.885349 0.021351
v 0.174606 -0.584219 -0.022454
v -0.182733 0.863269 0.034445
v -0.179571 0.862951 0.031825
v -0.256405 0.750388 0.024960
v -0.088285 -0.135409 0.035034
v -0.084268 -0.147994 0.035729
v -0.081597 -0.115842 0.035604
v -0.260695 0.716134 -0.021649
v 0.109152 -0.967640 -0.035697
v 0.117703 -0.971263 -0.030208
v -0.111255 0.499487 0.035416
v 0.095462 0.782003 0.001201
v 0.092883 0.777002 -0.006083
v 0.194330 -0.606412 -0.026723
v 0.197640 -0.616247 -0.029521
v -0.022015 -0.978660 0.035512
v -0.025004 -0.974924 0.035801
v 0.166034 -0.936120 0.035246
v 0.155329 -0.915752 0.035979
v 0.164533 -0.600919 -0.035017
v -0.246396 -0.708372 0.035496
v -0.106283 -0.719880 0.022253
v -0.097419 -0.719817 0.022025
v 0.117718 -0.889867 -0.030070
v 0.114093 -0.900501 -0.034500
v 0.104139 -0.131917 -0.028632
v -0.105448 -0.387182 -0.003255
v 0.091335 -0.903745 -0.035219
v -0.017016 -0.994008 -0.029624
v -0.003179 -0.994484 -0.029583
v 0.212265 -0.914931 -0.026116
v 0.002874 0.722798 0.029379
v -0.057773 0.719180 0.020365
v -0.041734 0.719470 0.014947
v -0.233935 0.841689 0.006093
v 0.126980 -0.888204 -0.032006
v -0.148323 -0.948725 0.035555
v -0.090653 -0.705459 0.033820
v 0.235158 -0.866089 -0.034798
v -0.115431 0.465149 -0.024550
v -0.126444 0.509244 0.029609
v 0.019013 0.722934 -0.029746
v 0.113120 -0.131441 0.014771
v 0.112905 -0.115467 0.020208
v -0.166647 -0.587310 0.030551
v 0.106514 -0.981764 0.022460
v 0.103257 -0.983728 0.003647
v 0.091554 0.473272 0.035690
v 0.095814 0.471571 0.034854
v 0.055545 0.727116 -0.035762
v -0.142423 -0.551013 -0.013912
v -0.137969 -0.543977 -0.001160
v -0.136677 -0.543070 -0.021950
v -0.143612 -0.724328 0.035524
v 0.091657 0.771082 -0.031021
v 0.102655 0.770968 -0.035850
v -0.155812 -0.566781 0.022531
v -0.170204 -0.654301 0.035451
v 0.077972 0.968188 0.030039
v 0.079036 0.955284 0.029930
v 0.184728 -0.924818 -0.035404
v 0.202087 -0.926270 -0.025258
v 0.178712 -0.930006 -0.035627
v -0.122277 -0.853209 0.024553
v 0.120300 0.981824 0.022004
v -0.104177 -0.447703 0.022106
v -0.105532 -0.459919 0.012846
v -0.105533 -0.469161 0.021616
v 0.110722 0.689251 -0.036382
v 0.244472 0.725242 0.001678
v 0.128155 -0.544961 0.033095
v 0.122657 -0.545961 -0.034424
v 0.125053 -0.534566 -0.030841
v 0.089549 0.993943 0.028637
v 0.090352 0.996585 0.022917
v 0.259464 -0.826714 0.029232
v 0.262410 -0.831183 0.025889
v 0.170092 -0.579703 -0.024344
v -0.100519 0.258510 0.026039
v -0.091597 0.268427 0.032750
v 0.040830 0.412626 -0.036757
v 0.029283 0.367924 -0.036834
v -0.055589 -0.987507 -0.032357
v -0.199110 -0.911375 0.035574
v -0.249555 -0.833906 0.035706
v -0.245962 -0.845557 0.035614
v -0.231926 -0.842418 0.035610
v 0.213289 -0.915901 -0.022259
v -0.103561 -0.257849 -0.024072
v -0.087867 -0.454028 0.034747
v -0.101036 -0.447986 0.026095
v 0.051602 0.336470 -0.036755
v -0.267316 -0.714394 -0.012700
v -0.143883 -0.812541 -0.036215
v 0.110669 0.866976 -0.035742
v 0.107012 0.867995 -0.035200
v 0.142387 -0.568089 -0.032917
v 0.145088 -0.554651 -0.026949
v 0.150320 -0.563254 -0.027499
v 0.208497 0.888692 0.025809
v -0.083935 -0.449977 0.035744
v -0.084143 -0.402312 0.035713
v -0.121012 -0.841323 0.021176
v 0.115328 -0.494666 0.026871
v 0.006159 0.417468 0.036080
v 0.010014 -0.886344 0.008906
v 0.024308 -0.886173 0.005322
v 0.111682 0.322101 0.023178
v 0.055516 0.668897 0.035727
v -0.131143 -0.807082 0.029707
v 0.160788 0.569401 -0.021966
v 0.154917 0.563412 -0.024714
v 0.157356 0.569169 -0.025552
v -0.257711 0.759526 0.015608
v -0.157013 0.731494 -0.022252
v -0.091875 -0.048061 0.032916
v -0.128415 0.704467 -0.026852
v -0.138395 0.703831 -0.030058
v 0.273398 -0.783308 -0.007356
v 0.112067 -0.099824 0.023033
v -0.092565 0.538417 0.035739
v 0.132068 0.557324 0.033986
v 0.113217 -0.464692 0.021016
v 0.074172 0.156986 0.036091
v 0.076131 0.117416 0.036122
v -0.259329 -0.808855 0.032850
v -0.252424 -0.821953 0.035705
v 0.134726 -0.586522 0.035482
v 0.115190 -0.478675 -0.022154
v -0.243873 -0.751723 0.035428
v 0.078313 0.974522 0.026497
v 0.080077 0.969195 0.033218
v -0.118893 0.525041 -0.035939
v -0.101332 0.531164 -0.036326
v -0.110833 -0.482170 0.011513
v -0.113993 -0.496350 0.015408
v -0.058032 -0.702434 -0.036361
v -0.088425 -0.249226 0.034974
v 0.104817 0.777784 -0.036019
v 0.215884 0.793739 -0.036349
v -0.105877 -0.047899 -0.002904
v -0.235370 -0.678803 0.035486
v -0.120962 -0.756342 -0.007398
v 0.105725 0.813748 0.034995
v 0.110290 0.814265 0.035451
v -0.271249 -0.794039 -0.027605
v -0.260685 -0.790459 -0.035475
v -0.267213 -0.805339 -0.029322
v -0.088200 -0.413392 0.034836
v 0.097721 0.420724 0.033273
v -0.256861 0.769205 -0.018037
v 0.191762 0.639447 0.035556
v 0.211958 -0.623751 0.025593
v 0.085588 0.280759 -0.036443
v 0.100891 0.919732 -0.035840
v -0.054214 -0.925927 -0.036122
v 0.218689 -0.663532 0.035363
v 0.217324 -0.653142 0.035125
v 0.081218 0.947613 0.033593
v 0.083633 0.944977 0.034146
v 0.083560 0.956858 0.034327
v 0.080285 0.956853 0.033465
v -0.131559 0.503944 0.024877
v -0.112799 -0.884174 -0.021629
v -0.026241 0.091702 -0.036978
v -0.239451 -0.652419 -0.021442
v -0.238987 -0.650503 -0.003202
v 0.109369 -0.722256 -0.005029
v 0.109368 -0.721502 -0.015190
v -0.231110 0.835894 -0.028236
v -0.263250 -0.838341 -0.013961
v -0.268913 -0.817435 -0.013891
v -0.217799 0.634120 0.035279
v 0.112741 -0.884078 -0.019531
v 0.114932 -0.881845 -0.019649
v 0.113567 -0.258191 -0.005313
v -0.202751 0.889582 0.027089
v -0.201058 0.887736 0.029454
v 0.096304 0.900179 0.030200
v 0.096818 0.886443 0.023331
v -0.238667 0.626082 -0.014288
v -0.105439 -0.420101 -0.002813
v 0.151503 -0.859431 0.035481
v 0.210152 0.873309 0.031367
v 0.261841 -0.806333 0.031083
v 0.060294 -0.986713 -0.031008
v 0.061960 -0.980229 -0.035537
v 0.217635 0.642984 0.002645
v -0.100658 -0.059237 0.026825
v 0.171255 -0.950467 -0.002053
v -0.184323 0.878359 -0.032567
v 0.085916 0.001721 0.036167
v 0.090967 0.030042 0.035904
v 0.085916 0.039722 0.036195
v -0.207820 0.863387 -0.035252
v -0.211986 0.844421 -0.035484
v -0.100705 0.277245 -0.027040
v 0.113508 -0.508165 0.030288
v 0.081032 0.981502 -0.029141
v -0.092163 -0.926698 -0.036082
v 0.160847 0.951085 -0.010461
v 0.089779 0.997428 -0.023054
v -0.157388 -0.580402 -0.031696
v 0.113468 -0.170764 0.003094
v 0.095162 -0.484584 0.035640
v 0.158955 0.582358 0.029438
v 0.266250 -0.719908 0.026939
v -0.235360 -0.774820 0.035458
v 0.123346 -0.975038 -0.025187
v -0.254831 0.675104 0.023901
v 0.113206 -0.202380 -0.016331
v -0.038770 -0.998473 -0.001225
v -0.031097 -0.999554 -0.009466
v 0.221590 -0.642059 0.029494
v -0.062309 -0.143086 -0.036924
v -0.019243 -0.423279 0.036031
v -0.054442 -0.995240 0.021473
v 0.104332 0.991088 0.022418
v 0.138460 0.536179 0.021419
v -0.184958 0.668735 0.035395
v 0.143427 -0.775321 -0.035819
v 0.246592 -0.874198 -0.000251
v -0.256577 -0.683986 -0.021519
v 0.097962 0.352204 0.033225
v -0.035486 -0.516981 0.035976
v -0.166557 0.783646 0.021600
v -0.163077 0.762326 0.000589
v 0.079287 0.764719 -0.028626
v 0.078734 0.765265 -0.027652
v -0.090143 -0.389197 -0.034340
v -0.087411 -0.389440 -0.035893
v -0.087020 -0.425997 -0.035925
v 0.012486 -0.701288 0.035475
v 0.052501 -0.339133 0.036029
v 0.041793 -0.301594 0.036070
v 0.126730 -0.522267 0.026263
v 0.014490 -0.985872 0.035588
v -0.037881 0.694628 -0.035670
v 0.226621 0.663238 -0.022772
v -0.267936 -0.728307 0.027506
v -0.105954 -0.473319 0.023959
v -0.108630 -0.503510 -0.029887
v -0.115677 -0.510492 -0.026783
v -0.125657 -0.886075 0.029676
v 0.026372 0.554636 0.035969
v -0.033892 0.420706 0.036028
v -0.126431 0.522082 0.034368
v -0.123095 0.531391 0.035511
v 0.111999 -0.127180 0.023049
v 0.270925 -0.768039 0.026513
v -0.214740 -0.917337 0.022138
v -0.215729 -0.914015 0.025956
v -0.207425 -0.877163 -0.036120
v -0.183406 -0.900066 -0.036139
v 0.078185 0.974059 0.011111
v 0.121356 -0.932595 -0.036156
v 0.131792 -0.924499 -0.036019
v 0.156617 -0.958517 -0.022211
v -0.164444 0.772484 -0.009067
v -0.164706 0.771045 -0.023020
v -0.078076 -0.475890 -0.036328
v -0.138932 -0.954203 0.035878
v -0.158415 0.735887 -0.022971
v -0.157473 0.731806 -0.024657
v -0.120002 -0.874860 -0.008389
v -0.189631 0.821954 -0.036022
v 0.246242 -0.872947 0.022103
v 0.120523 -0.830953 -0.021772
v -0.043337 0.020455 -0.036973
v -0.007334 0.033695 -0.037004
v 0.016783 -0.903898 0.034934
v -0.187197 0.891528 -0.022424
v -0.148202 0.704086 0.035299
v -0.147956 0.710138 0.032517
v 0.075458 -0.720915 -0.013957
v 0.093738 -0.721247 0.001447
v 0.240311 0.803234 0.026923
v 0.239553 0.814769 0.022529
v 0.092872 0.413768 0.035425
v -0.252841 -0.680632 0.026642
v -0.081434 -0.196766 0.035606
v 0.157452 -0.565656 -0.015492
v 0.160131 -0.569237 -0.022538
v 0.203664 -0.831923 -0.036107
v -0.070537 0.530853 -0.036577
v -0.259427 0.750526 0.015613
v -0.159487 0.562352 -0.035470
v -0.255213 -0.857358 0.025260
v -0.106148 -0.457974 -0.001193
v 0.084744 -0.988162 -0.022233
v 0.095369 -0.984321 -0.026466
v 0.024466 -0.710249 0.028807
v 0.100359 0.001845 -0.031251
v 0.108949 -0.024326 -0.025717
v 0.104388 -0.033369 -0.028444
v 0.049420 0.737873 0.027035
v 0.052778 0.736065 0.029867
v 0.211422 -0.894343 0.035353
v -0.198036 0.574357 -0.003810
v 0.141558 -0.714102 -0.036031
v 0.137569 -0.706414 -0.036064
v -0.099136 0.470305 -0.035860
v 0.121538 -0.758916 -0.023581
v -0.273276 -0.786741 0.022048
v -0.213351 0.868124 0.030811
v -0.104016 -0.233138 0.022278
v 0.121116 -0.810322 0.022189
v -0.193977 0.890740 -0.028783
v -0.124731 -0.797702 -0.024847
v -0.121857 -0.811743 -0.021588
v -0.123945 0.519413 -0.035502
v 0.122451 -0.726818 0.025387
v 0.084114 0.937281 0.030558
v -0.044612 -0.274355 0.036128
v -0.010177 -0.254493 0.036153
v 0.112966 0.245842 -0.015621
v 0.113263 0.245852 -0.007618
v -0.105419 -0.122940 -0.020467
v -0.258834 0.693172 0.021456
v 0.190869 -0.934743 -0.022893
v 0.091728 -0.987098 -0.001907
v -0.121679 0.718714 0.022366
v -0.124482 -0.740403 -0.024898
v -0.189476 0.890902 -0.027203
v -0.188104 0.885962 -0.030104
v 0.213335 0.879840 0.026385
v 0.214116 0.880573 0.022262
v 0.235870 0.829953 -0.022738
v 0.089650 0.107186 -0.036121
v 0.250736 -0.862249 -0.025384
v 0.193697 0.612000 0.021805
v -0.024891 -0.904172 0.034957
v -0.257084 0.769616 -0.003283
v 0.002237 -0.999791 0.021702
v 0.072213 -0.396919 0.035927
v 0.068475 -0.424786 0.035819
v 0.111772 0.245792 -0.021977
v 0.105202 -0.148691 0.029435
v 0.105185 -0.348601 0.029416
v -0.224916 0.605829 0.012956
v -0.231058 0.614308 -0.002511
v 0.098243 -0.037661 0.033240
v -0.260781 -0.778268 -0.035551
v 0.112656 0.167795 0.020332
v 0.009040 0.265468 0.036239
v -0.167580 0.781601 -0.030592
v -0.168094 0.770827 -0.032706
v -0.076253 0.645986 0.035740
v 0.120321 -0.817144 0.020634
v 0.120265 -0.834352 0.020675
v 0.121090 -0.833628 0.022196
v -0.043856 0.388326 0.036095
v 0.139719 0.573174 -0.035433
v 0.147472 0.585964 -0.035966
v -0.087965 -0.001330 -0.035898
v -0.214283 0.868525 -0.030206
v -0.207340 0.873637 -0.032767
v -0.229730 0.792527 0.035514
v 0.202239 0.751057 -0.036288
v 0.210705 0.760442 -0.036369
v 0.210684 0.725339 -0.036293
v 0.085915 -0.294495 0.036128
v -0.123471 -0.709767 0.030594
v -0.105381 0.130695 -0.001967
v -0.088247 0.288789 0.035097
v -0.123354 0.552517 0.035667
v -0.113547 0.571281 0.035662
v 0.138419 0.604303 -0.036133
v -0.107771 -0.470031 0.007562
v -0.068554 -0.991886 0.025845
v -0.038343 0.719448 -0.021191
v -0.044433 0.719658 -0.011525
v -0.033634 0.719993 -0.021047
v 0.089756 -0.621998 -0.036374
v 0.123800 -0.781636 0.024413
v 0.059294 -0.994434 -0.021665
v 0.095676 0.915278 -0.035515
v -0.055106 0.715161 -0.023406
v 0.095649 0.800546 0.022380
v 0.002599 0.064293 -0.037000
v 0.098255 0.901650 -0.029431
v 0.118521 -0.874667 0.015215
v -0.104962 0.360320 0.007664
v -0.218130 0.598821 0.021595
v -0.109360 -0.720592 -0.021272
v -0.210673 -0.921101 -0.027065
v 0.116763 0.482477 0.003211
v -0.148072 0.724811 0.015843
v -0.090053 -0.701410 0.035412
v 0.229979 0.670352 -0.010960
v -0.240627 -0.862388 0.033324
v -0.061084 -0.295911 0.036146
v 0.141366 -0.905713 0.035609
v -0.167779 -0.578639 0.022383
v 0.082747 0.945137 -0.026855
v -0.105300 0.111201 0.007732
v -0.238957 0.827154 0.006802
v -0.250918 -0.706683 0.034136
v 0.116014 -0.881238 -0.025101
v -0.131031 0.590792 0.035606
v -0.104014 0.621444 0.035675
v 0.243521 -0.730156 -0.036144
v 0.098103 -0.353223 0.033334
v 0.010246 -0.233106 0.036166
v 0.017506 -0.277258 0.036139
v 0.099929 -0.048879 -0.031256
v 0.031349 -0.291189 -0.036861
v 0.224148 0.661021 -0.026390
v -0.047251 -0.978601 -0.035736
v 0.130212 -0.828595 0.028807
v 0.245845 0.748784 0.021656
v 0.105466 -0.722100 0.015546
v 0.105465 -0.722371 0.006630
v 0.244367 -0.761273 0.035504
v 0.114180 0.474867 0.022710
v -0.050140 -0.887723 -0.021507
v -0.007717 -0.887688 -0.021641
v 0.140354 0.963417 0.026723
v 0.123922 0.970890 0.030263
v -0.246656 -0.664885 0.022323
v -0.122518 -0.811111 0.024046
v 0.135004 0.582893 -0.035932
v 0.176564 0.930737 0.021542
v -0.141577 -0.551074 -0.025376
v 0.120624 -0.746624 0.022706
v 0.111404 0.511457 -0.032559
v 0.066301 0.093208 0.036116
v 0.113196 -0.709021 0.030255
v -0.208298 -0.664226 0.035644
v -0.242514 -0.657076 0.011038
v 0.255351 -0.721100 0.033553
v -0.105422 -0.983246 -0.009918
v -0.209976 0.779113 -0.035963
v -0.171651 0.824113 -0.023418
v 0.085490 -0.300996 -0.036617
v -0.006088 -0.904287 -0.035312
v 0.138484 -0.858724 -0.033564
v -0.231554 0.794661 -0.035565
v -0.231961 0.810522 -0.033519
v -0.228661 0.804913 -0.035416
v -0.088421 -0.016175 0.035064
v -0.088496 -0.052463 0.035094
v -0.084450 -0.043879 0.035703
v 0.273560 -0.754386 -0.008580
v 0.273408 -0.753991 -0.015207
v 0.097962 0.902873 -0.007041
v -0.105539 0.420570 0.010608
v -0.105977 0.423724 -0.001323
v 0.103116 -0.903405 -0.035326
v 0.006012 -0.890682 -0.025638
v 0.011197 -0.709046 0.030021
v 0.004729 -0.705271 0.033791
v -0.109252 -0.481736 -0.025016
v 0.202450 -0.614616 -0.026793
v -0.248433 0.775128 -0.029427
v -0.245382 0.799215 -0.026963
v -0.239203 0.805757 -0.029893
v -0.238972 0.788382 -0.032803
v -0.124271 0.715448 -0.018537
v 0.046473 -0.589489 0.035758
v 0.057599 -0.630845 0.035735
v 0.014101 0.727210 -0.026402
v -0.147513 0.524233 0.024628
v 0.148693 -0.921494 -0.035933
v 0.044208 -0.065298 -0.036830
v 0.097477 -0.440677 0.033428
v 0.221594 0.817448 -0.035816
v 0.189590 -0.889576 0.035790
v -0.191228 -0.623074 -0.035438
v -0.191400 -0.607909 -0.029209
v 0.123886 -0.809153 0.024570
v 0.077544 0.120132 -0.036678
v 0.077578 0.177920 -0.036681
v 0.100938 0.851402 0.032667
v 0.100945 0.829661 0.032771
v 0.099819 -0.106036 -0.031351
v 0.133165 -0.546532 -0.030176
v 0.053228 -0.398455 0.035921
v -0.211095 -0.922193 -0.021721
v -0.220413 -0.911227 -0.026780
v -0.218437 0.869266 -0.026795
v -0.065916 -0.940491 0.035579
v -0.077453 -0.918448 0.035380
v -0.258643 0.692492 -0.012650
v 0.113612 -0.474624 -0.024623
v 0.098333 -0.005256 0.033221
v -0.121563 0.689176 0.035524
v -0.112802 0.680481 0.035841
v -0.112597 -0.903642 -0.035863
v -0.093311 -0.909907 -0.035757
v -0.069877 -0.909300 -0.035793
v -0.027766 0.719266 0.015528
v -0.084373 -0.344984 0.035675
v 0.195803 0.875819 0.035729
v -0.258164 0.759475 -0.004841
v 0.159160 -0.956127 -0.025744
v -0.171159 -0.937405 -0.035555
v -0.169803 -0.926542 -0.035809
v -0.157834 -0.945547 -0.035448
v -0.254510 0.673969 -0.025840
v 0.253352 -0.861184 0.022204
v -0.231780 0.817414 -0.032490
v -0.224353 0.817678 -0.035306
v 0.097962 0.781027 -0.031374
v 0.098791 0.796724 -0.031000
v 0.103108 0.788730 -0.034506
v -0.113963 -0.493421 -0.003336
v -0.159860 0.539182 0.024873
v -0.112282 -0.651946 -0.036284
v 0.095415 -0.971954 -0.035665
v -0.116332 -0.721155 0.017793
v -0.224180 0.614769 -0.028381
v -0.130235 -0.881780 -0.030122
v -0.169957 -0.896272 0.035625
v -0.093563 0.505810 -0.036418
v 0.265266 -0.824510 0.023285
v -0.111205 -0.705618 0.033424
v -0.185916 -0.654156 0.035605
v -0.112294 -0.709690 0.029779
v -0.116059 -0.721795 0.004224
v 0.093596 -0.986169 -0.014092
v 0.124658 -0.513780 0.025200
v 0.239524 -0.881649 -0.025921
v -0.028189 0.720406 -0.023670
v 0.016923 -0.886572 0.012586
v -0.069468 -0.992756 0.021780
v -0.070250 -0.163021 -0.036769
v -0.120651 -0.702240 -0.035809
v 0.113151 -0.521678 0.034172
v -0.078114 0.194662 -0.036449
v 0.113381 0.042332 0.003075
v 0.241333 -0.657360 0.025238
v -0.051234 -0.887102 0.015340
v 0.123838 -0.846975 0.024783
v 0.017734 -0.887329 0.021514
v 0.036745 -0.890060 0.025225
v 0.148545 -0.947628 -0.035551
v 0.109005 -0.399494 -0.025877
v -0.201593 0.580195 0.022071
v 0.193642 -0.603532 0.022174
v -0.012780 -0.946313 0.035511
v -0.221612 -0.910814 -0.018658
v -0.211643 -0.921111 -0.015164
v -0.210150 -0.922827 -0.003260
v 0.020460 -0.992560 -0.029974
v -0.087893 -0.091803 -0.035931
v -0.095771 0.105981 0.029857
v 0.112000 -0.025105 -0.021949
v 0.112538 0.972293 0.033672
v -0.126629 -0.941326 -0.036076
v -0.009425 -0.999451 0.014027
v 0.092907 0.362727 0.035429
v 0.097855 0.386416 0.033290
v 0.057442 -0.150471 -0.036751
v 0.075515 -0.187721 -0.036727
v 0.118568 0.591364 -0.036198
v 0.128830 0.618236 -0.036234
v 0.095615 0.444304 -0.033585
v 0.106759 0.990822 -0.016033
v 0.119855 -0.800434 0.015735
v 0.062374 0.142694 0.036059
v -0.169006 0.768901 0.032078
v -0.166136 0.771295 0.029039
v -0.261037 0.715200 -0.003351
v -0.259035 0.692950 -0.002784
v -0.210722 0.852237 0.036155
v -0.208127 0.847154 0.036369
v -0.203955 0.862669 0.036206
v 0.204694 0.893352 -0.026545
v -0.127713 -0.970501 -0.029505
v 0.137895 -0.544577 -0.026880
v 0.140784 -0.557548 -0.030211
v -0.095682 -0.194337 0.030160
v -0.271002 -0.743139 0.026509
v -0.157388 -0.888132 0.035669
v 0.139256 0.572254 0.035167
v -0.172555 0.736014 0.035215
v -0.242579 0.754228 -0.035234
v 0.110154 0.988669 0.012010
v -0.077543 0.331247 0.035912
v -0.101497 -0.456327 -0.027456
v 0.246085 -0.790559 -0.036177
v -0.038314 0.122635 -0.036946
v 0.212534 0.640564 0.026758
v -0.026104 -0.999676 0.002079
v -0.172439 -0.586409 0.026821
v 0.206296 0.658585 0.035620
v -0.104930 0.081834 -0.020560
v -0.193425 0.595955 0.034336
v 0.085582 0.464196 -0.036488
v 0.020292 -0.998080 -0.025389
v 0.191244 0.611682 0.025948
v 0.123867 0.508059 -0.023290
v 0.113527 -0.979472 0.025027
v 0.081088 0.974634 -0.032637
v 0.094319 0.416366 -0.034235
v 0.013364 -0.355587 0.036090
v -0.058093 -0.992763 0.025862
v -0.105639 -0.237783 -0.003117
v 0.262693 -0.833065 -0.022175
v -0.216528 -0.898580 -0.035375
v 0.070253 0.017286 0.036088
v -0.245084 0.771976 0.031844
v 0.115426 -0.967494 0.033181
v 0.144289 -0.965044 0.002351
v 0.125502 -0.738521 -0.026454
v -0.162347 0.755043 -0.023076
v -0.054192 -0.996835 -0.021949
v -0.090293 0.718107 -0.006992
v 0.197349 -0.693342 0.035441
v 0.131477 -0.749156 -0.029333
v -0.156342 -0.777801 0.035796
v -0.027907 -0.929197 0.035490
v -0.178257 -0.589402 0.025358
v -0.115376 -0.719558 0.022701
v 0.185377 0.906904 0.030797
v -0.163965 0.762576 0.027290
v 0.089589 -0.679021 -0.036324
v 0.109569 -0.165754 0.026248
v 0.152825 -0.561758 -0.022811
v 0.270899 -0.788858 -0.025788
v 0.270592 -0.809837 0.002278
v 0.124762 -0.706274 0.034141
v 0.107447 -0.532679 -0.035960
v -0.037701 -0.997442 -0.025673
v 0.197694 0.650911 0.035563
v 0.200046 0.646905 0.034781
v 0.075599 -0.540056 -0.036353
v -0.239847 -0.810120 0.035577
v 0.082508 0.945378 -0.009050
v -0.052993 0.556580 -0.036651
v 0.157015 -0.570157 -0.026995
v 0.161726 -0.571930 -0.025682
v 0.159131 -0.574206 -0.027675
v -0.258046 0.759965 -0.018194
v -0.108650 -0.888510 0.025337
v -0.173094 0.559338 -0.029177
v 0.081182 -0.720899 0.015574
v 0.093748 -0.721067 0.015561
v 0.093744 -0.720566 0.019870
v -0.274958 -0.773582 0.022276
v -0.102846 -0.695269 -0.035935
v 0.135742 0.635878 -0.036301
v -0.182211 0.852942 0.035281
v 0.113313 0.296678 -0.007634
v -0.092479 0.453462 0.035674
v -0.065354 -0.473436 0.036048
v 0.098205 -0.372208 0.033379
v 0.214331 0.679005 -0.035363
v -0.140105 -0.761706 -0.034233
v -0.260092 0.748583 -0.004480
v -0.027256 -0.982040 0.035782
v 0.044642 0.734053 -0.028788
v -0.193030 0.856590 0.035986
v -0.185390 0.834176 0.035866
v 0.055583 -0.994392 0.021998
v -0.096463 -0.359803 -0.030353
v -0.104693 0.402318 0.015612
v -0.104974 -0.951069 -0.036045
v 0.094100 -0.078361 -0.034461
v 0.100102 -0.079709 -0.031262
v -0.104457 -0.893918 0.027568
v 0.094100 -0.048799 -0.034375
v 0.245681 0.744911 0.021644
v -0.135179 -0.778678 -0.031309
v -0.135858 -0.889845 0.035048
v -0.165640 0.765197 -0.029802
v 0.090878 0.450618 0.035857
v -0.088598 0.430161 0.035496
v -0.088465 0.414077 0.034943
v -0.164897 0.758631 0.029215
v 0.210779 -0.644880 0.034894
v -0.219627 0.850235 0.031913
v -0.244003 0.751286 0.034682
v -0.147322 0.548243 0.034916
v -0.258452 -0.854431 0.002241
v 0.100538 0.019161 -0.031155
v -0.008727 -0.709319 0.029999
v -0.005158 -0.703239 0.035761
v 0.097306 0.905388 0.000188
v 0.097273 0.902406 0.012493
v 0.092911 -0.524324 -0.036425
v 0.099267 -0.545116 -0.036325
v 0.119699 -0.847928 0.015626
v 0.109319 0.249755 0.026222
v 0.207390 -0.901825 0.034881
v 0.272602 -0.782997 -0.022446
v 0.271186 -0.797195 -0.022607
v 0.093037 -0.469397 0.035520
v -0.257298 -0.788323 -0.035845
v -0.184247 0.889198 0.000980
v 0.119159 -0.867085 0.015607
v -0.156055 0.531454 -0.024922
v -0.064096 -0.980345 0.035414
v 0.148339 0.960408 0.023852
v -0.261573 -0.703914 0.026881
v -0.084465 -0.091964 0.035701
v 0.153154 0.591110 0.034837
v 0.085922 0.476649 0.035921
v -0.222472 0.681899 -0.035911
v 0.112777 0.455056 -0.015619
v -0.105297 0.169827 -0.001705
v 0.101556 -0.721727 -0.004416
v 0.108627 -0.721069 -0.021842
v 0.189342 0.605984 -0.022552
v -0.213365 -0.646496 0.035049
v 0.085913 0.190593 0.036181
v -0.097847 -0.588353 0.035635
v -0.088451 -0.303694 0.034945
v -0.068979 0.119972 0.036238
v -0.216210 0.842573 -0.035188
v -0.216199 0.853154 -0.033889
v 0.244436 0.751855 0.027016
v 0.238246 0.770153 -0.029619
v -0.084765 0.105658 -0.036206
v 0.037041 -0.373464 0.036023
v -0.194857 0.875166 -0.035069
v 0.179715 -0.875093 0.035654
v 0.001861 0.726683 -0.025021
v 0.245466 -0.868951 -0.026731
v 0.210731 -0.900496 -0.035254
v 0.084370 0.767338 -0.029687
v 0.083612 0.760010 -0.032528
v -0.153758 -0.585264 -0.035189
v 0.111999 -0.185602 -0.022002
v 0.111981 -0.228978 -0.021996
v -0.045839 -0.981339 0.035546
v 0.200378 0.875200 0.034743
v 0.232671 0.684858 -0.026824
v -0.231329 0.794778 0.035610
v 0.141318 0.950843 -0.032955
v -0.003574 -0.718884 0.022146
v 0.113167 0.078212 -0.014915
v 0.111815 0.210575 -0.022045
v 0.090094 0.974175 0.035118
v -0.173241 0.831023 0.028109
v 0.090108 0.396106 -0.036062
v 0.034654 -0.999220 -0.021131
v 0.043869 -0.997662 -0.021402
v 0.194594 0.644797 0.035556
v 0.196111 0.643976 0.035388
v -0.214445 -0.622972 -0.013988
v 0.127967 0.569772 -0.035913
v -0.119086 -0.701426 0.035436
v 0.112680 -0.351715 0.020297
v -0.060330 -0.994330 -0.026214
v 0.245465 -0.678939 -0.030952
v 0.235283 0.813739 -0.028515
v -0.240434 0.768224 -0.034824
v 0.132121 -0.889116 0.033542
v -0.197673 0.897852 0.021451
v 0.097777 0.974111 0.035534
v -0.106002 0.436478 0.022562
v 0.204592 -0.624562 -0.030094
v -0.180541 0.754197 0.035297
v 0.075283 0.528782 -0.036484
v -0.162579 0.746761 -0.029067
v -0.096329 -0.411372 -0.030404
v 0.036245 0.689954 0.035762
v -0.276268 -0.777253 0.001795
v 0.109122 -0.884328 -0.013626
v 0.119755 -0.790910 0.015619
v 0.196293 -0.624604 -0.033102
v 0.158800 -0.929579 -0.035515
v 0.169313 -0.936254 -0.035280
v -0.256477 -0.812604 -0.035553
v 0.096901 -0.962694 -0.035573
v -0.255485 -0.858727 0.021922
v 0.224362 0.660815 0.025224
v -0.117270 -0.722072 -0.008874
v 0.113548 -0.093365 -0.009130
v 0.128909 -0.710397 -0.032272
v -0.173527 0.756573 0.034988
v -0.218800 0.602118 0.024383
v -0.218290 -0.627195 -0.013468
v -0.147168 -0.950774 -0.035360
v -0.088404 -0.355312 0.034909
v 0.108777 -0.495582 -0.030848
v 0.227239 -0.725130 -0.036120
v -0.105117 0.148317 0.007718
v -0.168061 0.790521 -0.028859
v 0.231818 -0.895736 0.021411
v -0.200869 0.874273 -0.034608
v -0.200480 0.880824 -0.033115
v -0.194101 0.880123 -0.034027
v -0.002634 -0.719871 0.020213
v 0.059652 0.702314 0.035713
v 0.085276 0.937040 0.007822
v 0.196926 0.621484 0.027911
v -0.213280 0.850890 0.035357
v 0.097885 -0.416019 0.033362
v -0.085183 -0.469096 0.035758
v 0.189699 0.898870 -0.032840
v -0.101026 -0.373944 -0.027194
v 0.209423 0.886933 -0.026327
v -0.188063 0.733283 0.035497
v -0.100343 0.226421 0.026458
v -0.057034 -0.980796 0.035527
v -0.231170 0.828599 -0.030298
v -0.224289 0.829451 -0.034271
v 0.064136 0.736550 0.033559
v -0.274167 -0.790144 0.000959
v -0.187082 0.759266 0.035381
v 0.124383 -0.702078 0.035489
v -0.028184 0.712401 0.024900
v -0.100572 -0.035791 0.026788
v -0.121646 0.478839 0.021524
v -0.222816 0.845488 -0.031696
v 0.175524 0.930248 0.024570
v -0.247481 0.698391 -0.033910
v 0.149123 -0.569280 -0.030335
v 0.153849 -0.571725 -0.029017
v -0.206463 0.863657 0.035518
v -0.238168 0.819190 -0.027510
v 0.064262 -0.407157 -0.036632
v 0.143687 0.545220 -0.021674
v -0.086897 -0.457645 -0.036055
v -0.223626 0.853210 -0.028459
v -0.122289 -0.924118 0.035727
v -0.237475 0.815756 -0.029123
v 0.218400 0.658626 0.028672
v -0.220659 0.791822 -0.035736
v -0.115588 0.468733 0.024516
v -0.117826 0.479403 0.025864
v 0.112808 -0.282161 0.020397
v 0.048271 0.140450 0.036167
v 0.220359 0.654297 0.026118
v -0.088607 -0.945052 0.035590
v -0.075172 0.302241 -0.036575
v -0.084372 -0.290020 0.035652
v -0.162197 0.750481 0.026970
v 0.105394 -0.903788 0.035297
v 0.101561 -0.720967 0.019865
v -0.043858 0.054713 -0.036966
v -0.084556 0.310254 -0.036333
v -0.106672 0.429352 -0.001363
v -0.106555 0.429539 0.007065
v 0.163636 0.575062 -0.025174
v 0.224222 -0.904443 0.008834
v 0.090112 0.427477 -0.036088
v 0.082143 0.944351 0.008121
v 0.082161 0.942449 0.030257
v 0.151965 0.558363 0.021398
v 0.273133 -0.785263 -0.015635
v 0.174556 -0.942427 0.029106
v -0.008597 0.192712 0.036278
v 0.095653 0.781876 -0.028345
v -0.209569 0.880840 -0.028013
v -0.081316 -0.344975 0.035579
v -0.206667 0.880973 -0.030075
v 0.085917 -0.171648 0.036147
v -0.210737 0.818219 -0.035926
v 0.193437 0.611649 -0.026122
v -0.112783 0.718193 0.007198
v -0.070521 -0.982842 -0.033985
v -0.058783 -0.720411 -0.005371
v 0.247747 -0.708691 0.035133
v 0.093075 0.339326 0.035402
v -0.239501 0.663570 -0.034172
v -0.204446 0.886354 -0.028832
v 0.001646 -0.894237 -0.027836
v 0.096483 0.826352 -0.027714
v 0.141877 -0.870543 -0.035463
v 0.078643 -0.903858 0.035149
vn 0.1369 0.3912 -0.9101
vn 0.1038 0.1755 -0.9790
vn 0.2172 0.3679 -0.9042
vn 0.0441 0.3281 -0.9436
vn 0.0478 0.1691 -0.9844
vn -0.0265 0.3896 -0.9206
vn -0.0039 0.5019 -0.8649
vn 0.0741 0.4592 -0.8853
vn 0.5901 -0.8071 0.0211
vn 0.6062 -0.7953 0.0068
vn 0.6188 -0.7855 -0.0117
vn 0.6063 -0.7951 0.0149
vn 0.6424 -0.7653 -0.0398
vn -0.6938 0.7197 -0.0277
vn -0.6696 0.7425 -0.0184
vn -0.6820 0.7246 -0.0991
vn -0.6754 0.7371 0.0208
vn -0.6951 0.7189 0.0111
vn -0.6447 0.7023 -0.3018
vn -0.7086 0.7052 -0.0224
vn -0.7663 -0.6420 0.0255
vn -0.7508 -0.6582 0.0551
vn -0.7592 -0.6508 -0.0052
vn -0.7382 -0.6515 -0.1748
vn -0.7387 -0.6738 0.0176
vn -0.6484 0.7610 0.0196
vn -0.7261 0.6875 0.0088
vn -0.7691 0.6385 0.0278
vn 0.5957 0.5109 -0.6197
vn 0.4371 0.5443 -0.7160
vn 0.4082 0.3552 -0.8409
vn 0.5994 0.2594 -0.7572
vn 0.3150 0.2156 -0.9243
vn -0.8293 -0.0083 -0.5587
vn -0.5666 0.0355 -0.8232
vn -0.5253 0.0008 -0.8509
vn -0.3745 0.0123 -0.9272
vn -0.1639 -0.0986 0.9815
vn -0.3294 -0.2182 0.9187
vn -0.4303 -0.3194 0.8443
vn -0.4560 -0.2995 0.8381
vn -0.4741 -0.2824 0.8340
vn -0.4420 -0.3338 0.8326
vn -0.8648 -0.4688 -0.1800
vn -0.7638 -0.3363 -0.5510
vn -0.6293 -0.3748 -0.6808
vn -0.8243 -0.5328 -0.1918
vn -0.0009 0.0049 -1.0000
vn -0.0023 0.0058 -1.0000
vn -0.0018 0.0082 -1.0000
vn 0.5002 0.0019 -0.8659
vn 0.6549 0.0002 -0.7557
vn 0.4952 0.0001 -0.8688
vn 0.4911 0.0002 -0.8711
vn 0.5154 0.0040 -0.8570
vn 0.4926 0.0027 -0.8702
vn -0.9989 -0.0204 -0.0431
vn -0.9998 -0.0038 -0.0205
vn -0.9995 -0.0118 -0.0280
vn -0.1753 0.7973 0.5776
vn -0.1116 0.4788 0.8708
vn -0.1285 0.3884 0.9125
vn -0.1808 0.4780 0.8595
vn -0.6627 -0.6428 0.3843
vn -0.7163 -0.6950 0.0627
vn -0.6976 -0.6939 0.1784
vn -0.5547 -0.5352 0.6371
vn -0.8393 0.1077 -0.5329
vn -0.6047 0.0943 -0.7908
vn -0.5578 0.0562 -0.8280
vn 0.1863 0.2014 -0.9616
vn 0.2647 0.2559 -0.9297
vn 0.0891 0.0876 -0.9922
vn 0.1056 0.1021 -0.9892
vn 0.2104 0.1725 -0.9623
vn 0.1617 0.1320 -0.9780
vn 0.0136 -0.9806 -0.1954
vn 0.0455 -0.9807 -0.1903
vn 0.0289 -0.9995 0.0126
vn 0.4561 -0.2790 0.8451
vn 0.4674 -0.2450 0.8494
vn 0.5458 -0.3300 0.7702
vn 0.4215 -0.0001 -0.9068
vn 0.4319 0.0003 -0.9019
vn 0.5004 -0.0010 -0.8658
vn 0.0060 0.2151 -0.9766
vn 0.0050 0.4109 -0.9117
vn 0.0018 0.1501 -0.9887
vn -0.6384 -0.7696 0.0165
vn -0.5830 -0.8105 -0.0567
vn -0.5972 -0.8016 0.0272
vn -0.6294 -0.7644 0.1398
vn 0.9948 0.0057 -0.1021
vn 0.9963 -0.0009 -0.0856
vn 0.9258 -0.0001 -0.3781
vn -0.5297 -0.0004 -0.8482
vn -0.3355 -0.0291 -0.9416
vn -0.5406 0.0002 -0.8413
vn 0.0081 -0.0003 -1.0000
vn 0.0471 0.0001 -0.9989
vn 0.0415 0.0010 -0.9991
vn 0.5791 0.8149 -0.0237
vn 0.6296 0.7763 0.0314
vn 0.6535 0.7567 -0.0210
vn -0.0020 -0.0000 1.0000
vn -0.0010 -0.0001 1.0000
vn 0.0010 -0.0001 1.0000
vn -0.8394 -0.2520 -0.4815
vn -0.3665 -0.0576 -0.9286
vn -0.3884 -0.1424 -0.9104
vn -0.9049 -0.3636 -0.2214
vn 0.9565 0.2857 0.0585
vn 0.8842 0.2751 0.3775
vn 0.9545 0.2555 0.1539
vn 0.0024 -0.0000 -1.0000
vn 0.1380 0.1442 -0.9799
vn 0.1448 0.2201 -0.9647
vn 0.0129 -0.0077 -0.9999
vn 0.2035 -0.1794 -0.9625
vn 0.1810 -0.1486 -0.9722
vn 0.0014 -0.0003 1.0000
vn 0.0072 -0.0063 1.0000
vn 0.0006 -0.0008 1.0000
vn -0.8899 0.3344 -0.3103
vn -0.9020 0.3366 -0.2703
vn -0.9360 0.3509 -0.0265
vn -0.9280 0.3684 -0.0556
vn -0.8844 -0.0662 0.4620
vn -0.9040 0.0110 0.4274
vn -0.5577 -0.0186 0.8298
vn -0.5192 -0.0792 0.8510
vn -0.7399 0.5953 0.3132
vn -0.7345 0.6740 0.0783
vn -0.6967 0.5982 0.3959
vn 0.9068 -0.0012 -0.4216
vn 0.9936 -0.0001 -0.1126
vn 0.9935 -0.0009 -0.1141
vn -0.0136 0.0136 0.9998
vn -0.0093 0.0059 0.9999
vn -0.0323 0.0308 0.9990
vn 0.8479 -0.5299 -0.0155
vn 0.8080 -0.5887 0.0220
vn 0.8386 -0.5437 0.0336
vn -0.0019 -0.0001 1.0000
vn -0.0159 -0.0096 0.9998
vn -0.0040 -0.0031 1.0000
vn 0.0344 -0.2573 0.9657
vn 0.0689 -0.3924 0.9172
vn 0.0102 -0.0702 0.9975
vn 0.9105 -0.4092 -0.0587
vn 0.8491 -0.5268 -0.0393
vn 0.8230 -0.4928 -0.2825
vn 0.8352 -0.3621 -0.4139
vn -0.8353 -0.3717 -0.4051
vn -0.6248 -0.3770 -0.6837
vn -0.5105 -0.2279 -0.8291
vn -0.2264 -0.6155 -0.7549
vn -0.0893 -0.2466 -0.9650
vn -0.1123 -0.3575 -0.9271
vn 0.6559 0.0022 0.7548
vn 0.5356 -0.0008 0.8445
vn 0.7233 -0.0006 0.6905
vn -0.5569 0.5019 0.6618
vn -0.3946 0.3277 0.8584
vn -0.5755 0.4749 0.6659
vn -0.5275 0.1017 -0.8435
vn -0.5023 0.0329 -0.8641
vn -0.3333 0.0618 -0.9408
vn -0.4436 0.1280 -0.8871
vn 0.2251 -0.9726 0.0575
vn 0.2355 -0.9708 0.0467
vn 0.2435 -0.9659 0.0883
vn 0.8993 -0.4372 0.0102
vn 0.9144 -0.4047 0.0008
vn 0.9022 -0.4231 -0.0838
vn 0.2732 0.0224 0.9617
vn 0.4997 0.0342 0.8655
vn 0.5000 0.0724 0.8630
vn 0.3058 0.0458 0.9510
vn 0.2621 -0.1564 -0.9523
vn 0.5862 -0.4048 -0.7018
vn 0.2633 -0.1964 -0.9445
vn 0.2102 0.1995 -0.9571
vn 0.2874 0.2706 -0.9188
vn 0.4587 0.4306 -0.7773
vn 0.3656 0.3118 -0.8770
vn 0.9341 -0.2648 -0.2394
vn 0.8669 -0.1556 -0.4736
vn 0.9811 -0.1679 -0.0966
vn -0.9959 0.0040 0.0908
vn -0.9991 0.0057 0.0416
vn -0.9970 0.0148 0.0757
vn 0.0083 -0.0020 1.0000
vn -0.0071 -0.0031 1.0000
vn 0.0037 -0.0018 1.0000
vn -0.2837 0.0023 -0.9589
vn -0.0819 0.0010 -0.9966
vn -0.0957 0.0059 -0.9954
vn -0.1866 -0.5521 -0.8126
vn -0.1371 -0.3213 -0.9370
vn -0.1731 -0.5767 -0.7984
vn -0.0004 0.5957 0.8032
vn -0.0004 0.6171 0.7869
vn -0.0037 0.6159 0.7878
vn 0.4437 0.0025 0.8962
vn 0.4411 0.0010 0.8975
vn 0.5412 0.0021 0.8409
vn -0.0216 -0.0003 0.9998
vn -0.0146 -0.0006 0.9999
vn -0.0026 -0.0005 1.0000
vn -0.0767 0.0213 -0.9968
vn -0.0844 0.0044 -0.9964
vn 0.9809 0.1683 0.0978
vn 0.9796 0.1997 0.0238
vn 0.9631 0.2684 0.0200
vn -0.0102 -0.0023 0.9999
vn -0.0136 -0.0004 0.9999
vn -0.0038 -0.0008 1.0000
vn -0.0001 0.0012 1.0000
vn 0.0025 0.0013 1.0000
vn 0.0028 0.0012 1.0000
vn -0.7254 0.2574 0.6383
vn -0.9136 0.3220 0.2482
vn -0.8988 0.3331 0.2851
vn -0.7719 0.2778 0.5718
vn 0.0030 0.0031 -1.0000
vn 0.0368 0.0239 -0.9990
vn 0.0293 0.0216 -0.9993
vn -0.5373 -0.5633 0.6277
vn -0.5632 -0.6557 0.5028
vn -0.4041 -0.4777 0.7801
vn 0.9999 -0.0010 0.0157
vn 0.9998 -0.0030 -0.0217
vn 1.0000 -0.0008 -0.0041
vn -0.6160 0.0762 0.7840
vn -0.6392 0.0543 0.7672
vn -0.6039 0.0293 0.7965
vn 0.0001 -0.0031 1.0000
vn 0.0018 -0.0030 1.0000
vn 0.0030 -0.0020 1.0000
vn 0.0804 -0.9967 -0.0125
vn 0.0111 -0.9997 -0.0218
vn 0.0072 -0.9996 0.0257
vn 0.0812 -0.9964 0.0258
vn -0.9082 0.0001 0.4185
vn -0.9933 -0.0009 0.1156
vn -0.9944 0.0021 0.1061
vn -0.3061 0.1554 -0.9392
vn -0.0875 0.0363 -0.9955
vn -0.4635 0.2018 -0.8628
vn 0.9895 0.1323 0.0585
vn 0.9893 0.1263 0.0734
vn 0.9914 0.1292 0.0194
vn 0.0040 -0.9999 0.0165
vn -0.0018 -1.0000 0.0029
vn -0.0011 -0.9758 0.2185
vn 0.5466 0.0036 0.8374
vn 0.5297 0.0007 0.8482
vn 0.7004 0.0002 0.7137
vn 0.9999 0.0103 0.0132
vn 0.9988 -0.0415 0.0277
vn 0.9970 -0.0428 -0.0650
vn 0.0117 0.0002 -0.9999
vn 0.0108 0.0003 -0.9999
vn 0.0567 0.0002 -0.9984
vn 0.6086 0.0474 0.7920
vn 0.5061 0.0867 0.8581
vn 0.8288 0.1333 0.5434
vn -0.0030 -0.0211 -0.9998
vn -0.0040 -0.0007 -1.0000
vn -0.0035 -0.0080 -1.0000
vn -0.7362 0.2128 0.6424
vn -0.9146 0.3128 0.2561
vn -0.9182 0.2750 0.2850
vn -0.7359 0.2080 0.6444
vn 0.8613 0.4770 -0.1749
vn 0.8633 0.5045 -0.0096
vn 0.8732 0.4842 -0.0559
vn -0.1038 -0.0148 0.9945
vn 0.0098 -0.0001 1.0000
vn 0.0106 -0.0037 0.9999
vn -0.0296 -0.0042 0.9996
vn -0.2241 0.2165 -0.9502
vn -0.2218 0.2421 -0.9446
vn -0.0114 0.0133 -0.9998
vn -0.9456 0.3217 -0.0475
vn -0.9353 0.3087 -0.1731
vn 0.5088 0.8587 0.0616
vn 0.5425 0.8384 0.0535
vn 0.5220 0.8528 -0.0141
vn 0.0825 0.0032 -0.9966
vn 0.1333 0.0774 -0.9880
vn 0.4702 0.0209 -0.8823
vn 0.0014 -0.0054 1.0000
vn 0.0005 -0.0042 1.0000
vn -0.0180 -0.0340 0.9993
vn 0.9999 0.0007 0.0168
vn 0.9989 0.0007 0.0467
vn 0.9992 0.0012 0.0409
vn 0.3033 -0.0000 0.9529
vn 0.1331 -0.0000 0.9911
vn 0.3145 0.0012 0.9492
vn -0.9995 0.0266 -0.0186
vn -0.9987 0.0261 -0.0430
vn -0.9989 0.0179 -0.0426
vn -0.9998 0.0181 -0.0131
vn 0.9343 -0.1968 -0.2974
vn 0.9759 -0.2183 0.0001
vn 0.9523 -0.3036 -0.0302
vn 0.9229 -0.2915 -0.2514
vn 0.7620 -0.5871 -0.2733
vn -0.2840 0.2574 0.9236
vn -0.0736 0.0698 0.9948
vn -0.1496 0.1434 0.9783
vn -0.3511 0.3404 0.8723
vn -0.6845 -0.1840 0.7054
vn -0.9205 -0.2817 0.2707
vn -0.7989 -0.2529 0.5456
vn -0.2880 -0.9517 0.1063
vn -0.2618 -0.9651 0.0117
vn -0.2931 -0.9510 0.0983
vn -0.6794 0.0113 -0.7337
vn -0.6724 -0.0015 -0.7402
vn -0.4762 0.0045 -0.8793
vn -0.0012 -0.0002 -1.0000
vn -0.0008 -0.0002 -1.0000
vn 0.0012 0.0001 -1.0000
vn 0.4309 -0.0006 -0.9024
vn 0.4210 0.0015 -0.9071
vn 0.4898 0.0008 -0.8718
vn 0.5022 -0.0028 -0.8648
vn 0.0019 0.0011 1.0000
vn 0.0008 0.0009 1.0000
vn 0.0022 0.0003 1.0000
vn -0.0017 -0.0002 1.0000
vn 0.0069 0.0044 1.0000
vn 0.0136 0.0014 0.9999
vn -0.9815 -0.0021 -0.1915
vn -0.9798 -0.0023 -0.2001
vn -1.0000 -0.0039 -0.0010
vn -0.5700 0.0007 0.8217
vn -0.3253 -0.0007 0.9456
vn -0.3439 0.0012 0.9390
vn -0.3546 -0.3427 0.8699
vn -0.3940 -0.3649 0.8436
vn -0.3494 -0.3200 0.8806
vn -0.1586 -0.1460 0.9765
vn 0.0186 -0.0007 0.9998
vn 0.0119 -0.0024 0.9999
vn 0.1097 -0.0011 0.9940
vn 0.1296 0.0001 0.9916
vn -0.8516 -0.0010 -0.5241
vn -0.6736 -0.0028 -0.7391
vn -0.6880 -0.0002 -0.7257
vn -0.9998 0.0156 -0.0122
vn -0.9990 0.0163 -0.0406
vn -0.4729 0.1817 0.8622
vn -0.6851 0.1902 0.7032
vn -0.6295 0.2491 0.7360
vn -0.8505 0.4358 0.2946
vn -0.8295 0.3366 0.4457
vn -0.9192 0.3883 0.0651
vn 0.5474 -0.0075 0.8368
vn 0.5627 0.0022 0.8266
vn 0.7725 -0.0111 0.6349
vn -0.9604 -0.1627 0.2261
vn -0.9878 -0.1535 0.0281
vn -0.9211 -0.2354 0.3103
vn 0.9789 0.2008 -0.0378
vn -0.2563 -0.0474 0.9654
vn -0.4251 -0.0123 0.9051
vn -0.1663 -0.0016 0.9861
vn 0.1607 0.1580 -0.9743
vn 0.2879 0.3128 -0.9051
vn 0.2249 0.2506 -0.9416
vn 0.2201 -0.9743 0.0485
vn 0.2237 -0.9745 0.0195
vn 0.3360 0.0340 0.9413
vn 0.0525 -0.0038 0.9986
vn 0.2426 0.0179 0.9700
vn 0.8282 -0.1610 0.5368
vn 0.5725 -0.1241 0.8104
vn 0.8692 -0.1821 0.4597
vn -0.6206 0.2468 0.7443
vn -0.4372 0.2085 0.8749
vn 0.3096 0.1813 -0.9334
vn 0.3274 0.2134 -0.9205
vn 0.5964 0.3445 -0.7250
vn 0.4384 0.2166 -0.8723
vn 0.3608 -0.1817 -0.9148
vn 0.0140 -0.0045 -0.9999
vn 0.1866 -0.1055 -0.9767
vn 0.9849 0.1405 -0.1010
vn 0.9890 0.1476 0.0055
vn 0.9904 0.1359 -0.0261
vn 0.3360 -0.0010 0.9419
vn 0.4561 -0.0021 0.8899
vn 0.0035 0.0002 1.0000
vn 0.0036 -0.0008 1.0000
vn 0.0002 -0.0002 1.0000
vn 0.1031 0.0469 -0.9936
vn 0.3059 0.0463 -0.9509
vn 0.2815 0.1097 -0.9533
vn -0.4134 0.3158 0.8540
vn -0.1702 0.1304 0.9768
vn -0.1708 0.1198 0.9780
vn 0.2422 0.2204 -0.9449
vn 0.3357 0.2801 -0.8994
vn 0.3682 0.3257 -0.8709
vn 0.2990 0.2897 -0.9092
vn -0.0070 0.0019 1.0000
vn 0.0005 -0.0015 1.0000
vn -0.8256 0.5164 0.2274
vn -0.8933 0.4478 0.0372
vn -0.8769 0.4475 0.1753
vn -0.0004 0.0011 1.0000
vn -0.0001 0.0011 1.0000
vn 0.0009 0.0012 1.0000
vn 0.6331 0.5835 0.5086
vn 0.5977 0.4937 0.6317
vn 0.7408 0.6372 0.2124
vn -0.8246 0.5642 0.0412
vn 0.6469 -0.0002 -0.7626
vn 0.9197 0.0093 -0.3926
vn 0.9436 -0.0441 -0.3281
vn -0.0011 0.0003 -1.0000
vn -0.0019 0.0002 -1.0000
vn 0.0008 0.0005 -1.0000
vn -0.0072 -0.9997 0.0219
vn -0.0125 -0.9996 0.0257
vn -0.0071 -0.9640 0.2660
vn 0.0021 0.0067 -1.0000
vn 0.2383 0.1083 -0.9651
vn 0.0017 -0.0008 -1.0000
vn 0.5236 -0.0006 -0.8520
vn 0.5031 0.0001 -0.8642
vn 0.5065 0.0010 -0.8622
vn 0.5106 0.0013 -0.8598
vn 0.5045 -0.0032 -0.8634
vn 0.1457 0.9864 -0.0766
vn 0.4197 0.9057 -0.0590
vn 0.3833 0.8718 -0.3051
vn -0.3123 0.9442 -0.1048
vn 0.0094 -0.0252 0.9996
vn 0.1206 -0.3308 0.9360
vn 0.0703 -0.1582 0.9849
vn 0.0054 -0.0104 0.9999
vn -0.7053 0.7076 0.0426
vn -0.6937 0.6870 0.2164
vn -0.6605 0.7030 0.2638
vn 0.0024 -0.0004 1.0000
vn 0.9999 0.0015 0.0145
vn 0.9990 0.0014 0.0437
vn 0.9991 0.0014 0.0430
vn 0.8988 0.1970 -0.3917
vn 0.9641 0.1638 -0.2088
vn 0.4530 -0.2786 -0.8469
vn 0.4445 -0.2869 -0.8486
vn 0.5346 -0.3563 -0.7663
vn -0.5361 -0.5017 -0.6789
vn -0.3795 -0.3318 -0.8636
vn -0.4008 -0.3207 -0.8582
vn -0.5516 -0.4424 -0.7071
vn 0.4142 0.0034 -0.9102
vn 0.4304 0.0007 -0.9026
vn 0.4891 0.0035 -0.8722
vn -0.8422 0.5388 -0.0216
vn -0.8867 0.4623 -0.0099
vn -0.0028 0.0008 -1.0000
vn -0.0003 0.0009 -1.0000
vn -0.0007 0.0010 -1.0000
vn 0.9725 -0.2025 0.1147
vn 0.9690 -0.2115 0.1276
vn 0.6910 0.6275 -0.3588
vn 0.7416 0.6683 -0.0585
vn 0.7566 0.6099 -0.2358
vn -0.3556 0.2140 0.9098
vn -0.1683 0.1056 0.9801
vn -0.2091 0.1847 0.9603
vn -0.3892 0.3148 0.8657
vn -0.0054 -0.7703 0.6377
vn -0.0053 -0.7450 0.6670
vn 0.0004 0.0005 1.0000
vn 0.0016 0.0002 1.0000
vn 0.0029 0.0005 1.0000
vn 0.0014 0.2235 0.9747
vn -0.0008 0.0107 0.9999
vn -0.0072 0.1611 0.9869
vn -0.1706 0.1843 -0.9679
vn -0.2177 0.2115 -0.9528
vn -0.0115 0.0084 -0.9999
vn -0.1982 0.1681 -0.9656
vn -0.4201 0.2925 -0.8590
vn -0.2164 0.1634 -0.9625
vn 0.2201 0.0748 0.9726
vn 0.5004 0.1605 0.8508
vn 0.6746 0.3022 0.6735
vn -0.5700 0.0011 0.8216
vn 0.8861 0.0002 0.4634
vn 0.8825 0.0006 0.4704
vn 0.9845 0.0009 0.1751
vn -0.3853 0.0842 -0.9189
vn -0.2037 0.0436 -0.9781
vn -0.0286 0.0079 -0.9996
vn 0.6645 -0.0007 -0.7473
vn 0.8979 -0.0004 -0.4401
vn 0.9214 -0.0030 -0.3886
vn -0.0021 -0.0002 -1.0000
vn -0.0000 -0.0003 -1.0000
vn 0.0153 0.0024 -0.9999
vn -0.0010 -0.9998 -0.0205
vn 0.0027 -0.9999 -0.0164
vn -0.0074 -0.0003 -1.0000
vn 0.0041 0.0006 -1.0000
vn 0.0018 -0.0002 -1.0000
vn -0.6734 0.4239 -0.6057
vn -0.8444 0.5063 -0.1751
vn -0.8668 0.4410 -0.2329
vn -0.7596 0.3407 -0.5540
vn -0.7096 0.7046 0.0023
vn -0.7274 0.6827 0.0702
vn -0.4830 0.8753 0.0252
vn -0.3238 0.9461 -0.0050
vn 0.0011 -0.0040 1.0000
vn -0.0001 -0.0122 0.9999
vn -0.0026 0.0056 1.0000
vn -0.0091 -0.0002 1.0000
vn -0.0022 0.0017 1.0000
vn -0.0028 0.0006 1.0000
vn -0.3803 -0.0017 -0.9249
vn -0.3570 -0.0074 -0.9341
vn -0.0755 -0.0022 -0.9971
vn 0.0036 -0.0003 -1.0000
vn 0.0037 -0.0002 -1.0000
vn 0.0035 -0.0006 -1.0000
vn 0.0018 -0.0007 -1.0000
vn -0.0465 0.9399 -0.3383
vn -0.0562 0.9970 -0.0531
vn -0.2111 0.9765 -0.0440
vn -0.1835 0.9647 -0.1888
vn 0.7190 0.6943 -0.0311
vn 0.7140 0.6993 0.0341
vn 0.7075 0.7056 -0.0401
vn 0.4447 -0.0031 0.8957
vn 0.5406 -0.0048 0.8413
vn 0.5424 0.0002 0.8401
vn 0.0071 0.0032 1.0000
vn 0.0129 0.0143 0.9998
vn 0.0122 0.0120 0.9999
vn 0.4687 -0.3982 0.7886
vn 0.7564 -0.6079 0.2415
vn 0.6439 -0.5480 0.5340
vn 0.0077 0.0044 -1.0000
vn 0.1089 0.3067 -0.9455
vn 0.0023 0.0058 -1.0000
vn -0.0038 -0.0022 1.0000
vn 0.0239 -0.0079 0.9997
vn 0.0035 -0.0006 1.0000
vn 0.2130 -0.1670 -0.9627
vn 0.4740 -0.1367 -0.8699
vn 0.2529 -0.0489 -0.9663
vn -0.0668 0.0003 -0.9978
vn -0.0256 -0.0004 -0.9997
vn -0.0170 -0.0002 -0.9999
vn -0.9954 -0.0021 0.0955
vn -0.9939 -0.0043 0.1104
vn -0.9216 -0.0030 0.3880
vn -0.0057 0.5910 0.8067
vn -0.0008 0.6649 0.7469
vn -0.4000 -0.1938 -0.8958
vn -0.3438 -0.2122 -0.9147
vn -0.9203 0.0012 0.3912
vn -0.9219 -0.0026 0.3875
vn -0.7092 0.0007 0.7051
vn -0.1073 -0.0179 -0.9941
vn -0.0156 0.0005 -0.9999
vn -0.0268 0.0007 -0.9996
vn -0.7494 0.6621 -0.0038
vn -0.8632 0.5047 -0.0087
vn -0.8272 0.5615 0.0205
vn -0.7155 0.6979 0.0322
vn 0.0022 0.0009 -1.0000
vn 0.0014 0.0017 -1.0000
vn 0.0016 0.0016 -1.0000
vn -0.0000 -0.9997 0.0245
vn 0.6988 -0.0019 0.7154
vn 0.7086 -0.0088 0.7056
vn 0.8649 -0.0094 0.5018
vn -0.0020 -0.0007 -1.0000
vn 0.0020 -0.0013 -1.0000
vn 0.0016 -0.0003 -1.0000
vn -0.0498 0.3579 0.9324
vn -0.0001 0.0070 1.0000
vn -0.1015 0.2613 0.9599
vn -0.0377 0.9993 -0.0050
vn -0.0067 0.9955 0.0944
vn -0.0008 0.9992 0.0393
vn 0.9916 0.1289 0.0088
vn 0.9915 0.1290 -0.0150
vn 0.0003 0.0002 1.0000
vn -0.0000 0.0001 1.0000
vn 0.0013 -0.0000 1.0000
vn 0.0019 0.0002 1.0000
vn 0.9447 -0.3278 -0.0000
vn 0.8644 -0.3457 0.3651
vn 0.9436 -0.2862 0.1665
vn 0.1087 -0.8026 -0.5865
vn 0.0136 -0.8142 -0.5804
vn 0.0279 -0.9868 -0.1593
vn 0.1041 0.0901 -0.9905
vn 0.0252 0.0194 -0.9995
vn -0.3326 0.0655 -0.9408
vn -0.8616 -0.1220 -0.4927
vn -0.0065 0.0004 -1.0000
vn -0.0030 0.0010 -1.0000
vn -0.0072 0.0003 -1.0000
vn -0.7142 0.0113 -0.6999
vn -0.4993 0.0012 -0.8664
vn -0.4831 0.0158 -0.8754
vn -0.7760 0.6301 -0.0281
vn -0.6997 0.7133 -0.0398
vn 0.9884 0.1510 0.0166
vn 0.9855 0.1652 -0.0384
vn 0.0016 -0.0010 1.0000
vn 0.0024 -0.0012 1.0000
vn 0.0022 -0.0007 1.0000
vn 0.0571 0.0017 0.9984
vn 0.0672 0.0010 0.9977
vn 0.2608 0.0003 0.9654
vn 0.8980 0.4391 -0.0293
vn 0.8370 0.4584 0.2987
vn 0.7827 0.6218 -0.0276
vn 0.7493 0.6617 -0.0251
vn 0.4184 0.2906 -0.8605
vn 0.6569 0.4896 -0.5734
vn 0.6560 0.3768 -0.6540
vn -0.8323 0.5527 0.0420
vn -0.0163 -0.0059 0.9999
vn -0.0192 -0.0096 0.9998
vn 0.0047 0.0006 1.0000
vn 0.0041 0.0010 1.0000
vn -0.0035 0.0007 1.0000
vn -0.0026 0.0015 1.0000
vn -0.5487 0.1799 0.8164
vn -0.5498 0.1443 0.8228
vn -0.3159 0.0785 0.9455
vn 0.7458 0.5809 0.3261
vn 0.5422 0.4050 0.7362
vn 0.7455 0.6339 0.2059
vn -0.9793 0.0044 -0.2025
vn -0.8662 0.0018 -0.4997
vn -0.9751 -0.0005 -0.2215
vn -0.9883 -0.1509 -0.0211
vn -0.9625 -0.2663 -0.0510
vn 0.2480 0.2378 0.9391
vn 0.0614 0.0475 0.9970
vn 0.2174 0.2455 0.9447
vn -0.3221 -0.1883 0.9278
vn -0.4292 -0.2715 0.8615
vn -0.1065 -0.0766 0.9914
vn 0.2486 -0.0000 -0.9686
vn -0.0008 0.0018 1.0000
vn -0.0056 -0.0036 1.0000
vn -0.0056 0.0096 0.9999
vn 0.2727 0.1188 -0.9547
vn -0.0020 -0.0002 1.0000
vn -0.0049 0.0043 1.0000
vn -0.0015 0.0012 1.0000
vn 0.0002 0.0010 1.0000
vn 0.5441 0.0009 0.8390
vn 0.0003 0.0004 1.0000
vn 0.0010 0.0007 1.0000
vn 0.0027 0.0005 1.0000
vn 0.5470 -0.5312 0.6470
vn 0.7302 -0.6770 0.0919
vn 0.6574 -0.5889 0.4701
vn -0.9648 0.0604 -0.2561
vn -0.8275 0.3166 -0.4636
vn -0.9568 0.2889 -0.0321
vn 0.1658 -0.5848 -0.7940
vn 0.1228 -0.5196 -0.8456
vn 0.0414 -0.1721 -0.9842
vn 0.6524 0.0026 -0.7579
vn 0.5039 0.4627 -0.7294
vn 0.7188 0.6455 -0.2581
vn 0.6412 0.6688 -0.3763
vn 0.4101 0.4492 -0.7938
vn 0.0103 -0.6363 0.7714
vn 0.0089 -0.8176 0.5757
vn 0.0552 -0.8001 0.5973
vn -0.2748 -0.9607 0.0395
vn -0.9203 -0.0000 0.3913
vn -0.9203 -0.0003 0.3911
vn -0.6876 -0.0008 0.7261
vn 0.0202 0.9998 0.0026
vn 0.0117 0.9981 0.0598
vn 0.0029 0.9996 0.0278
vn -0.0000 -0.0026 -1.0000
vn 0.0012 0.0118 -0.9999
vn 0.0037 -0.0061 -1.0000
vn 0.0048 -0.0001 -1.0000
vn 0.0165 -0.0000 -0.9999
vn 0.0148 0.0002 -0.9999
vn 0.2905 0.4268 0.8564
vn 0.1327 0.5061 0.8522
vn 0.1937 0.4720 0.8601
vn 0.9179 0.3930 -0.0548
vn -0.0028 0.5819 -0.8133
vn -0.0088 0.4507 -0.8926
vn -0.0011 0.0149 0.9999
vn -0.0027 0.0046 1.0000
vn -0.0469 0.2198 0.9744
vn -0.4504 0.1335 -0.8828
vn -0.2943 0.0974 -0.9507
vn -0.4376 0.1539 -0.8859
vn 0.5438 0.8146 0.2020
vn 0.5868 0.7722 0.2438
vn 0.6705 0.7406 0.0444
vn 0.6704 0.7016 0.2416
vn 0.7376 0.6733 0.0499
vn -0.9824 0.1041 -0.1548
vn -0.8480 0.0231 -0.5295
vn -0.9890 0.0221 -0.1461
vn 0.1571 -0.1274 0.9793
vn 0.2093 -0.1933 0.9586
vn 0.3680 -0.3281 0.8700
vn -0.7236 -0.1090 0.6815
vn -0.5776 -0.1380 0.8046
vn -0.4588 -0.1085 0.8819
vn 0.9934 -0.0006 -0.1149
vn 0.9995 0.0005 -0.0320
vn 0.9993 -0.0007 -0.0376
vn 0.5236 0.8388 -0.1491
vn 0.5253 0.8499 -0.0410
vn 0.5783 0.8036 -0.1406
vn -0.9995 0.0010 -0.0317
vn -0.9772 0.0026 -0.2121
vn -0.9995 0.0075 -0.0298
vn -0.9599 -0.2803 -0.0039
vn -0.9592 -0.2819 -0.0222
vn -0.9735 -0.2237 -0.0473
vn -0.0013 -0.1879 0.9822
vn -0.0008 -0.5455 0.8381
vn -0.0222 -0.5098 0.8600
vn 0.5084 -0.0011 -0.8611
vn 0.5129 0.0007 -0.8585
vn 0.5086 0.0014 -0.8610
vn -0.8227 -0.4609 0.3327
vn -0.8991 -0.4329 0.0650
vn -0.7570 -0.3532 0.5498
vn 0.0260 0.0106 -0.9996
vn 0.1597 0.0998 -0.9821
vn 0.1757 0.1351 -0.9751
vn 0.0043 0.2882 -0.9576
vn -0.0492 0.2760 -0.9599
vn 0.0168 0.0002 0.9999
vn 0.2515 -0.0329 0.9673
vn 0.2899 -0.0211 0.9568
vn -0.0022 0.0005 1.0000
vn 0.0240 -0.0005 0.9997
vn 0.0202 0.0101 0.9997
vn 0.7838 -0.1674 -0.5981
vn 0.9599 -0.1788 -0.2160
vn 0.9441 -0.1989 -0.2629
vn 0.0057 -0.0211 -0.9998
vn 0.0028 0.0052 -1.0000
vn 0.0086 -0.0155 -0.9998
vn 0.3961 -0.0064 0.9182
vn -0.5550 -0.0009 -0.8319
vn -0.5418 -0.0015 -0.8405
vn -0.6527 -0.0013 -0.7576
vn 0.0042 -0.0017 1.0000
vn 0.1302 -0.0420 0.9906
vn 0.2104 -0.0742 0.9748
vn 0.4482 -0.1914 0.8732
vn 0.5635 -0.2842 0.7757
vn 0.6984 -0.2821 0.6578
vn 0.9898 0.1417 0.0127
vn 0.9531 0.1331 0.2718
vn -0.1902 0.9774 0.0923
vn -0.4177 0.9021 0.1082
vn -0.2820 0.9594 -0.0113
vn -0.0067 -0.0118 -0.9999
vn 0.0032 0.0006 -1.0000
vn 0.0089 0.0063 -0.9999
vn -0.0382 0.0002 -0.9993
vn -0.0262 0.0002 -0.9997
vn -0.0185 0.0007 -0.9998
vn 0.4983 0.0020 -0.8670
vn -0.9247 0.3805 -0.0085
vn 0.7762 0.2418 0.5823
vn 0.7363 0.2182 0.6406
vn 0.1388 -0.1054 0.9847
vn 0.0218 -0.0057 0.9997
vn 0.1670 -0.1036 0.9805
vn 0.3212 -0.2275 0.9193
vn -0.0280 0.0004 -0.9996
vn -0.0080 0.0005 -1.0000
vn -0.0111 0.0003 -0.9999
vn 0.0101 -0.0184 -0.9998
vn 0.0600 -0.3559 -0.9326
vn 0.0478 -0.3600 -0.9317
vn -0.5533 0.2116 0.8057
vn -0.2478 0.0740 0.9660
vn -0.5683 0.1554 -0.8080
vn -0.0017 -0.2433 0.9700
vn -0.0074 -0.2243 0.9745
vn -0.0010 -0.0055 1.0000
vn -0.7403 -0.3693 -0.5618
vn -0.6209 -0.2305 -0.7493
vn -0.5291 -0.2494 -0.8111
vn 0.0374 -0.0014 0.9993
vn 0.1104 0.0010 0.9939
vn 0.0437 0.0005 0.9990
vn -0.3383 -0.0252 -0.9407
vn -0.0824 -0.0035 -0.9966
vn -0.7461 -0.1772 0.6418
vn -0.8037 -0.2087 0.5573
vn -0.5848 -0.1497 0.7972
vn 0.0071 -0.0022 1.0000
vn 0.0008 -0.0009 1.0000
vn -0.0055 -0.0044 1.0000
vn 0.2673 0.3681 0.8906
vn 0.3681 0.4160 0.8315
vn -0.2912 -0.9025 -0.3174
vn -0.2355 -0.7625 -0.6025
vn -0.2699 -0.9584 -0.0930
vn -0.0709 -0.0030 0.9975
vn 0.0140 -0.0008 0.9999
vn -0.0281 0.0024 0.9996
vn -0.0210 -0.0013 0.9998
vn -0.0092 0.1670 0.9859
vn 0.2469 -0.1866 0.9509
vn 0.3594 -0.2888 0.8874
vn 0.4077 -0.2843 0.8677
vn -0.0017 0.1855 -0.9826
vn 0.0017 0.4888 -0.8724
vn 0.2316 0.1985 0.9523
vn 0.3494 0.3328 0.8759
vn 0.5079 0.5329 0.6768
vn -0.1499 0.0215 -0.9885
vn -0.1620 0.0059 -0.9868
vn -0.0192 0.0033 -0.9998
vn 0.0018 -0.0026 1.0000
vn 0.0075 -0.0065 -1.0000
vn 0.2017 -0.1558 -0.9670
vn 0.1818 0.1484 -0.9721
vn 0.2044 0.1270 -0.9706
vn 0.9006 0.4024 0.1643
vn 0.8351 0.5155 0.1920
vn 0.8739 0.4857 0.0171
vn 0.9150 0.4031 0.0148
vn -0.4371 0.0923 0.8947
vn -0.1568 0.0214 0.9874
vn -0.2238 0.0579 0.9729
vn 0.0007 0.0021 1.0000
vn 0.0029 0.0002 -1.0000
vn 0.0043 -0.0000 -1.0000
vn 0.0040 0.0003 -1.0000
vn 0.2190 0.0128 0.9756
vn 0.2649 0.0424 0.9634
vn -0.6707 0.6078 -0.4252
vn -0.4734 0.4188 -0.7749
vn -0.6247 0.4844 -0.6125
vn -0.5271 0.5140 0.6768
vn -0.3909 0.3917 0.8329
vn -0.5872 0.6050 0.5377
vn 0.8426 0.4572 -0.2847
vn 0.8460 0.4688 -0.2541
vn 0.0019 -0.0014 -1.0000
vn 0.0015 -0.0017 -1.0000
vn 0.0046 0.0006 -1.0000
vn -0.4708 -0.3829 0.7948
vn -0.4553 -0.4312 0.7789
vn -0.2580 -0.2312 0.9381
vn -0.0041 0.0154 -0.9999
vn -0.1202 -0.9748 0.1882
vn -0.0996 -0.9938 0.0489
vn -0.0703 -0.9686 0.2385
vn -0.2856 -0.9580 0.0272
vn -0.2693 -0.9628 0.0214
vn -0.9065 -0.0001 0.4221
vn -0.9945 0.0020 0.1044
vn -0.9160 0.0018 0.4011
vn 0.6862 0.7238 0.0731
vn 0.3975 0.8269 0.3978
vn 0.3256 0.9440 0.0540
vn -0.3076 -0.7600 -0.5726
vn 0.0030 -0.0001 -1.0000
vn 0.0056 0.0005 -1.0000
vn 0.0088 0.0006 -1.0000
vn -0.0936 -0.0017 -0.9956
vn -0.0748 -0.0004 -0.9972
vn -0.0268 -0.0011 -0.9996
vn -0.4883 -0.3918 0.7798
vn -0.4489 -0.3923 0.8029
vn 0.1840 0.5325 -0.8262
vn 0.0720 0.7465 -0.6615
vn 0.0221 0.5159 -0.8564
vn -0.5648 -0.3117 -0.7641
vn -0.3293 0.3651 0.8708
vn -0.2088 0.2138 0.9543
vn -0.1715 0.1767 0.9692
vn -0.9991 -0.0039 0.0426
vn -0.9949 -0.0021 0.1004
vn 0.4486 -0.8338 0.3218
vn 0.5209 -0.8516 0.0581
vn 0.4359 -0.7101 0.5530
vn -0.6568 0.5268 -0.5395
vn -0.4863 0.3792 -0.7872
vn -0.2823 0.2391 -0.9291
vn -0.7817 0.3037 0.5447
vn -0.4580 -0.7080 0.5376
vn -0.4283 -0.7229 0.5421
vn -0.2849 -0.4757 0.8322
vn -0.4291 -0.6077 0.6683
vn -0.0277 -0.0218 -0.9994
vn -0.1082 -0.0987 -0.9892
vn -0.0204 -0.0173 -0.9996
vn 0.9863 0.0011 0.1648
vn -0.9996 -0.0270 0.0040
vn -0.9741 -0.0208 -0.2253
vn -1.0000 -0.0072 -0.0045
vn 0.0222 0.0003 0.9998
vn 0.0119 -0.0002 0.9999
vn 0.1288 -0.0002 0.9917
vn -0.9231 -0.0020 0.3845
vn -0.7892 0.4778 0.3858
vn -0.7567 0.6390 0.1381
vn -0.9091 0.4107 0.0695
vn 0.1667 0.0819 0.9826
vn 0.0142 0.0115 0.9998
vn 0.3401 0.1081 0.9342
vn 0.9399 -0.3414 0.0092
vn 0.9477 -0.3176 -0.0316
vn 0.9511 -0.3075 0.0303
vn -0.8143 0.5411 -0.2102
vn 0.6148 -0.7474 -0.2517
vn 0.6166 -0.7721 -0.1540
vn 0.5506 0.7625 -0.3399
vn -0.8255 0.5427 -0.1546
vn -0.8681 0.4562 -0.1959
vn 0.1027 0.0993 0.9897
vn 0.0228 0.0291 0.9993
vn -0.1705 -0.1643 0.9716
vn -0.0098 -0.0073 0.9999
vn -0.0023 -0.0003 1.0000
vn 0.0170 -0.0013 0.9999
vn 0.0020 -0.0010 1.0000
vn -0.0009 -0.0040 1.0000
vn -0.0010 0.0458 0.9990
vn 0.0009 -0.0037 1.0000
vn 0.0051 -0.0032 1.0000
vn 0.0008 -0.0036 1.0000
vn 0.0021 -0.0028 1.0000
vn 0.6440 -0.0008 -0.7650
vn -0.9766 0.0137 -0.2148
vn -0.8178 0.0315 -0.5746
vn -0.9742 0.0431 -0.2216
vn 0.2662 0.1576 0.9509
vn 0.4601 0.2567 0.8500
vn -0.7197 -0.6762 -0.1577
vn -0.6773 -0.6286 -0.3823
vn -0.6844 -0.6962 -0.2167
vn -0.7131 -0.7010 -0.0121
vn 0.1621 0.1168 0.9798
vn 0.5674 0.2423 0.7870
vn 0.2865 0.3343 0.8978
vn -0.0020 0.0008 -1.0000
vn 0.0012 0.0005 -1.0000
vn 0.0002 0.0005 -1.0000
vn 0.3151 0.3695 -0.8742
vn 0.4651 0.6493 -0.6017
vn 0.4674 0.6302 -0.6200
vn -0.9394 -0.0037 -0.3427
vn -1.0000 -0.0004 -0.0067
vn 0.9796 0.1518 -0.1314
vn 0.9693 0.1335 -0.2066
vn 0.9981 -0.0507 -0.0351
vn 0.9383 -0.3093 -0.1546
vn 0.9122 -0.3915 -0.1206
vn -0.0080 -0.0067 0.9999
vn 0.0131 -0.0067 0.9999
vn 0.0070 -0.0082 0.9999
vn -0.4878 -0.0776 0.8695
vn -0.2685 -0.0376 0.9625
vn -0.1149 -0.0116 0.9933
vn -0.4514 -0.0157 0.8922
vn 0.6114 0.5170 -0.5991
vn 0.7517 0.6177 -0.2312
vn 0.6144 0.4434 -0.6526
vn -0.0200 0.0002 0.9998
vn -0.0023 0.0004 1.0000
vn -0.0021 0.0004 1.0000
vn -0.7373 0.6267 0.2523
vn -0.0018 -0.0012 -1.0000
vn -0.0015 -0.0010 -1.0000
vn 0.0005 -0.0009 -1.0000
vn -0.9595 0.0884 -0.2676
vn -0.8046 0.1481 -0.5750
vn -0.6701 0.0577 -0.7400
vn 0.9038 0.3831 0.1906
vn 0.7654 0.3691 0.5272
vn 0.9925 0.1195 0.0259
vn 0.9962 0.0734 -0.0467
vn -0.2475 -0.8114 0.5296
vn 0.9806 -0.1466 0.1298
vn 0.4256 -0.0005 -0.9049
vn 0.4234 -0.0003 -0.9059
vn 0.2087 0.0001 -0.9780
vn -0.6153 -0.4352 0.6572
vn -0.2990 -0.2025 0.9325
vn 0.6326 -0.1391 0.7619
vn 0.5720 -0.0361 0.8195
vn 0.7900 -0.0007 0.6131
vn -0.1843 -0.6744 -0.7150
vn -0.1861 -0.1796 0.9660
vn 0.9228 0.3114 -0.2269
vn 0.9624 0.2712 -0.0175
vn 0.9531 0.2325 -0.1939
vn 0.2051 0.4799 -0.8530
vn 0.3040 0.7663 -0.5661
vn 0.3680 0.6252 -0.6882
vn 0.7278 0.0962 0.6790
vn 0.8396 0.1105 0.5318
vn -0.0562 -0.0118 0.9984
vn -0.0220 0.0193 0.9996
vn 0.0007 -0.0008 1.0000
vn 0.0008 -0.0011 1.0000
vn 0.0008 -0.0012 1.0000
vn 0.0029 -0.0055 1.0000
vn -0.0081 0.0012 1.0000
vn -0.0047 0.0031 1.0000
vn 0.4595 -0.8877 0.0285
vn 0.4781 -0.8780 0.0241
vn 0.4775 -0.8775 0.0451
vn -0.9488 0.3147 0.0255
vn -0.9598 0.2807 -0.0081
vn 0.9700 -0.1990 0.1398
vn 0.9267 -0.1270 0.3536
vn 0.8424 -0.2018 0.4997
vn 0.3619 -0.7322 0.5770
vn 0.2700 -0.5479 0.7918
vn 0.5531 0.0417 0.8320
vn 0.5225 0.0994 0.8468
vn -0.9748 0.2147 0.0600
vn -0.9518 0.3062 0.0177
vn -0.9655 0.2599 -0.0149
vn 0.0045 0.0019 -1.0000
vn 0.0320 0.0203 -0.9993
vn 0.0467 0.0232 -0.9986
vn 0.0001 -0.0006 1.0000
vn 0.0026 -0.0002 1.0000
vn -0.0019 -0.0003 1.0000
vn 0.5865 0.2771 -0.7611
vn 0.5781 0.2533 -0.7757
vn 0.7237 0.3163 -0.6134
vn -0.9882 -0.0647 -0.1392
vn -0.8015 -0.0525 -0.5958
vn -0.9443 -0.1526 -0.2914
vn -0.9895 -0.1388 -0.0397
vn -0.6834 -0.0008 0.7300
vn -0.5536 -0.0029 0.8328
vn -0.5537 -0.0025 0.8327
vn -0.7097 -0.0023 0.7045
vn 0.2570 0.2104 -0.9432
vn -0.6768 -0.6128 -0.4079
vn -0.5503 -0.4701 -0.6900
vn -0.0079 0.6724 -0.7402
vn -0.0130 0.6615 -0.7498
vn -0.0149 0.5214 -0.8532
vn -0.4405 -0.0294 -0.8973
vn -0.3730 -0.0679 -0.9253
vn -0.2133 -0.0246 -0.9767
vn 0.0033 -0.0009 -1.0000
vn 0.0038 -0.0017 -1.0000
vn 0.6975 0.0005 0.7166
vn 0.8791 0.0004 0.4766
vn 0.9316 0.0057 0.3636
vn -0.4202 0.1379 -0.8969
vn -0.5760 0.1602 -0.8016
vn -0.9717 -0.2363 -0.0038
vn -0.9449 -0.2967 -0.1382
vn -0.9465 -0.3219 -0.0230
vn 0.0096 0.0110 -0.9999
vn 0.0007 0.0002 -1.0000
vn 0.0015 0.0002 -1.0000
vn -0.4872 0.0001 -0.8733
vn -0.4790 0.0025 -0.8778
vn -0.4460 0.0145 -0.8949
vn -0.6207 -0.1678 -0.7659
vn -0.8011 -0.1426 -0.5813
vn -0.4869 -0.1174 -0.8655
vn 0.6605 0.5830 0.4731
vn 0.4644 0.4249 0.7771
vn 0.6654 0.5448 0.5103
vn 0.9714 0.1673 0.1687
vn 0.8548 0.1059 0.5081
vn 0.9595 0.1151 0.2572
vn -0.0192 0.0095 -0.9998
vn -0.0144 0.0024 -0.9999
vn -0.0074 0.0016 -1.0000
vn -0.1062 0.0004 0.9943
vn -0.0464 0.0002 0.9989
vn -0.0062 0.0002 1.0000
vn -0.8074 -0.5615 -0.1811
vn -0.7711 -0.6367 -0.0058
vn -0.6952 -0.5628 -0.4472
vn -0.0338 -0.0011 0.9994
vn -0.0054 0.0009 1.0000
vn -0.0041 0.0023 1.0000
vn -0.3800 0.3901 -0.8387
vn -0.4247 0.4395 -0.7915
vn -0.2421 0.2483 -0.9379
vn -0.3164 0.9486 0.0107
vn -0.6855 0.7139 0.1425
vn -0.6608 0.7503 -0.0176
vn -0.4641 -0.4482 0.7641
vn -0.6123 -0.6007 0.5140
vn -0.3937 -0.3816 0.8363
vn -0.9244 0.0026 0.3813
vn -0.6735 -0.0002 0.7392
vn -0.9649 -0.2517 0.0755
vn -0.9940 0.0021 0.1094
vn -0.9991 0.0055 0.0432
vn -0.9992 0.0012 0.0405
vn -0.0643 -0.6062 0.7927
vn -0.0631 -0.6574 0.7509
vn -0.0662 -0.6529 0.7545
vn 0.6315 -0.7752 -0.0194
vn 0.6772 -0.7355 -0.0195
vn 0.6413 -0.7673 0.0067
vn 0.6974 -0.6183 -0.3622
vn 0.7193 -0.6945 -0.0180
vn 0.7229 -0.6905 -0.0241
vn 0.6253 -0.5914 -0.5093
vn 0.2182 0.2002 0.9552
vn 0.3200 0.3338 0.8867
vn -0.9150 -0.3374 -0.2213
vn -0.9187 -0.3950 0.0017
vn -0.9195 -0.3912 -0.0390
vn -0.9946 -0.0937 -0.0439
vn -0.9731 -0.1216 0.1959
vn -0.8572 -0.3434 0.3838
vn -0.0711 -0.0010 -0.9975
vn -0.0542 -0.0000 -0.9985
vn -0.2788 0.1277 -0.9518
vn -0.4654 0.1949 -0.8634
vn -0.0006 0.0002 1.0000
vn -0.8595 -0.0004 -0.5112
vn -0.8495 -0.0014 -0.5276
vn -0.9723 -0.0001 -0.2335
vn -0.0215 0.7766 -0.6296
vn -0.0165 0.9502 -0.3113
vn -0.0577 0.9802 -0.1895
vn 0.5986 0.7744 0.2050
vn 0.4256 0.4868 0.7628
vn 0.3539 0.6798 0.6423
vn 0.4211 0.9051 0.0586
vn 0.3829 -0.2997 0.8738
vn 0.2722 -0.4226 0.8645
vn 0.4134 -0.0887 0.9062
vn -0.4851 -0.4097 -0.7726
vn -0.3469 -0.3171 -0.8827
vn -0.3890 -0.3797 -0.8394
vn -0.0458 0.1876 -0.9812
vn -0.0898 0.4134 -0.9061
vn -0.0669 0.2550 -0.9646
vn 0.6657 0.0024 -0.7462
vn 0.9352 0.0017 -0.3540
vn -0.8243 -0.0116 -0.5660
vn -0.8351 -0.0026 -0.5501
vn -0.9794 -0.0042 -0.2021
vn -0.5916 0.7931 0.1452
vn -0.8087 0.5855 0.0558
vn -0.5969 0.8017 0.0315
vn -1.0000 0.0054 -0.0028
vn -0.9502 0.0150 -0.3112
vn -1.0000 0.0001 -0.0075
vn 0.2415 0.0692 -0.9679
vn 0.4463 0.1618 -0.8801
vn 0.3839 0.1176 -0.9159
vn -0.0005 0.0001 1.0000
vn -0.0001 -0.0004 1.0000
vn 0.0006 -0.0000 1.0000
vn 0.3817 -0.0740 -0.9213
vn 0.5273 -0.0431 -0.8486
vn 0.4814 -0.0281 -0.8760
vn 0.5337 0.5379 0.6526
vn 0.5792 0.5601 0.5923
vn -0.0793 -0.0007 -0.9969
vn -0.9995 0.0015 0.0329
vn -1.0000 0.0001 -0.0040
vn -0.9995 -0.0006 0.0300
vn -0.7111 0.2985 0.6366
vn -0.9015 0.3912 0.1851
vn 0.4903 -0.6082 -0.6242
vn 0.5152 -0.7091 -0.4814
vn 0.0023 -0.7657 -0.6431
vn 0.0025 -0.6329 -0.7742
vn -0.0024 -0.7519 -0.6592
vn -0.3294 -0.2406 -0.9130
vn -0.1970 -0.1555 -0.9680
vn -0.1345 -0.0753 -0.9880
vn -0.2361 -0.1003 0.9665
vn -0.4467 -0.1675 0.8789
vn -0.0847 -0.0280 0.9960
vn -0.0142 -0.0057 0.9999
vn 0.3826 0.3541 0.8534
vn 0.6099 0.5488 0.5717
vn 0.4455 0.1646 -0.8800
vn 0.6810 0.2488 -0.6887
vn 0.4971 0.1283 -0.8582
vn 0.2248 0.0708 -0.9718
vn -0.7238 -0.0000 0.6900
vn -0.6799 -0.0053 0.7332
vn -0.9993 0.0253 0.0269
vn -0.9998 -0.0125 -0.0139
vn -0.9914 -0.1310 0.0064
vn -0.0035 -0.0088 1.0000
vn -0.0005 -0.0050 1.0000
vn -0.0006 -0.0088 1.0000
vn -0.0024 -0.0000 -1.0000
vn 0.0012 -0.0000 -1.0000
vn 0.0009 -0.0005 -1.0000
vn -0.1706 -0.5554 0.8139
vn -0.1490 -0.5651 0.8114
vn 0.2060 -0.0935 -0.9741
vn 0.0030 -0.0036 -1.0000
vn 0.1372 -0.0720 -0.9879
vn -0.7222 -0.6890 0.0613
vn 0.9108 0.4113 -0.0372
vn -0.1995 0.0319 0.9794
vn 0.0024 -0.0045 1.0000
vn -0.0040 -0.0011 1.0000
vn -0.0345 0.0070 -0.9994
vn -0.0202 0.0062 -0.9998
vn -0.0142 0.0061 -0.9999
vn -0.7328 -0.6449 0.2170
vn -0.7902 -0.6127 0.0161
vn -0.7166 -0.6974 0.0098
vn 0.9999 0.0037 -0.0149
vn 0.9999 -0.0001 -0.0112
vn -0.0003 -0.0000 1.0000
vn 0.0001 -0.0001 1.0000
vn 0.0005 -0.0000 1.0000
vn -0.0769 -0.9845 -0.1576
vn -0.0003 -0.7700 -0.6380
vn 0.3109 0.3394 -0.8878
vn 0.3633 0.3700 -0.8550
vn 0.3773 0.3611 -0.8528
vn 0.4522 -0.8613 -0.2316
vn 0.3763 -0.6623 -0.6479
vn 0.3591 -0.7446 -0.5628
vn 0.4514 -0.8841 -0.1211
vn 0.0054 0.6688 -0.7434
vn -0.0044 0.6736 -0.7391
vn -0.0001 0.6069 -0.7948
vn 0.3164 0.4447 -0.8379
vn 0.3513 0.8268 -0.4393
vn 0.1181 0.0442 -0.9920
vn 0.1741 -0.0103 -0.9847
vn 0.0127 -0.0004 -0.9999
vn -0.1238 -0.0076 -0.9923
vn 0.1472 -0.0042 -0.9891
vn -0.0499 0.0290 -0.9983
vn -0.5652 -0.0585 -0.8229
vn -0.5463 -0.0199 -0.8373
vn -0.6275 -0.0154 -0.7784
vn -0.6969 -0.3894 0.6023
vn -0.8368 -0.4957 0.2324
vn -0.6323 -0.3676 0.6819
vn -0.0650 0.6155 -0.7854
vn -0.0822 0.4621 -0.8830
vn -0.0615 0.4477 -0.8921
vn -0.9971 -0.0347 0.0682
vn -0.0141 0.0029 -0.9999
vn -0.0032 0.0016 -1.0000
vn -0.0014 0.0008 -1.0000
vn 0.8091 -0.2308 0.5404
vn -0.4834 -0.6023 -0.6352
vn -0.4400 -0.3032 -0.8453
vn -0.5638 -0.1368 -0.8145
vn -0.8914 -0.3321 -0.3083
vn -0.9392 -0.3265 -0.1058
vn -0.8106 -0.2640 -0.5227
vn -0.8664 -0.3966 -0.3034
vn 0.6852 0.3525 -0.6374
vn 0.8453 0.4881 -0.2172
vn 0.6070 0.3401 -0.7182
vn -0.2227 0.9181 -0.3277
vn -0.1897 0.9747 -0.1179
vn -0.2504 0.8703 -0.4240
vn -0.6495 0.6579 0.3812
vn -0.5400 0.5402 0.6454
vn -0.4038 0.4016 0.8220
vn 0.5167 -0.2612 -0.8153
vn 0.5376 -0.2368 -0.8092
vn 0.1075 0.9383 -0.3287
vn 0.1421 0.9892 -0.0373
vn 0.0457 0.9986 -0.0267
vn 0.0394 0.9194 -0.3914
vn -0.0036 0.0007 1.0000
vn 0.0242 0.0006 0.9997
vn -0.9490 0.2695 -0.1635
vn -0.7521 0.1711 -0.6365
vn -0.9279 0.1834 -0.3246
vn 0.0100 -0.5899 -0.8074
vn -0.0083 -0.2694 -0.9630
vn -0.0036 -0.6150 -0.7885
vn -0.0053 -0.0019 -1.0000
vn -0.0030 -0.0001 -1.0000
vn -0.0218 -0.0128 -0.9997
vn -0.0793 0.2285 0.9703
vn -0.0032 0.0074 1.0000
vn -0.0348 0.1517 0.9878
vn -0.1850 -0.9827 0.0079
vn -0.1398 -0.9899 0.0240
vn -0.1532 -0.9874 0.0395
vn -0.6737 0.7389 0.0047
vn -0.7715 0.6350 -0.0408
vn -0.8000 0.5997 0.0202
vn -0.9929 0.1085 -0.0489
vn -0.9961 0.0283 -0.0830
vn -0.9998 0.0190 -0.0026
vn 0.2306 -0.0013 -0.9730
vn 0.4285 -0.0019 -0.9035
vn 0.4251 0.0059 -0.9051
vn -0.9247 -0.0770 0.3729
vn -0.9519 -0.0372 0.3041
vn -0.6999 -0.0234 0.7139
vn -0.6349 -0.0651 0.7698
vn 0.4363 0.0022 0.8998
vn 0.5203 0.0030 0.8540
vn 0.5289 0.0011 0.8487
vn 0.3441 -0.2939 -0.8918
vn 0.1955 -0.1459 -0.9698
vn -0.5871 -0.4468 0.6751
vn -0.5500 -0.3762 0.7457
vn -0.2301 -0.0544 0.9716
vn -0.7256 0.5180 0.4529
vn -0.5539 0.6918 0.4633
vn -0.9741 -0.0009 -0.2259
vn -0.9741 0.0005 -0.2261
vn -0.2982 0.1175 0.9472
vn -0.0015 0.0004 -1.0000
vn 0.0013 0.0006 -1.0000
vn -0.0025 -0.0055 1.0000
vn 0.0030 0.0160 0.9999
vn -0.0018 0.0062 1.0000
vn 0.7823 0.6223 -0.0292
vn 0.7786 0.5862 -0.2239
vn -0.1547 0.5818 -0.7985
vn -0.1265 0.5110 -0.8503
vn -0.0877 0.2680 -0.9594
vn -0.1446 0.4060 -0.9023
vn 0.5459 -0.1184 -0.8295
vn 0.6433 -0.1193 -0.7563
vn 0.0056 -0.0014 1.0000
vn -0.0016 -0.0025 1.0000
vn 0.0057 -0.0034 1.0000
vn 0.0035 0.0006 1.0000
vn 0.3002 -0.1257 0.9456
vn 0.3248 -0.1874 0.9270
vn 0.0466 -0.0458 0.9979
vn 0.0616 -0.0502 0.9968
vn 0.0035 -0.0026 1.0000
vn -0.0086 0.0007 1.0000
vn 0.6439 0.7622 0.0669
vn 0.6867 0.7269 -0.0059
vn -0.3558 -0.0009 -0.9346
vn -0.5223 -0.0002 -0.8528
vn 0.8546 -0.5192 0.0132
vn 0.6509 0.0033 -0.7592
vn 0.9223 0.0012 -0.3864
vn -0.0011 0.0098 -1.0000
vn 0.0001 0.0077 -1.0000
vn -0.6911 0.6739 0.2611
vn -0.6927 0.7164 0.0833
vn -0.6569 0.6872 0.3102
vn -0.0964 0.7960 -0.5976
vn -0.0468 0.9966 -0.0685
vn -0.0197 0.9970 -0.0747
vn -0.0034 0.0039 -1.0000
vn -0.0035 0.0036 -1.0000
vn -0.0335 0.0021 -0.9994
vn -0.0127 0.0003 -0.9999
vn -0.4564 0.0010 0.8898
vn -0.0542 0.0002 0.9985
vn -0.0887 0.0027 0.9961
vn -0.3232 0.0023 0.9463
vn -0.0118 0.0046 0.9999
vn -0.0041 0.0075 1.0000
vn 0.0045 -0.0003 -1.0000
vn 0.0045 -0.0004 -1.0000
vn 0.0046 -0.0004 -1.0000
vn 0.8712 -0.4301 -0.2367
vn 0.8470 -0.4902 -0.2055
vn 0.6910 -0.3686 -0.6218
vn 0.0050 0.0024 -1.0000
vn 0.0040 0.0024 -1.0000
vn -0.0007 -0.0022 -1.0000
vn -0.6559 0.0009 0.7549
vn 0.6522 -0.0010 -0.7581
vn -0.5052 -0.8627 0.0223
vn -0.4922 -0.8699 0.0321
vn -0.4863 -0.8736 0.0191
vn -0.2430 0.6572 -0.7135
vn -0.3120 0.9468 -0.0790
vn -0.4638 0.7747 -0.4298
vn 0.0082 -0.0148 -0.9999
vn 0.0047 -0.0098 -0.9999
vn 0.0023 -0.0137 -0.9999
vn -0.3681 0.0048 0.9298
vn -0.6294 -0.0095 0.7770
vn -0.3969 -0.0160 0.9177
vn -0.0027 -0.0009 1.0000
vn -0.3827 0.9239 0.0053
vn 0.2216 0.9748 0.0262
vn 0.2027 0.9652 -0.1650
vn 0.0321 0.0105 -0.9994
vn 0.3743 0.0568 -0.9256
vn 0.3066 0.1463 -0.9405
vn -0.0028 -0.0010 1.0000
vn -0.0081 -0.0105 0.9999
vn -0.5893 0.8078 0.0119
vn -0.6577 0.7317 0.1788
vn -0.7109 -0.2742 -0.6476
vn -0.5292 -0.2264 -0.8177
vn -0.6607 0.0003 -0.7506
vn -0.5681 0.0008 -0.8230
vn -0.5601 0.0001 -0.8284
vn -0.0037 0.9959 -0.0903
vn -0.0070 0.9995 -0.0309
vn -0.0025 0.9963 -0.0863
vn 0.5816 0.0106 0.8134
vn 0.5975 0.0598 0.7996
vn -0.7793 0.1492 -0.6086
vn -0.9637 0.1837 -0.1937
vn 0.9843 -0.1313 0.1180
vn 0.9911 -0.0568 0.1207
vn 0.9991 -0.0409 0.0105
vn 0.9633 -0.2683 0.0121
vn 0.0012 0.0020 1.0000
vn -0.3618 0.0022 0.9322
vn -0.0732 -0.0001 0.9973
vn -0.0504 0.0037 0.9987
vn 0.0036 -0.7256 -0.6881
vn 0.0015 -0.3695 -0.9292
vn 0.0056 -0.6343 -0.7731
vn 0.9657 0.0555 0.2536
vn 0.9983 0.0003 0.0587
vn 0.9980 0.0495 0.0394
vn -0.2660 0.2965 0.9173
vn -0.1693 0.1659 0.9715
vn -0.0018 0.0001 1.0000
vn -0.0011 -0.0014 1.0000
vn 0.0006 -0.0015 1.0000
vn 0.0066 -0.0004 -1.0000
vn 0.0036 0.0004 -1.0000
vn 0.0064 -0.0023 -1.0000
vn 0.9929 -0.0013 -0.1187
vn 0.9999 -0.0008 -0.0159
vn 0.9859 0.0003 0.1674
vn 0.9861 0.0148 0.1657
vn 0.9991 -0.0012 0.0418
vn -0.9996 0.0111 -0.0264
vn -0.9995 0.0109 -0.0303
vn -0.9987 0.0458 -0.0242
vn 0.9441 0.1353 0.3007
vn 0.8960 0.0694 0.4385
vn 0.9855 0.0710 0.1538
vn 0.9840 0.1511 0.0942
vn 0.2780 -0.4701 0.8377
vn 0.9804 -0.1958 -0.0233
vn 0.9568 -0.2903 0.0135
vn 0.9538 -0.2966 -0.0481
vn -0.2861 0.9413 0.1792
vn -0.2763 0.7495 0.6016
vn -0.2174 0.9458 0.2413
vn 0.2957 -0.0370 0.9546
vn 0.2486 -0.0589 0.9668
vn -0.0080 0.0012 1.0000
vn -0.0059 -0.0002 1.0000
vn 0.2518 -0.5269 0.8118
vn 0.6934 0.6997 0.1721
vn 0.7172 0.6947 0.0548
vn 0.7154 0.6981 0.0312
vn 0.6962 0.7174 0.0263
vn -0.2439 0.0024 0.9698
vn 0.0076 0.0001 1.0000
vn -0.1254 -0.5658 -0.8149
vn -0.0778 -0.5803 -0.8107
vn -0.3552 -0.3247 -0.8766
vn 0.4900 0.0379 -0.8709
vn 0.6680 0.0314 -0.7435
vn 0.6232 0.1085 -0.7745
vn 0.4639 0.0966 -0.8806
vn 0.9998 0.0006 0.0198
vn 0.9998 0.0019 0.0199
vn 0.9999 0.0018 -0.0134
vn 0.9951 -0.0005 -0.0990
vn 0.9980 0.0070 -0.0633
vn -0.3970 -0.3689 0.8404
vn -0.4388 -0.3748 0.8167
vn -0.0003 -0.0013 1.0000
vn -0.0008 -0.0029 1.0000
vn 0.0014 -0.0017 1.0000
vn 0.0038 0.0008 -1.0000
vn 0.0112 0.0021 -0.9999
vn 0.0123 -0.0000 -0.9999
vn -0.0061 0.2534 0.9674
vn 0.3028 0.4585 0.8355
vn 0.3205 0.5197 0.7919
vn 0.4706 0.0412 0.8814
vn 0.6197 0.0725 0.7815
vn 0.9937 -0.1112 0.0142
vn 0.9871 -0.1455 -0.0674
vn -0.0193 -0.0119 -0.9997
vn -0.0045 0.0010 -1.0000
vn -0.0054 -0.0009 -1.0000
vn -0.9998 0.0194 0.0061
vn -0.9988 0.0262 0.0423
vn 0.0565 0.1314 -0.9897
vn 0.1780 0.2870 -0.9412
vn 0.0738 0.1009 -0.9922
vn -0.2110 0.7448 -0.6330
vn -0.1300 0.5026 -0.8547
vn 0.5935 -0.2386 0.7687
vn 0.8505 -0.3703 0.3735
vn 0.6066 -0.2967 0.7375
vn -0.0956 0.9943 0.0479
vn -0.5789 -0.3779 0.7226
vn -0.4804 -0.2790 0.8315
vn 0.9529 0.3022 -0.0278
vn 0.9817 0.1900 -0.0103
vn 0.9748 0.1814 -0.1301
vn -0.4069 0.2538 0.8775
vn -0.3018 0.1788 0.9364
vn 0.7364 0.3372 -0.5866
vn 0.9008 0.3939 -0.1827
vn 0.8868 0.4177 -0.1976
vn 0.7626 0.3643 -0.5346
vn 0.8191 -0.5699 0.0656
vn 0.9884 0.1502 -0.0215
vn -0.9993 0.0011 -0.0367
vn -0.9708 0.0027 -0.2399
vn -0.9993 0.0032 -0.0369
vn -0.8979 0.4379 0.0453
vn -0.9157 0.4018 -0.0036
vn -0.9091 0.3909 0.1443
vn -0.0081 -0.5914 0.8063
vn -0.0038 -0.6658 0.7461
vn -0.0038 -0.6734 0.7393
vn 0.0012 -0.0005 -1.0000
vn 0.0042 -0.0003 -1.0000
vn 0.0049 0.0005 -1.0000
vn 0.9661 0.2574 0.0180
vn 0.8402 0.2435 0.4846
vn 0.9868 0.1597 0.0275
vn 0.4651 -0.5243 0.7133
vn 0.6202 -0.7614 0.1885
vn 0.6512 -0.6719 0.3529
vn -0.4392 -0.6890 -0.5766
vn -0.4257 -0.7649 -0.4834
vn -0.4997 -0.8620 -0.0848
vn -0.2375 0.9698 0.0559
vn -0.0444 -0.3845 -0.9220
vn -0.0221 -0.3593 -0.9330
vn -0.0549 -0.6258 -0.7781
vn -0.6231 0.7822 -0.0033
vn -0.6377 0.7699 0.0242
vn -0.0134 -0.0010 -0.9999
vn -0.0229 -0.0014 -0.9997
vn -0.0088 -0.0013 -1.0000
vn 0.8731 0.2291 -0.4304
vn 0.9411 0.2944 -0.1664
vn 0.9079 0.1731 -0.3818
vn 0.6731 0.6287 -0.3895
vn 0.6824 0.6495 -0.3354
vn 0.5056 0.4658 -0.7262
vn 0.0003 0.0101 0.9999
vn -0.0014 -0.0179 0.9998
vn 0.0034 0.0154 0.9999
vn 0.0616 -0.5224 0.8505
vn 0.1121 -0.8228 0.5571
vn 0.0841 -0.5809 0.8096
vn 0.0013 0.0044 1.0000
vn 0.0308 0.0065 0.9995
vn 0.2522 0.2675 -0.9300
vn 0.3029 0.3084 -0.9017
vn 0.2341 0.2390 -0.9424
vn 0.1174 0.1256 -0.9851
vn -0.2267 0.6092 -0.7599
vn -0.9998 -0.0083 -0.0169
vn -0.9988 -0.0137 0.0462
vn 0.2035 -0.0012 0.9791
vn 0.3867 0.0053 0.9222
vn 0.4033 0.0018 0.9151
vn 0.2666 0.0067 -0.9638
vn 0.4190 0.0314 -0.9075
vn 0.5178 0.0214 -0.8552
vn -0.0031 0.0034 1.0000
vn -0.0012 0.0022 1.0000
vn 0.0001 -0.0002 1.0000
vn -0.9050 -0.4254 -0.0095
vn -0.9485 -0.3168 0.0043
vn -0.6385 -0.1952 0.7445
vn -0.5507 -0.2226 0.8045
vn -0.3977 -0.1334 0.9078
vn -0.9175 0.0002 0.3978
vn -0.9946 0.0012 0.1039
vn -0.9935 -0.0000 0.1137
vn -0.9182 -0.0010 0.3962
vn 0.9284 0.3698 -0.0355
vn 0.9297 0.3677 0.0189
vn -0.3774 -0.0018 0.9261
vn -0.1040 -0.0008 0.9946
vn -0.0660 -0.0007 0.9978
vn 0.7051 0.6793 -0.2035
vn 0.6538 0.7381 -0.1666
vn 0.5711 0.8030 -0.1704
vn 0.0051 -0.0069 -1.0000
vn 0.0139 -0.0078 -0.9999
vn -0.5700 0.0012 -0.8217
vn -0.5431 0.0013 -0.8397
vn -0.5321 -0.0008 -0.8467
vn 0.9811 0.1681 0.0957
vn 0.9143 0.1924 0.3565
vn 0.9633 0.2614 0.0606
vn -0.4679 0.2605 0.8445
vn -0.4634 0.2570 0.8481
vn -0.3813 0.2353 0.8940
vn 0.0044 0.4527 -0.8916
vn 0.8763 0.4814 0.0172
vn 0.8764 0.4670 0.1182
vn 0.9385 0.3435 0.0360
vn 0.9990 0.0014 0.0444
vn 0.9845 0.0018 0.1753
vn 0.9837 0.0006 0.1797
vn 0.9229 -0.3639 0.1259
vn 0.8923 -0.4193 0.1673
vn 0.9118 -0.4046 0.0704
vn -0.9534 -0.2507 -0.1678
vn -0.8913 -0.3533 -0.2842
vn -0.7174 -0.3058 -0.6260
vn -0.0108 0.0006 -0.9999
vn -0.0135 0.0020 -0.9999
vn -0.0061 -0.0023 -1.0000
vn -0.0062 -0.0040 -1.0000
vn 0.0028 -0.0056 -1.0000
vn -0.0008 -0.0015 -1.0000
vn -0.9625 0.1955 -0.1879
vn -0.3118 0.0244 0.9498
vn -0.4488 -0.0029 -0.8936
vn -0.2989 0.0226 -0.9540
vn -0.1716 -0.0015 -0.9852
vn -0.7742 0.2270 0.5908
vn -0.9192 0.3004 0.2544
vn -0.9222 0.2478 0.2969
vn -0.6597 0.1788 0.7299
vn 0.1253 0.0800 -0.9889
vn 0.3040 0.2014 -0.9311
vn 0.9950 0.0021 -0.0999
vn 0.9999 0.0018 -0.0155
vn 0.9945 0.0015 -0.1046
vn -0.9991 0.0009 -0.0417
vn -0.9725 0.0010 -0.2331
vn -0.9721 0.0005 -0.2345
vn -0.0008 0.0099 -1.0000
vn -0.0013 -0.0070 -1.0000
vn 0.9934 -0.0013 -0.1150
vn 0.9954 0.0006 -0.0954
vn 0.8881 -0.0000 -0.4596
vn -0.6197 -0.1669 0.7669
vn -0.4846 -0.1440 0.8628
vn -0.5628 0.0035 -0.8266
vn -0.5641 -0.0001 -0.8257
vn -0.6884 0.0049 -0.7253
vn -0.0006 0.0041 1.0000
vn 0.0009 0.0070 1.0000
vn -0.0051 0.0003 1.0000
vn -0.0017 -0.0007 1.0000
vn 0.0121 -0.0005 0.9999
vn -0.5732 0.0049 -0.8194
vn -0.5197 0.0025 -0.8543
vn -0.5187 0.0053 -0.8550
vn -0.0046 0.0145 -0.9999
vn -0.0017 -0.0195 -0.9998
vn -0.7603 0.0251 0.6490
vn -0.7453 -0.0432 0.6653
vn 0.6414 0.2017 -0.7402
vn 0.8904 0.2259 -0.3952
vn 0.8563 0.3379 -0.3906
vn -0.6140 0.3518 0.7065
vn -0.6783 0.3788 0.6297
vn -0.2345 -0.0479 -0.9709
vn -0.3059 -0.0981 -0.9470
vn 0.1448 -0.0643 -0.9874
vn 0.0152 -0.0103 -0.9998
vn 0.1947 -0.0643 -0.9787
vn 0.0078 -0.6327 0.7743
vn 0.0082 -0.7442 0.6680
vn 0.0026 -0.6587 0.7524
vn -0.1352 -0.2693 0.9535
vn -0.1250 -0.0883 0.9882
vn -0.0366 0.9989 0.0295
vn -0.0170 0.9534 0.3012
vn 0.1592 -0.8025 -0.5750
vn 0.1961 -0.7923 -0.5778
vn 0.2371 -0.9500 -0.2032
vn 0.0241 0.0003 0.9997
vn 0.2020 -0.0012 0.9794
vn 0.1359 0.0005 0.9907
vn -0.6887 0.7250 -0.0110
vn -0.6989 0.7152 -0.0074
vn 0.6268 0.6939 0.3544
vn 0.4841 0.4750 0.7349
vn 0.6639 0.7411 0.0999
vn -0.6827 0.0012 -0.7307
vn -0.3671 0.3956 0.8419
vn -0.5522 0.5096 0.6599
vn -0.5313 0.5672 0.6293
vn 0.8705 0.4888 -0.0573
vn 0.7929 0.4533 -0.4072
vn 0.9795 -0.1979 -0.0377
vn -0.0308 -0.0954 0.9950
vn -0.0248 -0.2345 0.9718
vn -0.0022 -0.0002 1.0000
vn -0.0111 -0.0074 0.9999
vn -0.0032 0.0009 1.0000
vn -0.0036 -0.0015 1.0000
vn -0.2187 -0.9756 0.0199
vn -0.2325 -0.9726 0.0088
vn 0.7875 -0.5950 0.1607
vn 0.7937 -0.6072 0.0367
vn -0.4394 -0.1899 0.8780
vn -0.6305 -0.1250 0.7661
vn -0.0761 -0.0237 0.9968
vn -0.0046 0.0004 1.0000
vn 0.0026 0.0080 1.0000
vn -0.2994 -0.0007 -0.9541
vn -0.0825 -0.0003 -0.9966
vn 0.9136 0.4065 -0.0057
vn 0.9392 0.3423 0.0265
vn 0.9370 0.3484 -0.0242
vn -0.0467 0.9178 -0.3943
vn -0.9949 -0.0045 0.1003
vn -0.9994 -0.0031 0.0350
vn -0.9948 -0.0015 0.1016
vn 0.5319 -0.0431 0.8457
vn 0.4533 -0.0170 0.8912
vn 0.3727 -0.1251 -0.9195
vn 0.0153 -0.0058 -0.9999
vn 0.2594 -0.0414 -0.9649
vn 0.0951 0.9955 0.0010
vn -0.5730 -0.7934 0.2052
vn -0.5194 -0.6704 0.5299
vn 0.9664 0.2468 -0.0718
vn 0.9386 0.3427 -0.0383
vn 0.1315 0.1268 -0.9832
vn 0.2906 0.2579 -0.9214
vn 0.2684 0.2604 -0.9274
vn 0.3540 0.3916 0.8493
vn 0.2453 0.2248 0.9430
vn 0.4247 0.3782 0.8225
vn 0.4768 -0.1128 0.8718
vn 0.4439 -0.1363 0.8857
vn -0.0500 0.0001 0.9988
vn -0.0235 0.0002 0.9997
vn -0.0504 0.0004 0.9987
vn -0.3754 -0.5546 -0.7426
vn -0.3528 -0.4864 -0.7993
vn -0.5056 -0.7027 -0.5006
vn -0.5312 -0.1727 0.8294
vn -0.0411 -0.0021 0.9992
vn -0.0275 -0.0007 0.9996
vn -0.0153 -0.0018 0.9999
vn 0.9933 -0.0033 -0.1158
vn 0.9998 -0.0014 -0.0216
vn 0.9999 -0.0006 0.0142
vn 0.0519 -0.0015 -0.9987
vn 0.0565 -0.0000 -0.9984
vn 0.1348 0.1355 -0.9816
vn 0.0011 -0.0005 -1.0000
vn 0.0043 0.0003 -1.0000
vn -0.5243 0.6186 0.5852
vn -0.5827 0.7975 0.1564
vn -0.6171 0.7333 0.2853
vn -0.4260 0.4934 0.7583
vn 0.0924 -0.7453 -0.6603
vn 0.0921 -0.6077 -0.7888
vn -0.8123 -0.5832 -0.0007
vn -0.5345 0.3625 -0.7635
vn -0.3603 0.2401 -0.9014
vn -0.2233 0.1595 -0.9616
vn -0.9254 0.3411 -0.1649
vn -0.7608 0.2629 -0.5934
vn -0.9432 0.3096 -0.1208
vn -0.9447 -0.2587 0.2015
vn -0.9657 -0.2590 0.0180
vn -0.9540 -0.2997 -0.0028
vn 0.0001 0.0018 1.0000
vn 0.0002 0.0017 1.0000
vn -0.5555 -0.0012 0.8315
vn -0.0161 -0.0008 0.9999
vn -0.2696 -0.0557 0.9614
vn -0.0141 -0.0009 0.9999
vn -0.0133 0.0001 0.9999
vn -0.8012 0.3437 -0.4898
vn -0.9038 0.4051 -0.1383
vn -0.0019 0.0005 -1.0000
vn -0.0680 -0.0003 0.9977
vn -0.0231 -0.0013 0.9997
vn -0.0149 0.0001 0.9999
vn 0.0029 -0.0019 -1.0000
vn 0.0032 -0.0014 -1.0000
vn 0.0029 -0.0013 -1.0000
vn -0.0136 -0.0027 -0.9999
vn -0.0012 0.0006 -1.0000
vn -0.0088 -0.7316 -0.6816
vn -0.0317 -0.7578 -0.6517
vn -0.0269 -0.9746 -0.2223
vn -0.0083 -0.9555 -0.2947
vn 0.5575 0.4973 -0.6648
vn 0.7288 0.6568 -0.1935
vn 0.7229 0.6636 -0.1924
vn -0.8138 -0.2540 -0.5227
vn -0.5437 -0.1844 -0.8188
vn -0.9127 -0.3189 -0.2556
vn 0.9028 0.3403 -0.2630
vn 0.9584 0.2833 -0.0343
vn 0.6407 -0.0029 -0.7678
vn 0.9998 0.0002 0.0202
vn 0.9986 0.0043 0.0525
vn 0.9991 -0.0015 0.0421
vn 0.0041 0.0004 -1.0000
vn 0.0123 0.0007 -0.9999
vn 0.5353 0.0039 -0.8446
vn 0.5255 0.0083 -0.8508
vn 0.5332 0.0151 -0.8459
vn -0.0052 0.0007 -1.0000
vn 0.4850 0.4712 0.7367
vn 0.2059 0.2075 0.9563
vn 0.3498 0.3359 0.8745
vn -0.9723 0.2335 0.0072
vn -0.0087 0.0002 -1.0000
vn -0.0027 -0.0016 -1.0000
vn 0.0394 0.1987 0.9793
vn 0.0419 0.4248 0.9043
vn 0.4282 -0.0003 -0.9037
vn 0.4322 0.0003 -0.9018
vn -0.0009 -0.0043 1.0000
vn 0.0029 0.0013 1.0000
vn 0.0020 -0.0027 1.0000
vn 0.4660 -0.2759 -0.8407
vn 0.0033 -0.6132 -0.7899
vn 0.0050 -0.3526 -0.9358
vn 0.0066 -0.6127 -0.7903
vn -0.5557 -0.0143 0.8313
vn -0.5733 0.0014 0.8193
vn 0.7870 0.5369 -0.3038
vn 0.8227 0.5677 -0.0296
vn 0.8182 0.5177 -0.2499
vn 0.0258 0.3760 0.9263
vn 0.0241 0.5934 0.8046
vn 0.9998 -0.0171 0.0050
vn 0.9547 -0.0993 0.2806
vn 0.9769 -0.0019 0.2137
vn 0.9999 0.0005 0.0109
vn 0.5018 0.0078 -0.8649
vn 0.2246 0.1365 0.9648
vn 0.0070 0.0014 1.0000
vn 0.8581 0.1179 -0.4998
vn 0.9195 0.1148 -0.3761
vn 0.6594 0.0758 -0.7480
vn 0.3875 0.9216 0.0231
vn 0.1150 0.9921 -0.0510
vn 0.1511 0.9863 -0.0659
vn 0.3845 0.9230 -0.0150
vn 0.7002 0.1296 -0.7021
vn 0.7448 0.1099 -0.6582
vn 0.5369 0.0492 -0.8422
vn 0.4284 -0.0006 -0.9036
vn 0.4979 -0.0009 -0.8672
vn -0.0254 -0.0046 -0.9997
vn -0.9677 -0.2506 -0.0283
vn -0.8582 -0.2384 -0.4546
vn -0.5704 -0.1681 -0.8040
vn -0.0921 0.3688 0.9249
vn -0.0905 0.3069 0.9474
vn -0.0250 0.0017 -0.9997
vn -0.0418 0.0073 -0.9991
vn -0.0197 -0.0009 -0.9998
vn -0.4514 0.5245 0.7219
vn -0.5211 0.6168 0.5899
vn 0.4000 -0.1704 0.9005
vn -0.5686 0.0003 0.8226
vn -0.5904 -0.0006 0.8071
vn -0.5676 -0.0007 0.8233
vn -0.0012 0.0003 1.0000
vn 0.0014 0.0003 1.0000
vn -0.0000 0.0005 1.0000
vn -0.0009 -0.0019 -1.0000
vn -0.0716 -0.3590 0.9306
vn -0.3218 -0.0006 -0.9468
vn -0.0751 -0.0003 -0.9972
vn -0.0659 0.0005 -0.9978
vn -0.5881 0.1129 -0.8009
vn -0.3596 0.0518 -0.9316
vn -0.8300 0.2728 -0.4864
vn 0.9940 0.0095 -0.1094
vn -0.5123 -0.3293 -0.7932
vn -0.2544 -0.1592 -0.9539
vn -0.4285 -0.3333 -0.8398
vn -0.7025 0.0011 -0.7116
vn -0.7064 0.0052 -0.7078
vn -0.0023 0.0046 -1.0000
vn 0.0118 0.0145 -0.9998
vn 0.9471 -0.1024 -0.3040
vn 0.9597 -0.1402 -0.2434
vn 0.7773 -0.1095 -0.6196
vn 0.7134 -0.0701 -0.6973
vn -0.0032 0.0002 1.0000
vn -0.0016 0.0005 1.0000
vn -0.8971 0.2578 0.3587
vn -0.9591 0.2756 0.0646
vn -0.9319 0.2167 0.2908
vn -0.8552 0.0001 -0.5183
vn -0.8436 0.0034 -0.5369
vn -0.9734 0.0002 -0.2292
vn 0.4681 0.0003 0.8837
vn -0.7364 0.1920 0.6488
vn -0.7214 0.1516 0.6757
vn -0.5931 0.1600 0.7891
vn -0.2244 -0.2013 -0.9535
vn -0.2279 -0.2160 -0.9494
vn -0.0199 -0.0174 -0.9997
vn -0.0517 -0.0360 -0.9980
vn -0.0845 -0.0645 -0.9943
vn -0.5528 -0.0004 -0.8333
vn -0.5210 -0.0025 -0.8536
vn -0.5207 -0.0000 -0.8537
vn -0.7943 0.0151 -0.6074
vn -0.8407 0.0008 -0.5415
vn 0.0027 -0.0021 1.0000
vn 0.0007 0.0004 1.0000
vn 0.0015 -0.0016 1.0000
vn 0.5259 0.0361 -0.8498
vn 0.5197 0.0409 -0.8534
vn -0.0009 0.0004 1.0000
vn 0.0046 -0.0033 1.0000
vn -0.9371 -0.3083 0.1637
vn -0.9365 -0.3488 0.0371
vn -0.8795 -0.3417 0.3313
vn -0.8485 0.0046 -0.5291
vn 0.1433 -0.0010 0.9897
vn 0.2155 0.1832 0.9592
vn 0.0188 0.0013 0.9998
vn -0.5932 0.6841 -0.4244
vn -0.5736 0.8192 -0.0016
vn -0.1431 -0.3511 -0.9254
vn -0.5661 -0.0023 -0.8244
vn -0.5101 -0.0007 -0.8601
vn -0.5134 -0.0027 -0.8582
vn -0.5058 0.3542 0.7866
vn -0.3019 0.2387 0.9229
vn -0.3725 0.0015 0.9280
vn -0.3720 0.0005 0.9282
vn -0.0851 0.0004 0.9964
vn 0.1584 -0.0070 0.9874
vn 0.3147 0.0016 0.9492
vn -0.9867 0.1526 0.0568
vn -0.9299 0.1607 0.3309
vn -0.2322 0.3281 0.9156
vn -0.0383 0.0796 0.9961
vn -0.1305 0.1453 0.9808
vn -0.6855 -0.0032 0.7281
vn -0.9396 -0.0110 0.3422
vn -0.9679 0.1478 0.2034
vn -0.9962 0.0521 0.0705
vn -0.9416 0.0734 0.3286
vn -0.3748 -0.2258 0.8992
vn 0.4948 0.4241 0.7585
vn 0.7624 0.5812 0.2847
vn 0.7534 0.6427 0.1392
vn 0.9103 0.0951 0.4029
vn 0.8917 0.0009 0.4526
vn 0.9868 0.0021 0.1617
vn 0.6469 0.0013 -0.7626
vn 0.9074 0.0012 -0.4202
vn 0.4281 0.6810 0.5941
vn -0.5317 0.5717 -0.6248
vn -0.6745 0.6994 -0.2363
vn -0.6710 0.7141 -0.1994
vn 0.8634 0.1144 -0.4914
vn 0.6118 0.0809 -0.7869
vn -0.9727 0.0563 0.2252
vn -0.7558 0.1896 0.6268
vn -0.8894 0.0349 0.4558
vn -0.0100 0.0003 -1.0000
vn -0.0116 0.0002 -0.9999
vn 0.4252 -0.3885 -0.8175
vn 0.5923 -0.4736 -0.6518
vn 0.3610 -0.3008 -0.8827
vn 0.0003 0.0003 1.0000
vn -0.5710 -0.7774 0.2636
vn -0.5605 -0.8275 0.0330
vn -0.5397 -0.8087 0.2340
vn -0.2343 -0.0736 0.9694
vn 0.0221 -0.0001 0.9998
vn 0.1099 -0.0005 0.9939
vn 0.1550 -0.0176 0.9878
vn 0.4146 -0.2540 -0.8738
vn 0.5727 -0.3396 -0.7461
vn 0.6078 -0.4692 -0.6406
vn 0.4806 -0.3539 -0.8023
vn 0.7616 -0.5791 0.2908
vn 0.7824 -0.6225 0.0176
vn 0.5146 -0.1279 -0.8478
vn 0.5397 -0.0902 -0.8370
vn 0.6755 -0.1656 -0.7185
vn 0.9506 -0.2658 0.1604
vn 0.9446 -0.3016 0.1294
vn 0.2696 0.0045 0.9630
vn 0.1463 -0.0001 0.9892
vn 0.2925 0.0003 0.9563
vn 0.9050 0.0009 0.4253
vn -0.6537 -0.0036 -0.7568
vn -0.5631 -0.0030 -0.8264
vn -0.0051 0.0080 1.0000
vn -0.0090 0.0067 0.9999
vn 0.0030 -0.6539 0.7566
vn 0.0014 -0.8207 0.5713
vn 0.0012 -0.7833 0.6216
vn 0.9911 0.1140 0.0693
vn 0.4602 0.2440 0.8536
vn 0.2567 0.1268 0.9581
vn 0.6650 0.3404 0.6648
vn 0.9668 0.1314 0.2191
vn 0.0032 0.0004 1.0000
vn -0.1114 -0.3586 -0.9268
vn -0.0200 -0.3081 -0.9511
vn -0.0090 -0.0089 -0.9999
vn -0.0576 -0.3055 -0.9504
vn 0.8830 -0.0864 0.4613
vn 0.0520 0.0002 -0.9986
vn 0.2285 0.0001 -0.9735
vn 0.2317 -0.0003 -0.9728
vn 0.4308 0.0004 -0.9025
vn -0.1347 0.1618 -0.9776
vn -0.2856 0.3511 -0.8917
vn 0.1638 0.1231 0.9788
vn 0.3993 0.3134 0.8616
vn -0.2247 0.9556 -0.1904
vn -0.2288 0.9723 0.0465
vn -0.2800 0.9599 0.0115
vn -0.3537 0.4293 -0.8310
vn -0.3913 0.4449 -0.8055
vn -0.3011 0.3398 -0.8910
vn 0.0119 0.6530 0.7573
vn 0.0065 0.9245 0.3811
vn 0.0126 -0.0032 -0.9999
vn 0.0020 -0.0003 -1.0000
vn -0.0093 -0.0014 -1.0000
vn 0.0063 -0.0058 -1.0000
vn -0.2839 -0.1333 0.9495
vn 0.9998 0.0024 -0.0219
vn 0.9997 0.0022 -0.0263
vn -0.6872 0.0050 0.7264
vn -0.5602 0.0027 0.8283
vn -0.0059 0.9501 -0.3120
vn -0.0130 0.9982 -0.0585
vn -0.0075 0.0031 1.0000
vn -0.0027 0.0001 1.0000
vn 0.0026 -0.0140 0.9999
vn 0.0002 -0.0032 1.0000
vn 0.9988 -0.0354 -0.0343
vn 0.9941 -0.0001 -0.1086
vn 0.9455 -0.0001 -0.3256
vn -0.0010 0.0004 1.0000
vn -0.4640 -0.3862 0.7972
vn -0.4156 -0.3353 0.8455
vn -0.2684 -0.2167 0.9386
vn -0.0137 0.0128 -0.9998
vn 0.0512 0.0513 -0.9974
vn 0.0436 0.0171 -0.9989
vn 0.3038 0.0007 0.9527
vn 0.4208 0.0017 0.9071
vn 0.3701 -0.0251 0.9287
vn -0.4720 -0.0253 0.8812
vn -0.5082 -0.0064 0.8612
vn -0.4237 0.0018 0.9058
vn -0.6625 0.7339 -0.1502
vn -0.6986 0.7118 -0.0722
vn -0.6961 0.7172 -0.0333
vn -0.0168 0.9327 -0.3604
vn -0.0237 0.9952 -0.0948
vn -0.0816 -0.8005 0.5938
vn -0.0584 -0.6547 0.7536
vn 0.3000 0.0015 0.9539
vn 0.2344 -0.0293 0.9717
vn -0.2742 0.9613 -0.0261
vn -0.2218 0.9748 -0.0230
vn -0.2036 0.9584 -0.2003
vn -0.2304 -0.0003 -0.9731
vn -0.0606 -0.0018 -0.9982
vn -0.2418 0.0073 -0.9703
vn -0.0080 -0.0267 -0.9996
vn -0.0156 -0.0425 -0.9990
vn -0.5196 0.4085 0.7504
vn -0.3315 0.2526 0.9090
vn -0.5000 0.1891 0.8451
vn 0.0072 0.0137 0.9999
vn -0.0329 -0.3471 0.9372
vn -0.0078 -0.4349 0.9004
vn -0.9718 0.0007 -0.2357
vn -0.8489 0.0018 -0.5285
vn 0.4805 0.8769 -0.0134
vn 0.4911 0.8576 -0.1527
vn 0.2331 0.0063 0.9724
vn 0.1044 0.0190 0.9944
vn 0.0124 -0.0003 -0.9999
vn 0.0143 -0.0003 -0.9999
vn 0.0593 0.0001 -0.9982
vn -0.3884 -0.1481 0.9095
vn -0.9300 -0.3295 0.1630
vn -0.7881 -0.3073 0.5333
vn 0.2165 0.4500 0.8664
vn 0.0574 0.4678 0.8820
vn 0.1780 0.8468 0.5013
vn -0.7101 0.7040 -0.0138
vn 0.0018 0.9997 0.0264
vn -0.0034 0.9978 0.0666
vn -0.0045 1.0000 0.0022
vn -0.8825 -0.4691 -0.0340
vn -0.8783 -0.4298 -0.2093
vn 0.9440 0.3226 0.0694
vn 0.9643 0.2648 -0.0025
vn 0.0105 -0.0035 -0.9999
vn 0.3075 -0.1784 -0.9347
vn 0.4619 -0.4286 -0.7765
vn 0.4958 -0.4040 -0.7687
vn -0.5194 0.4712 0.7129
vn -0.5667 0.4903 0.6621
vn -0.3664 0.3258 0.8715
vn -0.4117 0.0008 0.9113
vn -0.5358 0.5939 0.6001
vn -0.2668 0.0220 -0.9635
vn -0.0560 0.0022 -0.9984
vn -0.8617 0.0003 -0.5074
vn -0.6938 0.0018 -0.7202
vn 0.3775 -0.1814 -0.9081
vn 0.2649 -0.1610 -0.9507
vn 0.5453 0.0008 0.8383
vn 0.5365 0.0004 0.8439
vn 0.7945 0.0229 0.6069
vn -0.7463 -0.6054 -0.2767
vn 0.2989 -0.0027 -0.9543
vn 0.4997 -0.0488 -0.8648
vn 0.5208 0.0006 -0.8537
vn 0.0049 -0.9838 -0.1792
vn 0.0005 -0.9996 -0.0275
vn -0.4148 -0.8838 0.2164
vn -0.4174 -0.9079 0.0392
vn -0.3606 -0.9097 0.2059
vn -0.0097 -0.0006 -1.0000
vn -0.0013 -0.0005 -1.0000
vn 0.8924 -0.4500 0.0322
vn 0.8857 -0.4641 0.0097
vn 0.0835 -0.9819 0.1701
vn 0.0460 -0.9977 0.0505
vn 0.1111 -0.9920 0.0603
vn 0.1489 0.0440 -0.9879
vn 0.3646 0.0928 -0.9265
vn 0.2315 0.0304 -0.9724
vn 0.0016 0.0007 -1.0000
vn 0.0052 0.0009 -1.0000
vn 0.0033 0.0007 -1.0000
vn 0.4315 0.0019 0.9021
vn -0.0098 0.0013 -1.0000
vn -0.0174 -0.0009 -0.9998
vn 0.9264 -0.0284 -0.3756
vn 0.9114 0.0014 -0.4115
vn 0.6482 -0.0020 -0.7614
vn 0.0066 -0.9748 0.2228
vn 0.5525 -0.7638 -0.3337
vn -0.8763 0.4816 0.0091
vn -0.0050 0.0005 -1.0000
vn -0.0091 0.0011 -1.0000
vn -0.3379 -0.3680 0.8662
vn -0.3508 -0.4019 0.8458
vn -0.1371 -0.1375 0.9810
vn 0.9996 0.0071 0.0291
vn 0.9822 0.0059 0.1877
vn 0.9993 0.0108 0.0362
vn 0.0009 -0.0016 1.0000
vn -0.0052 -0.0008 1.0000
vn -0.5874 -0.0043 -0.8093
vn 0.0036 -0.0014 1.0000
vn -0.0140 0.0025 0.9999
vn 0.9289 0.0054 -0.3702
vn -0.5311 -0.8444 -0.0704
vn -0.4965 -0.8679 0.0144
vn -0.5672 0.5914 -0.5731
vn -0.6049 0.6316 -0.4850
vn 0.0007 -0.0043 1.0000
vn 0.0012 -0.0047 1.0000
vn 0.0011 -0.0024 1.0000
vn 0.2888 -0.5784 -0.7630
vn 0.2939 -0.5428 -0.7867
vn 0.0126 0.0053 0.9999
vn 0.0052 0.0052 1.0000
vn 0.2736 0.2298 0.9340
vn 0.9823 0.1868 0.0107
vn 0.9876 0.1457 0.0582
vn 0.9779 0.2046 0.0429
vn -0.4231 0.4660 -0.7771
vn -0.5761 0.5897 -0.5660
vn -0.0005 0.0005 1.0000
vn 0.0030 -0.0001 1.0000
vn -0.0031 -0.0002 1.0000
vn 0.4136 -0.2429 -0.8775
vn 0.9999 0.0007 0.0119
vn 1.0000 0.0005 -0.0081
vn 0.4766 0.0713 -0.8762
vn 0.3975 0.0896 -0.9132
vn -0.6841 -0.4106 0.6028
vn 0.9013 0.3954 -0.1770
vn 0.4817 -0.0228 0.8760
vn -0.2808 0.9595 0.0201
vn -0.1943 0.9807 0.0204
vn -0.1794 0.9832 -0.0346
vn -0.9992 -0.0000 0.0388
vn -1.0000 -0.0009 -0.0013
vn -0.9994 -0.0030 0.0350
vn 0.0012 -0.0006 1.0000
vn -0.0001 -0.0010 1.0000
vn -0.0051 -0.0002 1.0000
vn 0.9997 -0.0001 0.0227
vn 0.9989 -0.0008 0.0466
vn 0.9999 0.0004 0.0173
vn 0.0021 0.0002 -1.0000
vn 0.0044 0.0002 -1.0000
vn -0.0030 -0.0260 -0.9997
vn 0.0024 -0.0299 -0.9995
vn -0.8843 -0.4670 -0.0004
vn -0.9228 -0.3835 -0.0356
vn -0.9155 -0.4003 0.0402
vn 0.7006 0.0023 0.7136
vn 0.7075 0.0008 0.7068
vn -0.0918 -0.0011 -0.9958
vn -0.0909 0.0013 -0.9959
vn -0.0117 -0.0001 -0.9999
vn 0.5227 -0.1763 0.8341
vn -0.0011 0.0012 1.0000
vn 0.0017 -0.0015 1.0000
vn 0.0105 0.4238 -0.9057
vn 0.0198 0.6230 -0.7820
vn 0.0060 0.6344 -0.7729
vn 0.0038 0.4062 -0.9138
vn -0.0050 -0.0170 -0.9998
vn -0.0030 -0.0126 -0.9999
vn -0.7027 0.0001 0.7115
vn -0.7069 0.0001 0.7073
vn -0.5950 0.0004 0.8038
vn -0.9993 0.0295 0.0244
vn -0.9995 0.0319 0.0088
vn -0.9994 -0.0141 0.0308
vn 0.5983 0.4858 -0.6372
vn 0.5195 0.0027 -0.8545
vn -0.4149 -0.0000 0.9099
vn -0.1586 -0.0010 0.9873
vn -0.5660 -0.4331 -0.7015
vn -0.0019 -0.0017 -1.0000
vn 0.5979 0.4852 0.6380
vn 0.7384 0.6722 0.0540
vn -0.5122 -0.2612 0.8182
vn 0.2912 -0.0034 0.9567
vn 0.1288 -0.0017 0.9917
vn 0.2920 0.0023 0.9564
vn -0.0116 0.0044 -0.9999
vn -0.0161 0.0052 -0.9999
vn -0.0051 -0.0001 -1.0000
vn -0.1406 0.5538 0.8207
vn -0.2576 0.4992 0.8273
vn 0.0029 -0.3298 -0.9440
vn 0.0031 -0.0011 -1.0000
vn -0.1255 -0.6305 0.7659
vn -0.4216 -0.8074 0.4128
vn -0.4710 -0.4021 0.7852
vn -0.3744 0.0001 0.9273
vn -0.4956 -0.0564 0.8667
vn 1.0000 0.0086 0.0045
vn 0.1909 0.2089 0.9591
vn 0.3547 0.3709 0.8583
vn 0.4572 0.8808 -0.1234
vn 0.3698 0.7435 -0.5571
vn 0.1299 -0.0001 0.9915
vn 0.1862 -0.0592 0.9807
vn -0.1998 0.1855 -0.9621
vn -0.0022 -0.0001 1.0000
vn 0.0005 0.0001 1.0000
vn -0.0280 0.9950 -0.0954
vn 0.0108 0.9736 -0.2278
vn 0.2258 0.1439 0.9635
vn 0.2149 0.1686 0.9620
vn 0.4071 0.2747 0.8711
vn 0.2800 -0.2567 0.9250
vn 0.3714 -0.3254 0.8696
vn -0.0768 -0.0715 -0.9945
vn -0.0208 -0.0141 -0.9997
vn -0.0146 -0.0249 -0.9996
vn -0.0016 -0.9453 -0.3263
vn -0.7382 -0.6148 -0.2777
vn -0.6952 -0.5604 -0.4502
vn -0.0077 0.0224 -0.9997
vn -0.0079 0.0220 -0.9997
vn -0.0006 0.0073 -1.0000
vn 0.9989 -0.0019 0.0470
vn 0.9999 -0.0021 0.0158
vn 0.9989 -0.0005 0.0478
vn 0.9865 0.0213 0.1625
vn 0.9990 0.0007 0.0457
vn 0.0037 0.0011 1.0000
vn -0.9891 0.1473 -0.0010
vn -0.9949 0.0990 0.0211
vn -0.0003 0.0005 1.0000
vn -0.0005 0.0009 1.0000
vn -0.0004 0.0009 1.0000
vn 0.0199 0.0137 -0.9997
vn -0.0427 -0.0002 0.9991
vn 0.0016 0.0007 1.0000
vn -0.0218 -0.0096 -0.9997
vn -0.0031 -0.0010 -1.0000
vn -0.0035 0.0004 -1.0000
vn -0.0080 0.0139 -0.9999
vn -0.0020 0.0015 -1.0000
vn -0.0013 0.0038 -1.0000
vn 0.7175 0.6953 -0.0424
vn 0.7193 0.6940 0.0319
vn 0.7321 0.6811 0.0115
vn 0.0007 -0.0003 -1.0000
vn 0.0013 -0.0011 -1.0000
vn -0.3702 -0.0830 -0.9252
vn -0.0473 -0.0089 -0.9988
vn -0.0512 -0.0024 -0.9987
vn 0.7333 -0.4581 0.5024
vn 0.6301 -0.3786 0.6779
vn -0.4123 -0.2415 -0.8784
vn -0.1412 -0.0774 -0.9870
vn -0.0491 -0.0002 0.9988
vn -0.0509 0.0002 0.9987
vn -0.0221 0.0001 0.9998
vn -0.0011 -0.0182 0.9998
vn -0.0293 -0.0404 0.9988
vn -0.0172 0.0006 0.9999
vn -0.1938 -0.8391 -0.5082
vn -0.2434 -0.8855 -0.3958
vn 0.0134 -0.0039 -0.9999
vn 0.0131 -0.0046 -0.9999
vn -0.3290 -0.0010 -0.9443
vn -0.1019 -0.0020 -0.9948
vn 0.4200 -0.3038 0.8552
vn 0.6245 -0.4990 0.6008
vn 0.6198 -0.4687 0.6294
vn -0.9584 -0.2506 -0.1368
vn -0.8683 -0.1869 -0.4595
vn -0.8000 -0.2082 -0.5627
vn 0.4820 0.8761 0.0098
vn 0.6960 0.7181 0.0042
vn 0.6815 0.7299 -0.0526
vn 0.4204 0.0002 -0.9073
vn 0.5029 -0.0511 -0.8628
vn -0.0022 -0.2963 -0.9551
vn 0.0020 -0.6358 0.7719
vn -0.0040 -0.6472 0.7623
vn -0.9931 0.0004 0.1173
vn -0.9999 0.0038 0.0121
vn -0.9961 0.0050 0.0886
vn 0.8621 -0.5020 0.0696
vn 0.8989 -0.4327 0.0693
vn 0.9379 -0.3404 0.0675
vn 0.9956 -0.0040 -0.0940
vn 0.9000 0.0043 -0.4358
vn 0.6322 0.6830 -0.3657
vn 0.5357 0.4786 -0.6957
vn 0.3810 0.4031 -0.8321
vn -0.0351 0.0034 0.9994
vn -0.0361 -0.0006 0.9993
vn 0.7247 0.0508 0.6872
vn 0.8773 0.0344 0.4787
vn -0.0000 -0.0014 1.0000
vn 0.0003 -0.0006 1.0000
vn 0.0002 -0.0015 1.0000
vn -0.0019 -0.0021 1.0000
vn 0.6223 -0.0109 -0.7827
vn 0.9159 -0.0032 -0.4013
vn 0.7882 -0.6031 0.1221
vn 0.7077 -0.5191 0.4794
vn 0.6746 -0.5890 0.4449
vn -0.3179 0.0002 -0.9481
vn -0.0798 0.0007 -0.9968
vn 0.0144 -0.0030 -0.9999
vn -0.0562 -0.0016 -0.9984
vn 1.0000 0.0060 0.0074
vn 0.9995 0.0047 0.0320
vn 0.0024 0.0025 1.0000
vn 0.1483 -0.0021 0.9889
vn 0.0047 -0.0077 1.0000
vn -0.0508 0.0003 0.9987
vn 0.0006 0.9995 -0.0309
vn -0.0038 0.9971 -0.0766
vn 0.0013 0.9973 -0.0740
vn 0.8848 -0.0037 0.4659
vn 0.3548 -0.3081 0.8827
vn 0.5948 -0.4420 0.6714
vn 0.3686 -0.2773 0.8873
vn 0.2116 -0.1626 0.9637
vn 0.0055 0.0054 1.0000
vn 0.0022 0.0135 0.9999
vn 0.0562 -0.9848 0.1641
vn 0.9838 0.0020 0.1790
vn -0.0008 0.0017 -1.0000
vn 0.0352 0.0046 -0.9994
vn 0.0485 0.0018 -0.9988
vn 0.1522 0.0216 -0.9881
vn -0.8219 -0.5681 0.0427
vn 0.8793 -0.4723 -0.0621
vn 0.0011 0.6262 -0.7797
vn -0.0051 0.5945 -0.8041
vn 0.0006 0.6020 -0.7985
vn 0.7642 -0.3011 0.5704
vn 0.4962 -0.2382 0.8349
vn 0.6439 -0.3455 0.6827
vn 0.0590 0.0003 -0.9983
vn -0.3554 0.3493 0.8670
vn 0.0008 0.0012 1.0000
vn -0.1160 0.4537 -0.8836
vn 0.5485 0.0020 -0.8361
vn 0.7533 0.0519 -0.6556
vn 0.3377 -0.0040 0.9412
vn 0.5043 0.0028 0.8635
vn 0.4908 -0.0172 0.8711
vn 0.2742 -0.0110 0.9616
vn -0.2537 -0.0839 -0.9636
vn -0.0412 -0.0158 -0.9990
vn -0.0622 -0.0292 -0.9976
vn 0.0009 0.0007 1.0000
vn 0.0008 -0.0137 -0.9999
vn 0.0015 -0.0242 -0.9997
vn -0.9500 0.2067 -0.2339
vn -0.7761 0.2300 -0.5872
vn -0.9409 0.2873 -0.1793
vn -0.5452 -0.6476 -0.5324
vn -0.5497 -0.7406 -0.3864
vn -0.0149 0.0002 0.9999
vn -0.0000 0.0008 1.0000
vn -0.8947 -0.4444 0.0450
vn -0.8603 -0.5095 0.0143
vn 0.0123 -0.0026 0.9999
vn 0.0177 -0.0132 0.9998
vn 0.0979 -0.0533 0.9938
vn -0.2221 0.0330 -0.9745
vn -0.0024 -0.0034 1.0000
vn -0.0010 0.0009 1.0000
vn -0.0015 0.0044 1.0000
vn 0.0991 0.0300 -0.9946
vn 0.3270 0.0408 -0.9441
vn 0.2564 0.0826 -0.9630
vn 0.6485 -0.0001 -0.7612
vn -0.0099 -0.0010 -1.0000
vn -0.0088 -0.0009 -1.0000
vn -0.0074 0.0026 -1.0000
vn -0.0028 0.0017 -1.0000
vn 0.5305 -0.7890 0.3100
vn 0.6123 -0.7802 0.1279
vn -0.1490 -0.0322 0.9883
vn -0.9971 -0.0063 0.0758
vn -0.0043 0.0033 1.0000
vn 0.2153 0.0063 -0.9765
vn 0.3596 0.0301 -0.9326
vn 0.5064 0.8546 -0.1149
vn 0.4451 0.7288 -0.5204
vn -0.2766 0.8212 0.4990
vn -0.0557 0.5606 0.8262
vn -0.1521 0.4950 0.8555
vn -0.1797 0.9794 -0.0917
vn -0.1315 0.9310 -0.3406
vn -0.1745 0.9835 -0.0470
vn 0.7130 -0.5992 -0.3642
vn 0.0012 0.0002 1.0000
vn 0.9536 -0.2964 -0.0524
vn 0.9237 -0.3792 -0.0545
vn 0.9568 -0.2715 -0.1039
vn 0.9998 0.0008 -0.0206
vn 0.9944 0.0009 -0.1061
vn -0.8557 0.0035 -0.5175
vn -0.7490 -0.0041 -0.6626
vn -0.6704 -0.0005 -0.7420
vn -0.9473 -0.3186 -0.0336
vn -0.9441 -0.3293 -0.0123
vn -0.9730 -0.2296 -0.0229
vn -0.0095 0.0247 -0.9996
vn -0.0025 0.0074 -1.0000
vn -0.0181 -0.0001 0.9998
vn -0.6278 0.6270 -0.4612
vn -0.5099 0.5131 -0.6904
vn -0.7232 0.6796 -0.1230
vn 0.7433 -0.5951 -0.3056
vn 0.9928 -0.0008 -0.1196
vn 0.9997 -0.0016 -0.0251
vn -1.0000 -0.0018 0.0018
vn -0.9725 -0.0001 -0.2328
vn -0.9816 -0.0019 -0.1909
vn 0.9775 0.0519 -0.2045
vn 0.7471 -0.0161 -0.6646
vn 0.0001 0.0008 -1.0000
vn -0.9994 0.0012 -0.0347
vn -0.9994 0.0039 -0.0343
vn -0.9998 0.0018 -0.0219
vn 0.0043 0.0002 -1.0000
vn 0.0049 0.0006 -1.0000
vn 0.0140 0.0006 -0.9999
vn 0.3637 0.3299 -0.8712
vn 0.5008 0.4331 -0.7494
vn 0.3319 0.3263 -0.8851
vn -0.0461 0.9981 -0.0417
vn 0.0059 0.9354 0.3536
vn 0.0054 -0.0352 0.9994
vn 0.0368 -0.1776 0.9834
vn 0.7145 0.6924 0.1005
vn 0.7591 0.6507 0.0220
vn 0.7203 -0.6300 0.2903
vn 0.7862 -0.6167 0.0410
vn 0.0116 -0.0040 -0.9999
vn 0.3054 -0.0733 -0.9494
vn 0.5664 0.4396 -0.6971
vn 0.0176 0.0158 0.9997
vn 0.1164 0.1157 0.9864
vn 0.0215 0.0050 0.9998
vn -0.0016 0.0012 1.0000
vn -0.0153 0.0017 0.9999
vn -0.4305 -0.0276 -0.9022
vn -0.3526 0.0047 -0.9358
vn -0.0064 0.0027 -1.0000
vn -0.0047 0.0004 -1.0000
vn 0.1735 0.1781 0.9686
vn 0.0050 -0.0356 0.9994
vn 0.0278 -0.1324 0.9908
vn -0.8674 -0.4975 0.0072
vn -0.8718 -0.4804 -0.0956
vn -0.8740 -0.4802 -0.0739
vn -0.0205 -0.0006 0.9998
vn 0.0045 0.0049 1.0000
vn 0.0033 0.0027 1.0000
vn 0.0248 0.0058 -0.9997
vn -0.2545 -0.9584 -0.1293
vn -0.2370 -0.9690 -0.0702
vn -0.2644 -0.9644 0.0064
vn -0.0003 -0.0007 1.0000
vn -0.0034 0.5640 0.8257
vn -0.0056 0.6107 0.7918
vn -0.0001 0.6174 0.7866
vn 0.1388 0.1404 0.9803
vn -0.7291 0.0052 0.6844
vn -0.6055 0.0029 0.7958
vn 0.0085 0.0001 -1.0000
vn -0.4213 -0.7755 0.4703
vn -0.2825 -0.5222 0.8047
vn 0.9890 0.0013 -0.1480
vn 0.9990 0.0006 -0.0441
vn 0.9997 0.0028 -0.0254
vn 1.0000 -0.0011 0.0050
vn 1.0000 0.0024 0.0068
vn 0.0044 0.0079 1.0000
vn 0.0191 0.0167 0.9997
vn 0.0358 0.0316 0.9989
vn 0.9147 -0.3235 -0.2421
vn 0.8420 0.0026 0.5395
vn 0.5637 0.0109 0.8259
vn 0.6430 0.0126 0.7658
vn -0.0149 0.0050 0.9999
vn 0.8534 -0.3399 -0.3952
vn 0.9265 -0.3693 -0.0717
vn 0.9313 -0.3046 -0.1999
vn -0.8403 0.4382 -0.3191
vn 0.3350 0.3783 -0.8630
vn 0.6453 0.0142 -0.7638
vn 0.6616 0.0382 -0.7488
vn -0.5703 -0.3014 0.7641
vn -0.4949 -0.2209 0.8404
vn 0.8903 -0.0013 0.4553
vn 0.9793 -0.0010 0.2023
vn -0.0088 0.0011 -1.0000
vn -0.0043 -0.0012 1.0000
vn 0.0660 0.6325 -0.7718
vn 0.0201 0.6497 -0.7599
vn 0.0049 0.4666 -0.8845
vn 0.8087 -0.5881 0.0126
vn 0.7982 -0.6022 -0.0186
vn 0.8594 -0.5112 -0.0127
vn -0.3233 0.0005 -0.9463
vn -0.0897 0.0045 -0.9960
vn 0.7317 -0.6318 0.2558
vn -0.9949 -0.0375 -0.0938
vn -0.8512 -0.0835 -0.5181
vn -0.8337 -0.0461 -0.5503
vn -0.5046 0.4310 0.7481
vn 0.0014 -0.0048 -1.0000
vn 0.4086 -0.1346 0.9027
vn 0.8073 -0.2173 0.5486
vn 0.7958 0.6054 0.0140
vn 0.8049 0.5931 0.0190
vn 0.8626 0.5057 0.0095
vn -0.4444 -0.8933 -0.0668
vn 0.2333 -0.0421 -0.9715
vn 0.3457 0.2373 -0.9078
vn 0.5214 -0.0044 -0.8533
vn 0.0015 -0.0072 -1.0000
vn 0.0017 -0.0078 -1.0000
vn 0.0022 -0.0236 -0.9997
vn -0.0003 0.0003 1.0000
vn -0.0004 0.0004 1.0000
vn 0.9892 0.0036 0.1464
vn 0.9943 -0.0108 0.1064
vn 0.3133 -0.0041 0.9496
vn 0.9430 0.1599 -0.2918
vn -0.0200 -0.0008 0.9998
vn -0.0019 -0.0002 1.0000
vn -0.0007 -0.0009 1.0000
vn -0.9727 -0.0040 -0.2319
vn -0.9809 0.0026 -0.1944
vn -0.8292 -0.5156 0.2157
vn -0.5036 0.1288 0.8543
vn -0.2031 0.0427 0.9782
vn -0.3821 0.0541 0.9225
vn -0.3356 0.6265 0.7035
vn -0.2345 0.4713 0.8502
vn -0.2982 0.8197 -0.4891
vn -0.7321 0.5725 -0.3693
vn -0.7355 0.6694 -0.1041
vn 0.6061 -0.2561 -0.7530
vn 0.6112 -0.2623 -0.7468
vn -0.8747 0.4819 0.0515
vn -0.7940 0.5431 0.2730
vn 0.0026 -0.0001 -1.0000
vn 0.3254 -0.1726 0.9297
vn 0.4994 -0.2930 0.8153
vn -0.7452 -0.2578 0.6150
vn -0.6104 -0.2308 0.7577
vn 0.2009 0.0431 0.9787
vn 0.1067 0.0042 0.9943
vn 0.0047 -0.0501 0.9987
vn 0.8677 0.3869 -0.3120
vn 0.9080 0.4183 -0.0216
vn 0.9922 0.0004 -0.1245
vn 0.9997 -0.0019 -0.0247
vn 0.9992 -0.0011 0.0402
vn 0.9990 0.0020 0.0439
vn 0.9179 0.3954 0.0344
vn 0.0391 -0.0048 0.9992
vn 0.2404 0.0012 0.9707
vn 0.2612 0.1649 -0.9511
vn -0.4473 -0.0758 -0.8912
vn -0.3738 -0.1644 -0.9128
vn 0.9970 0.0221 -0.0742
vn 0.9998 0.0140 -0.0136
vn 0.9917 0.1209 -0.0437
vn 0.9173 0.1188 -0.3801
vn 0.4483 -0.3034 0.8408
vn 0.7306 -0.4655 0.4996
vn 0.5542 -0.3872 0.7368
vn -0.0871 0.3969 -0.9137
vn -0.3705 0.3452 -0.8623
vn -0.1851 0.1452 -0.9719
vn 0.3682 0.5405 0.7565
vn 0.8224 0.4111 0.3933
vn 0.8255 0.5249 0.2077
vn 0.0028 -0.0065 -1.0000
vn 0.4777 -0.4221 -0.7705
vn 0.0025 -0.0003 -1.0000
vn 0.0019 -0.0003 -1.0000
vn -0.0365 -0.0000 -0.9993
vn 0.5216 0.0001 -0.8532
vn 0.5134 0.0015 -0.8581
vn 0.5009 -0.0003 -0.8655
vn -0.2440 -0.9068 0.3439
vn -0.9431 0.3310 0.0307
vn -0.9025 0.3012 0.3079
vn -0.9992 -0.0003 0.0407
vn 0.7321 0.6577 0.1776
vn 0.9778 -0.0074 0.2094
vn 0.9990 -0.0005 0.0446
vn -0.7903 0.6126 -0.0164
vn 0.9793 -0.1992 0.0363
vn 0.7858 0.0886 0.6121
vn 0.6939 0.0761 0.7160
vn 0.9345 0.1233 0.3340
vn 0.0251 0.1956 0.9804
vn 0.0047 0.0056 1.0000
vn 0.0041 0.0583 0.9983
vn -0.4975 -0.8543 0.1504
vn -0.5036 -0.8637 0.0219
vn 0.5017 0.0013 -0.8650
vn 0.0434 0.0002 -0.9991
vn -0.9082 0.2434 0.3404
vn -0.6041 0.1446 0.7837
vn 0.3422 -0.0259 -0.9393
vn 0.5467 -0.0623 -0.8350
vn 0.0213 -0.0014 0.9998
vn 0.0098 -0.0025 0.9999
vn 0.5032 -0.6430 -0.5774
vn 0.7884 -0.2378 0.5673
vn 0.0054 0.9994 -0.0335
vn 0.0017 -0.0019 -1.0000
vn 0.0021 -0.0063 -1.0000
vn 0.2209 -0.2665 0.9382
vn 0.4818 -0.6384 0.6003
vn 0.5178 -0.6142 0.5955
vn 0.3387 -0.3709 0.8647
vn 0.8887 -0.0009 0.4585
vn -0.3770 0.8809 -0.2863
vn -0.0991 0.6517 -0.7520
vn 0.9989 0.0021 0.0459
vn 0.9756 0.0410 0.2156
vn -0.6616 0.3553 0.6603
vn 0.0008 -0.0125 0.9999
vn 0.0025 -0.0171 0.9999
vn -0.5149 -0.5308 0.6732
vn -0.6960 -0.6190 0.3640
vn -0.4738 -0.4157 0.7763
vn -0.1894 0.8572 0.4789
vn -0.1789 0.6618 0.7280
vn 0.0042 -0.0011 1.0000
vn 0.0032 -0.0014 1.0000
vn -0.6297 -0.5781 -0.5189
vn -0.6294 -0.5464 -0.5526
vn -0.4221 -0.3786 -0.8237
vn -0.4854 -0.4256 -0.7637
vn 0.5376 0.0075 0.8432
vn 0.4573 0.0142 0.8892
vn 0.5202 0.0193 0.8538
vn -0.7400 0.4984 -0.4517
vn -0.7821 -0.4370 -0.4442
vn 0.0044 -0.0006 1.0000
vn -0.8669 -0.3486 0.3563
vn -0.9423 -0.3303 0.0537
vn 0.9079 -0.0008 -0.4191
vn 0.2375 0.2305 -0.9436
vn -0.0112 0.0004 -0.9999
vn -0.0025 0.0004 1.0000
vn -0.9654 -0.2595 0.0257
vn -0.9598 -0.2614 -0.1018
vn -0.9620 -0.2580 -0.0893
vn -0.0009 -0.0013 -1.0000
vn -0.0061 0.0048 -1.0000
vn -0.0164 0.0117 -0.9998
vn -0.8302 0.0098 -0.5574
vn -0.6478 0.0026 -0.7618
vn -0.6496 0.0136 -0.7602
vn -0.0967 0.0128 0.9952
vn -0.0527 0.0252 -0.9983
vn -0.1227 0.4908 -0.8626
vn -0.0344 0.5718 -0.8197
vn -0.0053 0.9993 -0.0361
vn -0.0616 0.1227 0.9905
vn -0.1457 0.2370 0.9605
vn 0.7487 0.6607 0.0536
vn 0.7373 0.6731 0.0573
vn 0.7478 0.6639 0.0069
vn 0.5036 -0.0021 -0.8639
vn 0.3594 0.5076 0.7831
vn 0.4885 0.6674 0.5621
vn 0.0362 0.0135 -0.9993
vn 0.0257 0.0119 -0.9996
vn -0.0073 -0.0021 1.0000
vn -0.0694 -0.0598 0.9958
vn -0.0097 -0.0028 0.9999
vn 0.2671 0.3081 -0.9131
vn -0.0006 -0.0002 1.0000
vn -0.5204 -0.0018 -0.8539
vn -0.0019 -0.0052 1.0000
vn 0.0127 -0.0042 0.9999
vn 0.0029 -0.0156 -0.9999
vn 0.0036 -0.0130 -0.9999
vn -0.0015 0.0057 -1.0000
vn -0.0004 0.0020 -1.0000
vn -0.0258 0.0353 -0.9990
vn 0.0162 0.9341 0.3567
vn -0.1630 -0.0793 -0.9834
vn -0.0897 -0.0480 -0.9948
vn 0.0018 -0.0079 -1.0000
vn -0.0081 0.0007 -1.0000
vn -0.0024 0.0003 -1.0000
vn -0.0007 0.0015 -1.0000
vn -0.0006 -0.0009 -1.0000
vn -0.0132 -0.9999 -0.0103
vn -0.0208 -0.9996 0.0178
vn -0.9944 -0.0005 0.1054
vn -0.9943 0.0004 0.1066
vn 0.9461 0.3024 0.1161
vn -0.2832 -0.1589 -0.9458
vn -0.2370 -0.1233 -0.9636
vn -0.0003 0.0021 -1.0000
vn -0.0034 0.0035 -1.0000
vn 0.0010 0.0017 -1.0000
vn 0.7079 -0.7061 0.0132
vn 0.0491 -0.9982 0.0333
vn 0.0694 -0.9969 0.0373
vn 0.0322 0.0009 -0.9995
vn 0.3579 0.0213 -0.9335
vn 0.2433 0.0025 -0.9699
vn 0.9830 -0.0005 0.1838
vn 0.9990 0.0006 0.0439
vn 0.2151 -0.1807 0.9597
vn 0.1061 -0.0974 0.9896
vn 0.9201 0.0193 -0.3913
vn 0.9703 0.2195 -0.1017
vn 0.9235 0.0362 -0.3820
vn -0.1435 -0.2823 0.9485
vn -0.1720 -0.4106 0.8954
vn 0.6740 -0.0086 0.7386
vn 0.5593 -0.0087 0.8289
vn -0.0177 0.4154 0.9095
vn -0.0059 0.4880 0.8728
vn -0.0001 0.0021 1.0000
vn 0.0033 -0.0029 1.0000
vn 0.8405 0.0002 0.5418
vn 0.9855 -0.0029 0.1694
vn -0.0016 0.0002 -1.0000
vn 0.1442 -0.0913 0.9853
vn -0.6628 -0.6631 -0.3479
vn -0.5199 -0.5261 -0.6730
vn -0.6887 -0.6832 -0.2428
vn 0.0025 -0.0008 -1.0000
vn 0.0026 -0.0013 -1.0000
vn 0.0084 -0.0010 -1.0000
vn -0.9473 0.2846 -0.1473
vn -0.7525 0.1887 -0.6309
vn 0.3978 0.1071 -0.9112
vn -0.6025 0.0238 -0.7978
vn -0.6981 0.0321 -0.7153
vn 0.0115 -0.0207 -0.9997
vn 0.2591 -0.2696 -0.9275
vn -0.0002 -0.0009 -1.0000
vn -0.0017 -0.0014 -1.0000
vn 0.0006 -0.0018 -1.0000
vn 0.7992 -0.4042 0.4448
vn 0.2261 -0.0003 -0.9741
vn 0.2545 0.0012 -0.9671
vn 0.4224 -0.0009 -0.9064
vn -0.4165 -0.3445 0.8414
vn 0.2400 -0.5978 -0.7649
vn 0.2910 -0.5724 -0.7666
vn 0.3156 -0.6922 -0.6491
vn 0.2975 -0.8220 -0.4856
vn 0.8952 0.0011 -0.4456
vn 0.7949 0.2644 -0.5460
vn -0.3250 0.3844 0.8640
vn -0.2875 0.3428 0.8943
vn -0.2247 0.2279 -0.9474
vn -0.0170 0.0175 -0.9997
vn 0.7826 0.2500 0.5701
vn 0.9183 0.2934 0.2656
vn -0.0003 -0.0028 1.0000
vn -0.0032 -0.0008 1.0000
vn -0.0029 -0.0019 1.0000
vn 0.0121 0.0118 -0.9999
vn 0.1825 0.1467 -0.9722
vn 0.7536 -0.0062 0.6573
vn 0.7996 0.0192 0.6002
vn 0.9651 -0.0004 0.2617
vn 0.3124 0.9497 -0.0229
vn 0.7120 0.7005 -0.0484
vn -0.9562 -0.2770 0.0946
vn -0.9762 -0.2159 0.0210
vn 0.8108 -0.5388 -0.2284
vn 0.8457 -0.5004 -0.1855
vn 0.8523 -0.5224 -0.0264
vn 0.2066 0.0847 -0.9748
vn -0.4839 -0.8704 0.0913
vn -0.4138 -0.9102 0.0148
vn -0.6986 0.7152 0.0214
vn -0.8008 0.0007 -0.5989
vn -0.7575 0.0044 -0.6529
vn -0.4050 -0.2115 -0.8895
vn -0.5309 -0.3069 -0.7899
vn -0.9864 -0.1639 -0.0123
vn -0.1880 -0.1799 -0.9655
vn -0.9278 0.2616 0.2660
vn -0.8590 0.2903 0.4218
vn -0.9873 0.1491 -0.0546
vn 0.0004 0.0007 1.0000
vn 0.7329 0.3759 0.5671
vn 0.9065 0.3628 0.2162
vn 0.2661 0.3839 -0.8842
vn -1.0000 0.0042 0.0024
vn -0.0972 0.3024 -0.9482
vn -0.0312 0.0499 -0.9983
vn 0.0291 -0.0702 0.9971
vn -0.5186 -0.4774 0.7093
vn -0.7416 -0.5459 0.3900
vn -0.4888 -0.3619 0.7938
vn 0.9999 0.0029 -0.0146
vn 0.9997 0.0019 0.0230
vn 0.9999 0.0002 0.0149
vn 0.9403 -0.2286 -0.2522
vn 0.9306 -0.0225 -0.3654
vn 0.6732 0.3333 0.6601
vn 0.0001 -0.0042 1.0000
vn -0.7432 0.6152 0.2632
vn -0.2946 0.0830 0.9520
vn 0.1319 0.0008 0.9913
vn 0.2199 -0.0025 0.9755
vn 0.3970 -0.0134 0.9177
vn -0.0034 0.9997 -0.0232
vn -0.0212 0.0030 0.9998
vn -0.1213 0.0909 0.9884
vn -0.0084 0.0047 1.0000
vn -0.7339 0.4203 0.5336
vn -0.6299 0.4670 0.6206
vn -0.6782 -0.4682 -0.5664
vn -0.0459 0.0001 0.9989
vn -0.0062 -0.0001 1.0000
vn 0.0009 -0.0160 0.9999
vn -0.0002 -0.0042 1.0000
vn -0.5120 -0.2512 0.8214
vn -0.3427 -0.3114 0.8863
vn 0.0038 -0.0162 0.9999
vn 0.1187 -0.2520 0.9604
vn 0.0017 -0.0177 0.9998
vn -0.0023 0.0006 -1.0000
vn -0.9999 0.0002 -0.0128
vn -0.9990 0.0019 -0.0444
vn -1.0000 0.0011 -0.0028
vn -0.0496 -0.0025 -0.9988
vn -0.0223 -0.0016 -0.9998
vn 0.0011 0.0014 -1.0000
vn 0.0102 -0.3704 -0.9288
vn 0.9002 0.2307 0.3694
vn 0.9755 0.2190 0.0205
vn 0.9247 0.3789 0.0366
vn -0.0403 0.0055 0.9992
vn -0.1334 0.0789 0.9879
vn 0.0030 0.0022 1.0000
vn -0.0005 0.0006 1.0000
vn 0.9210 -0.3888 -0.0252
vn 0.9112 -0.4116 0.0174
vn 0.8981 -0.4381 -0.0387
vn -0.0011 -0.0001 -1.0000
vn -0.0001 -0.0001 -1.0000
vn 0.0013 -0.0001 -1.0000
vn -0.0090 0.0079 -0.9999
vn -0.0025 0.0034 -1.0000
vn 0.7328 -0.0389 0.6793
vn 0.0131 0.5725 0.8198
vn -0.1877 0.9758 0.1127
vn -0.1910 0.9815 0.0100
vn 0.7057 0.0016 0.7085
vn 0.8943 0.0005 0.4474
vn 0.9407 0.0355 0.3373
vn -0.9170 0.0010 0.3989
vn -0.9530 0.1974 -0.2298
vn -0.9141 0.0496 -0.4025
vn -0.9998 0.0032 -0.0218
vn -0.9822 0.1866 -0.0210
vn -0.9427 -0.2240 0.2474
vn 0.4325 0.0007 0.9017
vn -0.6788 0.6824 -0.2712
vn 0.0044 0.0032 -1.0000
vn 0.0143 0.0143 -0.9998
vn 0.0020 0.0014 -1.0000
vn 0.0052 0.0015 -1.0000
vn -0.3391 -0.7637 0.5494
vn -0.2908 -0.7905 0.5390
vn -0.3983 0.0092 -0.9172
vn 0.0002 -0.0000 1.0000
vn 0.3728 0.4038 0.8355
vn -0.0019 0.5724 0.8200
vn -0.4749 -0.6351 0.6092
vn -0.2691 0.2787 0.9219
vn -0.1692 0.1800 0.9690
vn 0.4506 -0.2863 -0.8456
vn 0.4125 -0.3038 -0.8588
vn -0.9991 0.0005 -0.0426
vn -0.8014 0.5959 0.0516
vn -0.8569 0.5155 -0.0036
vn -0.4188 -0.4101 0.8102
vn 0.8027 0.5789 0.1433
vn 0.6099 0.3851 0.6926
vn 0.8427 0.4629 0.2751
vn -0.0692 -0.4961 0.8655
vn -0.5083 0.0001 -0.8612
vn -0.9993 0.0012 0.0385
vn -0.2466 -0.2262 0.9423
vn -0.4292 -0.9003 -0.0722
vn 0.4257 -0.3435 -0.8371
vn 0.1463 0.1484 -0.9781
vn 0.1292 0.3345 0.9335
vn 0.0337 0.8117 0.5832
vn 0.1076 0.7329 0.6718
vn 0.0388 0.8895 0.4552
vn 0.5391 0.0104 0.8422
vn 0.6541 0.0084 0.7563
vn 0.6129 0.0039 0.7902
vn -0.0083 -0.0040 1.0000
vn -0.3045 -0.3159 0.8986
vn -0.4049 -0.1314 0.9049
vn 0.7007 -0.0016 0.7135
vn 0.5332 -0.0024 0.8460
vn 0.5416 0.0004 0.8407
vn -0.0027 -0.0003 -1.0000
vn 0.2331 0.0007 -0.9725
vn 0.1857 0.0003 -0.9826
vn 0.0476 0.0010 -0.9989
vn 0.6831 0.2296 -0.6933
vn 0.4924 0.1320 -0.8603
vn 0.2822 -0.5362 -0.7955
vn 0.1227 -0.1994 -0.9722
vn 0.3131 -0.5329 -0.7861
vn -0.4369 0.0527 0.8979
vn 0.1206 0.0253 -0.9924
vn 0.1831 0.0575 -0.9814
vn 0.3950 0.0599 -0.9167
vn 0.0522 0.0503 0.9974
vn 0.6386 0.1726 0.7499
vn 0.0029 0.0006 -1.0000
vn -0.6179 0.0726 -0.7829
vn -0.0035 0.0193 -0.9998
vn 0.7285 0.6580 -0.1905
vn -0.5008 0.0183 -0.8654
vn -0.9885 -0.1492 0.0254
vn -0.9708 -0.2397 0.0106
vn -0.9484 -0.1966 0.2486
vn -0.1972 0.0216 -0.9801
vn -0.0052 -0.0001 1.0000
vn -0.0322 -0.6507 0.7587
vn -0.0495 0.5894 0.8063
vn 0.1107 0.9931 0.0390
vn 0.0637 0.9675 0.2445
vn 0.0252 0.9986 0.0464
vn -0.2158 -0.0225 -0.9762
vn 0.0008 -0.0004 1.0000
vn 0.3102 0.3274 -0.8925
vn -0.0032 0.8729 0.4879
vn 0.0111 0.5101 0.8601
vn 0.1605 0.0186 0.9869
vn 0.3788 0.0386 0.9247
vn 0.9061 -0.4230 0.0103
vn 0.0230 -0.0010 -0.9997
vn 0.1865 -0.0486 -0.9813
vn 0.4726 -0.2298 0.8508
vn -0.8456 0.3540 0.3996
vn -0.6079 0.2732 0.7455
vn 0.7869 -0.6171 -0.0033
vn 0.0007 -0.0004 1.0000
vn 0.0002 -0.0006 1.0000
vn -0.0003 -0.0004 1.0000
vn -0.0027 -0.0013 -1.0000
vn 0.9995 0.0017 -0.0309
vn 0.8786 -0.4240 0.2195
vn 0.7078 0.7042 -0.0554
vn -0.5714 0.8206 -0.0119
vn -0.6824 0.2331 0.6929
vn -0.5015 0.2200 0.8367
vn -0.7772 0.3201 0.5418
vn 0.1794 -0.9825 0.0510
vn 0.2015 -0.9795 -0.0043
vn -0.2581 -0.2374 -0.9365
vn -0.3136 -0.2717 -0.9098
vn -0.3610 -0.3238 -0.8745
vn 0.2058 0.0096 -0.9785
vn 0.4686 0.0156 -0.8833
vn 0.2621 0.0080 -0.9650
vn 0.6576 0.0016 -0.7534
vn 0.6847 -0.0003 -0.7288
vn 0.0482 0.0262 0.9985
vn 0.2678 0.0843 0.9598
vn -0.0007 -0.0044 1.0000
vn -0.0004 -0.0192 0.9998
vn -0.9993 -0.0008 0.0371
vn -0.9992 0.0003 0.0393
vn -0.0001 -0.0011 -1.0000
vn 0.0010 -0.0017 -1.0000
vn -0.8019 0.5971 -0.0209
vn -0.9388 -0.3438 -0.0217
vn 0.2308 -0.1496 0.9614
vn -0.7127 -0.7012 0.0209
vn 0.0076 -0.0010 -1.0000
vn 0.0439 -0.0005 -0.9990
vn 0.0448 -0.0018 -0.9990
vn -0.0003 0.0013 1.0000
vn 0.0045 0.0004 1.0000
vn 0.8014 -0.2542 -0.5414
vn 0.6016 -0.1981 -0.7738
vn 0.0056 0.0007 -1.0000
vn 0.0344 0.0060 -0.9994
vn 0.0265 0.0060 -0.9996
vn -0.9324 0.0041 0.3613
vn -0.9038 0.0025 0.4279
vn 0.7517 0.6591 0.0229
vn 0.8235 0.5657 0.0432
vn -0.5668 0.0019 0.8238
vn -0.5730 0.0001 0.8196
vn -0.3499 -0.0020 0.9368
vn -0.3099 0.0088 0.9507
vn -0.0083 0.0041 1.0000
vn -0.0051 0.0099 0.9999
vn 0.0015 0.0011 1.0000
vn -0.0246 -0.0008 -0.9997
vn -0.0101 -0.0015 -0.9999
vn -0.9996 -0.0030 -0.0270
vn 0.3487 -0.3881 -0.8531
vn 0.1685 -0.4941 -0.8529
vn 0.5309 -0.3280 -0.7814
vn -0.4058 0.4159 -0.8138
vn -0.4847 0.4509 -0.7495
vn 0.8784 0.0018 0.4779
vn 0.9850 0.0015 0.1724
vn 0.8088 0.5877 -0.0198
vn 0.8231 0.5488 -0.1460
vn -0.2747 0.0816 0.9581
vn -0.1455 0.0571 0.9877
vn -0.0162 0.0047 0.9999
vn -0.9993 -0.0002 -0.0367
vn -0.0014 0.0021 1.0000
vn -0.1823 -0.9829 0.0256
vn 0.4965 -0.0917 -0.8632
vn -0.0018 -0.1852 0.9827
vn -0.7620 0.6282 -0.1571
vn -0.8371 -0.0002 -0.5471
vn -0.6861 -0.0005 -0.7275
vn -0.6878 0.0011 -0.7259
vn 0.0198 0.0130 0.9997
vn -0.2609 0.1249 0.9572
vn -0.2256 0.0657 0.9720
vn 0.3965 -0.2765 -0.8754
vn 0.6784 0.0027 0.7346
vn 0.0537 -0.5302 0.8461
vn 0.0477 0.0535 -0.9974
vn -0.0521 0.0033 0.9986
vn -0.0554 -0.0014 0.9985
vn 0.0041 -0.0008 1.0000
vn 0.0027 0.0003 1.0000
vn -0.8895 -0.3579 -0.2842
vn -0.9246 -0.3806 0.0157
vn -0.9096 -0.4146 -0.0274
vn -0.5568 0.6145 -0.5589
vn -0.6665 0.7409 -0.0831
vn -0.5886 0.6347 -0.5007
vn -0.0340 0.6580 0.7522
vn -0.0072 0.5685 0.8226
vn -0.0938 0.8296 0.5504
vn 0.0098 0.0077 -0.9999
vn -0.0016 0.0008 -1.0000
vn 0.6768 0.7315 -0.0825
vn 0.5434 0.8394 -0.0043
vn 0.5987 0.6138 0.5147
vn -0.3493 -0.3206 -0.8805
vn -0.1785 -0.1687 -0.9694
vn -0.0009 0.0047 -1.0000
vn -0.9943 0.0035 0.1065
vn 0.3133 -0.2753 -0.9089
vn 0.2041 -0.0004 -0.9790
vn -0.6125 -0.2883 0.7360
vn -0.8561 0.3163 -0.4087
vn -0.9242 0.3477 -0.1583
vn 0.0010 0.0169 -0.9999
vn -0.9593 -0.1518 -0.2382
vn -0.6967 -0.1572 -0.6999
vn -0.8084 -0.0485 -0.5867
vn -0.9803 -0.0607 -0.1880
vn -0.2681 -0.1006 -0.9581
vn 0.4108 0.2902 0.8643
vn 0.4956 0.3279 0.8043
vn 0.6395 0.4764 0.6034
vn -0.0205 -0.0003 0.9998
vn 0.0344 0.5644 0.8248
vn -0.3845 -0.5018 0.7748
vn -0.4504 -0.6268 0.6358
vn -0.2008 -0.2732 0.9408
vn -0.7258 -0.1579 -0.6695
vn -0.2859 -0.1421 -0.9477
vn -0.3378 -0.6529 -0.6779
vn -0.1869 -0.3173 -0.9297
vn -0.1755 -0.3561 -0.9178
vn 0.5235 0.1527 -0.8382
vn 0.8857 0.1519 -0.4388
vn 0.5512 0.1028 -0.8280
vn 0.0037 -0.0023 1.0000
vn -0.0113 0.9399 0.3412
vn -0.0089 0.9997 0.0246
vn -0.0045 0.9994 0.0345
vn -0.9919 -0.1269 0.0104
vn -0.9465 -0.0563 0.3178
vn -0.5590 -0.0014 0.8292
vn -0.3411 -0.0039 0.9400
vn -0.3617 -0.0012 0.9323
vn -0.0122 -0.0038 0.9999
vn 0.0003 -0.0002 1.0000
vn 0.0066 -0.0015 -1.0000
vn 0.5330 -0.0306 0.8456
vn -0.3762 0.3280 0.8665
vn -0.1561 0.1910 0.9691
vn -0.0503 0.1900 0.9805
vn -0.1073 0.3363 0.9356
vn -0.0002 0.0003 1.0000
vn 0.2373 0.9694 0.0626
vn -0.9994 -0.0008 0.0357
vn -0.9994 -0.0030 0.0340
vn -0.6061 -0.5335 0.5900
vn -0.0033 -0.0044 1.0000
vn 0.0116 0.0111 0.9999
vn -0.0003 -0.7681 0.6403
vn -0.0144 -0.9574 0.2886
vn -0.2598 -0.1285 -0.9571
vn -0.1614 0.9868 -0.0130
vn -0.2658 0.9635 -0.0317
vn -1.0000 0.0004 -0.0053
vn -0.5626 -0.0047 -0.8267
vn 0.6659 0.0017 0.7460
vn 0.6953 0.0014 0.7188
vn 0.4413 -0.3157 0.8400
vn 0.5806 0.1199 -0.8053
vn 0.8406 0.1853 -0.5089
vn 0.3551 0.7386 0.5731
vn 0.4690 -0.3952 -0.7898
vn 0.6704 -0.5615 -0.4850
vn -0.0427 0.0010 0.9991
vn -0.0136 0.0011 0.9999
vn -0.0587 0.0173 -0.9981
vn -0.2303 -0.1085 -0.9670
vn 0.1127 -0.1856 0.9761
vn -0.2674 -0.0019 -0.9636
vn -0.0965 -0.0027 -0.9953
vn -0.0556 -0.0007 -0.9985
vn 0.0618 0.0736 -0.9954
vn 0.1822 0.2101 -0.9606
vn -0.0009 0.0101 -0.9999
vn -0.0091 0.4112 0.9115
vn 0.0104 0.4504 0.8928
vn 0.7698 0.6142 0.1737
vn -0.8438 -0.4854 0.2291
vn -0.8232 -0.4714 0.3162
vn 0.2687 0.9323 0.2422
vn 0.4716 0.8787 0.0740
vn -1.0000 0.0016 -0.0018
vn -1.0000 -0.0019 -0.0004
vn -0.9996 -0.0001 0.0286
vn -0.9659 -0.1983 -0.1667
vn 0.6895 -0.4628 -0.5571
vn 0.1880 -0.1073 -0.9763
vn 0.0572 0.0004 -0.9984
vn 0.9057 0.2990 0.3003
vn 0.7226 0.2784 0.6327
vn 0.9057 0.3636 0.2180
vn 0.5313 -0.1539 -0.8331
vn 0.2993 -0.0995 -0.9490
vn 0.5215 -0.1830 -0.8334
vn -0.5378 -0.2079 -0.8170
vn -0.4476 -0.2052 -0.8704
vn -0.4659 -0.1986 -0.8622
vn -0.7263 0.1187 0.6770
vn 0.9998 -0.0018 0.0188
vn 0.9998 0.0009 0.0192
vn 0.9998 -0.0004 -0.0179
vn 0.7005 0.6909 0.1784
vn -0.0899 -0.2825 0.9550
vn -0.0623 -0.2214 0.9732
vn 0.0018 0.0109 0.9999
vn -0.0839 0.3132 -0.9460
vn -0.0856 0.3058 -0.9482
vn 0.0093 -0.0013 -1.0000
vn -0.5288 -0.0015 -0.8487
vn -0.5237 -0.0006 -0.8519
vn 0.1663 -0.1238 0.9783
vn 0.3792 -0.9054 -0.1908
vn 0.3290 -0.9442 -0.0139
vn 0.2732 -0.9508 -0.1463
vn -0.0006 -0.8126 -0.5829
vn -0.0009 -0.9866 -0.1632
vn -0.6764 0.3611 -0.6420
vn -0.7917 0.3489 -0.5015
vn -0.0004 -0.3099 -0.9508
vn -0.0168 -0.6111 -0.7914
vn 0.6771 0.3324 -0.6565
vn 0.9999 -0.0030 -0.0124
vn 0.4380 -0.0009 0.8990
vn 0.5343 -0.0006 0.8453
vn 0.4486 -0.0022 0.8937
vn -0.5509 -0.0034 0.8346
vn 0.0586 0.0013 -0.9983
vn 0.0702 -0.0012 -0.9975
vn 0.2464 0.0001 -0.9692
vn 0.6159 0.6064 0.5028
vn 0.3086 0.0614 -0.9492
vn -1.0000 0.0011 -0.0046
vn 0.9309 0.3634 0.0357
vn -0.8931 -0.0078 0.4498
vn -0.6033 0.0122 0.7974
vn -0.0109 0.0007 0.9999
vn -0.0075 -0.0015 1.0000
vn -0.6602 0.0012 0.7511
vn 0.4471 -0.2245 -0.8658
vn -0.9398 0.0977 0.3274
vn -0.9614 0.0063 0.2751
vn -0.7368 -0.0026 0.6761
vn -0.8720 0.3594 -0.3322
vn 0.6931 0.6856 -0.2228
vn 0.7031 0.6860 -0.1872
vn 0.0039 0.0007 1.0000
vn 0.9996 -0.0006 0.0273
vn 0.5111 0.5207 0.6838
vn -0.1551 0.0316 -0.9874
vn 0.4855 0.2688 0.8319
vn 0.5785 0.4334 0.6910
vn 0.7035 0.4654 0.5372
vn -0.7167 -0.2201 0.6618
vn -0.0014 0.0003 1.0000
vn 0.0010 0.0011 1.0000
vn -0.0479 -0.9586 -0.2806
vn -0.2694 -0.2044 -0.9411
vn -0.2232 -0.1854 -0.9570
vn 0.0002 0.0002 1.0000
vn 0.0007 0.0594 0.9982
vn -0.0002 -0.0095 1.0000
vn -0.0011 0.0631 0.9980
vn -0.3637 -0.1780 -0.9144
vn -0.0012 0.0516 0.9987
vn -0.3354 0.6835 0.6483
vn -0.3528 0.8641 0.3588
vn -0.1798 0.8676 0.4636
vn 0.2241 0.0455 0.9735
vn -0.0004 -0.0002 -1.0000
vn -0.8672 -0.4880 -0.0986
vn -0.7958 -0.5970 -0.1019
vn -0.8551 -0.5181 0.0176
vn -0.0004 0.0012 -1.0000
vn -0.0113 -0.0001 -0.9999
vn -0.5358 0.0100 -0.8443
vn -0.4945 0.0071 -0.8691
vn -0.5952 0.3089 -0.7419
vn -0.6334 -0.7715 -0.0597
vn -0.2087 0.3379 0.9178
vn -0.6973 -0.6730 0.2467
vn 0.5108 -0.4591 0.7269
vn 0.5246 0.0015 -0.8513
vn 0.6297 0.0008 -0.7769
vn -0.0178 -0.0071 -0.9998
vn 0.0049 0.0168 -0.9998
vn -0.8366 0.2621 -0.4811
vn -0.0190 -0.0155 -0.9997
vn -0.0058 -0.0003 -1.0000
vn 0.0009 -0.0079 -1.0000
vn 0.7429 -0.2712 -0.6120
vn 0.5667 -0.2424 -0.7875
vn -0.2296 0.0152 -0.9732
vn -0.6764 -0.0239 -0.7362
vn -0.4888 -0.0051 -0.8724
vn -0.6948 0.4423 0.5671
vn -0.6279 0.4718 0.6190
vn -0.3359 -0.9416 0.0252
vn -0.2797 -0.9598 0.0248
vn -0.2813 -0.9509 0.1291
vn 0.2611 0.1267 -0.9570
vn 0.3362 0.1058 -0.9358
vn 0.4392 0.1791 -0.8803
vn 0.3649 0.1608 -0.9170
vn 0.8688 -0.4862 0.0937
vn 0.7158 -0.4039 0.5697
vn 0.9747 -0.1050 0.1972
vn -0.9988 0.0403 -0.0280
vn -0.6570 -0.7351 0.1674
vn 0.5087 0.2155 -0.8335
vn -0.7920 -0.4719 0.3873
vn -0.8266 -0.5580 0.0728
vn -0.0015 -0.0005 -1.0000
vn -0.0009 -0.0006 -1.0000
vn 0.6108 -0.0003 -0.7918
vn -0.7477 -0.6575 0.0926
vn -0.7526 -0.6575 0.0352
vn -0.0106 -0.0009 -0.9999
vn 0.7174 0.6828 0.1383
vn 0.6893 0.6459 0.3282
vn 0.0075 -0.0145 -0.9999
vn 0.0170 -0.0216 -0.9996
vn -0.0186 0.0115 0.9998
vn 0.2409 -0.0004 -0.9705
vn 0.4392 -0.0006 -0.8984
vn 0.2492 0.2168 0.9439
vn 0.2365 0.1535 0.9594
vn 0.5368 0.4140 0.7351
vn -0.1607 0.8035 -0.5733
vn -0.3452 0.4264 -0.8361
vn 0.0014 0.0020 -1.0000
vn 0.0047 -0.0028 -1.0000
vn 0.0011 -0.0001 1.0000
vn 0.0014 -0.0007 1.0000
vn 0.4173 0.2133 0.8834
vn 0.5390 0.1908 0.8204
vn -0.9151 0.0021 0.4032
vn -0.9290 -0.0001 0.3702
vn -0.5234 0.0048 0.8521
vn -0.4421 0.0065 0.8969
vn -0.9743 0.0036 -0.2252
vn 0.4674 -0.0134 -0.8840
vn 0.0117 -0.0085 -0.9999
vn -0.2665 0.9588 -0.0988
vn -0.1913 0.8045 -0.5623
vn -0.2940 0.9155 -0.2746
vn 0.4750 0.0025 -0.8800
vn 0.3959 0.0422 -0.9173
vn 0.6591 0.7119 0.2426
vn 0.0035 -0.0052 1.0000
vn 0.4641 0.1059 0.8794
vn -0.9104 0.4131 -0.0213
vn -0.6265 -0.2363 0.7427
vn -0.0450 -0.3009 -0.9526
vn -0.0009 -0.0042 1.0000
vn 0.7917 -0.6094 -0.0426
vn 0.7153 -0.5059 -0.4820
vn -0.9942 0.0021 0.1071
vn 0.7926 -0.6095 -0.0146
vn 0.0296 0.0017 0.9996
vn 0.1173 0.0400 0.9923
vn -0.2526 -0.8185 0.5160
vn -0.0025 -0.0009 -1.0000
vn -0.2432 -0.0204 0.9698
vn -0.3151 -0.0023 0.9491
vn -0.0656 -0.0010 0.9978
vn 0.8078 0.2574 0.5302
vn 0.6727 0.1259 0.7292
vn 0.5511 0.2289 0.8025
vn 0.9940 0.0025 -0.1094
vn 0.0220 0.0048 -0.9997
vn 0.2515 0.0486 -0.9666
vn 0.0695 0.0225 -0.9973
vn -0.0710 0.0001 -0.9975
vn -0.0978 -0.0004 -0.9952
vn 0.9206 0.3647 0.1394
vn 0.8248 0.2838 0.4890
vn 0.3074 0.0010 0.9516
vn 0.2881 -0.0017 0.9576
vn 0.7745 -0.5292 0.3465
vn 0.7867 -0.6167 0.0279
vn 0.8505 -0.5247 0.0359
vn 0.7442 -0.4749 0.4697
vn 0.0023 -0.0012 -1.0000
vn 0.0035 -0.0021 -1.0000
vn 0.8758 -0.2545 -0.4101
vn -0.0483 0.9985 0.0242
vn -0.1077 0.9883 0.1081
vn 0.0901 -0.2733 0.9577
vn 0.1051 -0.4839 0.8688
vn -0.7964 -0.1020 0.5960
vn -0.7340 -0.1377 0.6650
vn -0.3880 -0.9047 -0.1757
vn -0.3724 -0.8077 -0.4572
vn 0.2500 -0.0200 -0.9680
vn 0.0861 -0.0896 0.9923
vn -0.3136 0.0224 0.9493
vn 0.5373 0.0023 0.8434
vn 0.0087 0.0043 1.0000
vn -0.9334 0.3587 0.0012
vn -0.9450 0.3249 -0.0371
vn -0.9829 0.1835 -0.0148
vn -0.0022 -0.0023 1.0000
vn 0.0299 -0.0058 -0.9995
vn 0.0298 -0.0035 -0.9995
vn 0.0902 0.0611 -0.9940
vn -0.8451 0.5054 -0.1741
vn -0.7693 0.4240 -0.4779
vn 0.4721 0.2842 0.8345
vn -0.6860 -0.0006 0.7276
vn -0.6844 -0.0021 0.7291
vn -0.5577 -0.0009 0.8300
vn 0.4292 0.0448 0.9021
vn 0.2384 0.1105 -0.9649
vn 0.4639 0.2062 -0.8616
vn 0.3902 0.1942 -0.9000
vn -0.0003 0.0012 1.0000
vn -0.0097 0.0002 1.0000
vn 0.0038 -0.0072 -1.0000
vn 0.3448 0.3676 -0.8637
vn 0.3830 0.3858 -0.8393
vn -0.2094 -0.2655 0.9411
vn -0.0047 0.9420 0.3356
vn -0.0085 0.6627 0.7489
vn -0.3173 0.3180 0.8934
vn -0.0375 -0.0005 -0.9993
vn -0.8701 0.4220 0.2547
vn -0.6996 -0.0012 -0.7145
vn -0.6403 0.5258 -0.5600
vn -0.6296 0.7042 -0.3280
vn -0.9128 0.4075 0.0251
vn 0.8428 -0.5381 0.0127
vn 0.0036 0.0002 -1.0000
vn 0.0037 -0.0000 -1.0000
vn 0.0033 -0.0003 -1.0000
vn -0.2341 -0.2476 -0.9402
vn -0.2589 -0.2532 -0.9321
vn 0.9800 0.1363 -0.1451
vn 0.0023 0.0001 1.0000
vn 0.0007 -0.0009 1.0000
vn 0.0012 -0.0003 1.0000
vn -0.0024 -0.0022 1.0000
vn 0.0025 -0.0048 1.0000
vn 0.0050 -0.0030 1.0000
vn -0.0522 -0.7996 0.5983
vn -0.9994 0.0255 -0.0214
vn -0.9996 0.0276 -0.0111
vn -0.9985 0.0236 0.0486
vn -0.1361 0.4443 -0.8855
vn -0.1248 0.4209 -0.8985
vn 0.3380 -0.0836 0.9374
vn 0.0999 -0.0268 0.9946
vn -0.0015 0.0028 1.0000
vn 0.7188 0.6726 0.1757
vn 0.7139 0.6893 0.1235
vn 0.9933 0.0036 -0.1151
vn -0.7674 -0.6412 -0.0000
vn -0.7304 -0.6681 -0.1420
vn -0.9947 -0.0006 0.1030
vn 0.0036 -0.0055 1.0000
vn 0.0003 -0.0055 1.0000
vn -0.0027 -0.0000 1.0000
vn -0.0482 -0.0004 0.9988
vn 0.1571 0.9872 0.0281
vn 0.2098 0.3547 -0.9111
vn -0.0014 0.0005 -1.0000
vn -0.0014 -0.0001 -1.0000
vn 0.5068 0.0006 -0.8621
vn 0.4395 -0.0013 0.8982
vn 0.2992 -0.0610 0.9523
vn -0.7024 0.6640 -0.2565
vn -0.5457 0.5033 -0.6700
vn 0.0025 -0.5866 0.8099
vn -0.0024 -0.5686 0.8226
vn 0.0024 -0.0023 1.0000
vn 0.0014 0.0150 0.9999
vn 0.0231 0.0002 0.9997
vn 0.1278 0.4461 0.8858
vn 0.6253 -0.3851 -0.6787
vn 0.5709 -0.3316 -0.7511
vn 0.1475 0.1727 0.9739
vn 0.1174 -0.0023 0.9931
vn -0.5057 0.0101 0.8626
vn -0.5137 0.0361 0.8572
vn -0.4016 0.0134 0.9157
vn 0.3416 0.1456 -0.9285
vn 0.1624 0.0812 -0.9834
vn 0.0836 0.2019 0.9758
vn 0.2356 0.3552 0.9046
vn 0.2880 0.1729 0.9419
vn 0.0135 0.0119 0.9998
vn 0.2398 -0.0008 -0.9708
vn 0.2672 0.1205 0.9561
vn 0.0042 0.0003 -1.0000
vn -0.9457 0.3249 0.0105
vn -0.9435 0.3293 -0.0362
vn 0.3888 -0.8004 0.4563
vn -0.9940 0.0004 0.1097
vn -0.4330 0.1833 0.8825
vn -0.0090 -0.0108 0.9999
vn -0.0190 -0.0078 0.9998
vn 0.0736 0.0571 -0.9956
vn 0.0186 -0.0029 0.9998
vn 0.9599 0.1409 -0.2422
vn 0.9591 0.0777 -0.2723
vn 0.7000 0.0595 -0.7117
vn 0.7979 0.1307 -0.5885
vn 0.9991 0.0022 0.0423
vn -0.0957 0.9597 -0.2641
vn -0.1436 0.7848 -0.6029
vn 0.0042 0.0016 -1.0000
vn -0.0825 0.2274 0.9703
vn -0.1198 0.5352 -0.8362
vn -0.1394 0.1962 0.9706
vn -0.2114 0.2440 0.9465
vn 0.1161 0.5197 -0.8464
vn 0.0265 0.5760 -0.8170
vn 0.0600 0.5833 -0.8100
vn 0.0029 0.0031 -1.0000
vn -0.0014 0.0059 -1.0000
vn -0.2275 0.9720 0.0595
vn 0.2810 0.9596 0.0142
vn -0.9629 0.0005 -0.2700
vn -0.0014 -0.0015 1.0000
vn -0.0539 -0.9978 0.0393
vn -0.0155 -0.9998 0.0122
vn 0.0130 -0.9997 0.0214
vn 0.4555 0.0004 0.8902
vn -0.9209 -0.2951 0.2546
vn -0.8903 -0.3758 0.2572
vn -0.6851 -0.2739 0.6750
vn -0.4613 0.0799 0.8836
vn -0.3711 0.1625 0.9143
vn 0.2369 0.0010 0.9715
vn -0.0028 0.4033 0.9151
vn -0.0088 0.6063 0.7952
vn -0.0002 -0.0331 -0.9995
vn 0.0042 -0.0001 -1.0000
vn 0.1384 0.0160 0.9902
vn -0.3924 -0.0479 -0.9185
vn -0.0473 -0.0012 0.9989
vn -0.0092 -0.0076 0.9999
vn -0.6867 0.7069 -0.1696
vn -0.7863 0.6043 -0.1285
vn 0.5796 -0.0321 -0.8142
vn 0.5787 -0.0799 -0.8116
vn 0.0179 0.8965 -0.4427
vn 0.0024 -0.0006 -1.0000
vn 0.0002 0.0001 -1.0000
vn 0.7844 0.1994 -0.5873
vn 0.7706 0.0639 0.6341
vn 0.1792 -0.9830 0.0396
vn 0.3015 0.2599 0.9174
vn 0.1247 0.0889 0.9882
vn 0.2788 0.2021 0.9388
vn 0.3570 0.2951 0.8863
vn 0.3702 0.9279 0.0443
vn 0.0582 0.8455 0.5308
vn 0.6998 0.7133 0.0384
vn 0.4357 -0.0014 0.9001
vn 0.2316 -0.9727 -0.0178
vn 0.2261 -0.9741 -0.0071
vn 0.0001 0.0009 -1.0000
vn 0.0005 0.0026 -1.0000
vn 0.0027 0.0009 -1.0000
vn 0.1053 -0.1169 0.9875
vn 0.1751 -0.1910 0.9658
vn 0.2906 -0.3367 0.8956
vn 0.0370 0.0061 0.9993
vn 0.1859 0.0830 0.9790
vn 0.8090 -0.0875 0.5813
vn 0.4899 -0.0878 0.8673
vn 0.0021 -0.0014 1.0000
vn 0.0731 -0.0008 0.9973
vn 0.3335 0.0276 0.9424
vn -0.0009 -0.6604 0.7509
vn 0.7649 0.0281 0.6436
vn 0.5805 0.3379 0.7408
vn 0.8783 0.3958 0.2682
vn 0.9750 0.0183 0.2216
vn 0.1394 0.3094 -0.9406
vn 0.5495 -0.0360 -0.8347
vn -0.0033 0.0016 1.0000
vn 0.1240 0.0416 -0.9914
vn -0.4877 -0.4729 -0.7338
vn -0.6523 0.3862 -0.6522
vn -0.2508 0.1533 -0.9558
vn -0.1972 -0.1002 0.9752
vn 0.1276 -0.5410 0.8313
vn 0.2011 -0.8976 0.3924
vn 0.2569 -0.8165 0.5171
vn -0.8979 0.0023 0.4403
vn -0.9409 -0.2960 -0.1646
vn -0.8807 -0.2664 -0.3917
vn 0.0552 0.0001 -0.9985
vn 0.0544 0.0006 -0.9985
vn 0.2337 0.0002 -0.9723
vn 0.0014 -0.0008 1.0000
vn 0.3046 -0.0841 0.9488
vn 0.5195 -0.1687 0.8377
vn 0.2636 -0.0884 0.9606
vn -0.7471 -0.6517 -0.1309
vn 0.0025 -0.0009 -1.0000
vn -0.0014 -0.0049 -1.0000
vn 0.7031 0.6986 0.1326
vn 0.7256 0.6879 0.0187
vn 0.7470 0.6647 0.0139
vn 0.2301 -0.9673 0.1069
vn 0.0175 0.0123 -0.9998
vn 0.0044 0.0006 -1.0000
vn 0.0139 0.0002 -0.9999
vn -0.9204 0.0137 -0.3906
vn -0.9299 0.0145 -0.3676
vn -0.0006 0.3328 0.9430
vn -0.0000 0.0562 0.9984
vn -0.0127 0.0005 0.9999
vn 0.5346 -0.0203 -0.8449
vn 0.7331 -0.0322 -0.6793
vn 0.3930 0.3264 -0.8597
vn -0.0041 -0.0022 1.0000
vn -0.2961 -0.5303 -0.7944
vn 0.0019 0.0013 1.0000
vn 0.5911 0.0287 0.8061
vn -0.0000 -0.0009 -1.0000
vn 0.0026 -0.0007 -1.0000
vn 0.5860 -0.1838 0.7892
vn 0.3183 0.0017 0.9480
vn 0.1235 -0.0018 0.9923
vn -0.9580 -0.0110 0.2864
vn -0.1192 -0.0816 0.9895
vn -0.3290 -0.1768 0.9276
vn -0.0061 -0.0038 1.0000
vn 0.9577 -0.0110 0.2877
vn -0.7265 -0.2355 -0.6456
vn -0.5356 -0.1704 -0.8271
vn -0.6044 -0.1709 -0.7782
vn -0.9989 0.0447 -0.0129
vn 0.9811 0.1792 0.0736
vn 0.9998 0.0193 0.0030
vn 0.0098 -0.0012 -1.0000
vn -0.1963 0.0983 0.9756
vn -0.2566 0.1009 0.9612
vn 0.9799 0.1978 -0.0247
vn 0.0007 -0.0026 -1.0000
vn 0.9845 -0.0021 0.1754
vn 0.6734 -0.6741 -0.3035
vn 0.0012 0.0006 1.0000
vn 0.0003 0.0009 1.0000
vn 0.0144 0.0089 0.9999
vn -0.0045 -0.0000 -1.0000
vn -0.0063 -0.0002 1.0000
vn 0.8033 0.5949 0.0265
vn 0.7947 0.6066 -0.0232
vn 0.2870 0.1777 -0.9413
vn 0.1994 -0.0010 0.9799
vn 0.2817 0.0358 -0.9588
vn 0.2289 0.0210 -0.9732
vn -0.9447 0.3278 -0.0068
vn 0.2571 0.1039 -0.9608
vn 0.1040 0.0390 -0.9938
vn 0.6681 0.0970 -0.7378
vn 0.5728 0.0718 -0.8165
vn -0.7552 0.3494 0.5546
vn 0.2206 -0.0008 -0.9754
vn 0.5375 0.0003 0.8433
vn 0.7060 -0.0013 0.7082
vn 0.0013 0.0537 -0.9986
vn -0.0002 0.1537 -0.9881
vn -0.5150 0.1548 0.8431
vn 0.0086 0.6015 -0.7988
vn -0.3543 0.0616 0.9331
vn -0.1359 0.0925 0.9864
vn -0.1323 0.0148 0.9911
vn 0.2085 0.1973 0.9579
vn 0.0323 0.0085 0.9994
vn -0.5838 -0.5341 0.6115
vn 0.3460 0.4267 -0.8356
vn 0.0016 0.0008 1.0000
vn -0.3285 -0.0000 -0.9445
vn -0.2176 -0.4980 0.8394
vn -0.4067 -0.2062 0.8900
vn 0.0043 0.5189 0.8548
vn -0.0098 0.4452 0.8954
vn 0.7142 -0.2547 -0.6520
vn 0.3470 -0.1543 -0.9251
vn -1.0000 0.0004 0.0002
vn -0.0815 0.3315 0.9399
vn -0.0033 0.0013 -1.0000
vn 0.5726 -0.2529 -0.7798
vn 0.7334 -0.2429 -0.6350
vn -0.1838 -0.2912 0.9388
vn 0.8216 -0.3791 -0.4257
vn -0.3872 0.3053 -0.8700
vn -0.0484 -0.0000 0.9988
vn 0.0008 -0.0001 1.0000
vn -0.9680 -0.2052 -0.1447
vn 0.7454 -0.6203 -0.2443
vn 0.7806 -0.6090 -0.1406
vn 0.0212 -0.0196 0.9996
vn 0.9860 0.1667 0.0084
vn 0.9755 0.2196 0.0134
vn -0.4797 0.0078 -0.8774
vn 0.0059 0.0010 -1.0000
vn -0.6729 -0.3938 0.6262
vn 0.6852 0.6022 0.4097
vn 0.5034 -0.0010 -0.8640
vn 0.5218 0.0001 -0.8530
vn 0.5029 0.0013 -0.8643
vn -0.9931 0.0125 0.1164
vn -0.9977 0.0065 0.0667
vn -0.8349 0.0047 0.5503
vn -0.7001 -0.4365 -0.5651
vn 0.7855 0.2400 -0.5705
vn 0.7309 0.1649 -0.6623
vn -0.0118 0.2663 -0.9638
vn -0.0660 0.2719 -0.9600
vn -0.0022 0.0015 -1.0000
vn 0.9478 0.0062 -0.3189
vn 0.9233 -0.0477 -0.3810
vn 0.7099 0.0040 -0.7043
vn 0.1220 0.0811 0.9892
vn -0.1402 0.2374 -0.9613
vn -0.2007 0.4525 -0.8689
vn 0.0024 0.0005 1.0000
vn -0.0369 -0.0114 -0.9993
vn 0.3296 0.3177 -0.8891
vn 0.9998 0.0039 0.0205
vn 0.9959 0.0886 0.0183
vn 0.0653 0.0005 0.9979
vn 0.5563 -0.1138 -0.8231
vn -0.0040 0.0016 -1.0000
vn -0.0020 0.0033 -1.0000
vn -0.0009 0.0014 -1.0000
vn -0.0016 -0.0013 1.0000
vn -0.4684 0.0377 -0.8827
vn -0.4239 0.1720 -0.8892
vn -0.3213 -0.0001 -0.9470
vn 0.9252 0.2970 -0.2363
vn -0.6369 -0.5476 -0.5427
vn -0.0003 0.0001 -1.0000
vn -0.9633 0.1407 0.2285
vn -0.8699 -0.4924 0.0283
vn 0.0019 0.9998 -0.0206
vn -0.4117 -0.4424 -0.7968
vn -0.2732 -0.3597 -0.8922
vn -0.3882 0.0013 -0.9216
vn -0.3298 -0.0003 -0.9441
vn -0.9969 -0.0020 0.0783
vn 0.3722 0.1665 0.9131
vn 0.9952 -0.0974 -0.0023
vn -0.0867 -0.1312 0.9875
vn 0.0045 0.0004 -1.0000
vn 0.0044 0.0001 -1.0000
vn -0.0016 0.6015 -0.7989
vn -0.0031 0.5613 -0.8276
vn -0.7967 -0.6044 -0.0007
vn -0.7578 -0.6524 -0.0058
vn 0.5247 -0.0002 -0.8513
vn 0.6512 0.0007 -0.7589
vn -0.3554 -0.1315 -0.9254
vn 0.7008 0.0013 0.7133
vn 0.5201 -0.0001 0.8541
vn 0.5113 -0.0012 0.8594
vn 0.0002 0.0042 -1.0000
vn 0.0023 -0.0023 -1.0000
vn 0.1378 -0.2742 -0.9517
vn 0.1907 -0.3665 -0.9107
vn 0.0016 -0.0009 1.0000
vn 0.0020 -0.0006 1.0000
vn 0.0035 -0.0004 1.0000
vn 0.5643 0.5448 -0.6203
vn 0.5897 0.5341 -0.6058
vn 0.5306 0.0023 -0.8476
vn -0.0262 -0.0006 -0.9997
vn 0.1327 0.4996 0.8560
vn -0.9219 -0.0005 0.3873
vn -0.4389 -0.8984 -0.0162
vn 0.0065 0.0006 -1.0000
vn 0.7992 -0.5645 0.2067
vn 0.6314 -0.4472 0.6336
vn 0.1745 -0.3247 0.9296
vn 0.3048 -0.5250 0.7947
vn 0.1306 -0.2594 0.9569
vn 0.3973 -0.0961 0.9126
vn 0.0956 -0.0257 0.9951
vn 0.7905 -0.6117 -0.0309
vn -0.9114 -0.4084 -0.0514
vn -0.9408 -0.3367 -0.0396
vn -0.8728 -0.3313 0.3584
vn -0.9195 -0.3868 0.0701
vn -0.0099 0.0008 -1.0000
vn -0.0492 0.0033 0.9988
vn -0.0006 0.0018 1.0000
vn -0.0061 -0.0132 -0.9999
vn 0.2493 -0.0003 -0.9684
vn 0.0026 -0.0131 0.9999
vn -0.0082 0.0199 -0.9998
vn 0.0031 0.0011 -1.0000
vn 0.7855 0.5507 -0.2823
vn 0.5066 0.0851 0.8580
vn 0.9965 0.0088 -0.0829
vn 0.9998 0.0029 -0.0214
vn 0.9996 0.0150 -0.0245
vn -0.4335 -0.0539 0.8996
vn 0.0006 0.0010 1.0000
vn 0.0004 0.0016 1.0000
vn 0.0005 0.0017 1.0000
vn -0.0541 -0.0064 0.9985
vn 0.8976 0.3968 0.1921
vn 0.9444 0.3275 0.0282
vn -0.5682 0.0010 -0.8229
vn -0.0153 -0.5727 0.8196
vn -0.7312 -0.2392 0.6388
vn -0.1362 -0.0196 0.9905
vn -0.9734 0.2284 -0.0157
vn -0.9333 0.2577 -0.2500
vn -0.9683 0.2496 0.0090
vn -0.3269 -0.6750 0.6614
vn 0.0018 -0.9998 0.0187
vn 0.0074 -0.8589 0.5121
vn 0.5051 -0.3960 0.7669
vn 0.0044 -0.7994 -0.6008
vn 0.0019 -0.9719 -0.2353
vn -0.0023 0.0010 1.0000
vn -0.0033 0.0002 1.0000
vn 0.0459 -0.0006 -0.9989
vn -0.1383 -0.9895 0.0413
vn -0.0009 0.6085 0.7936
vn -0.6690 -0.2591 -0.6966
vn -0.8962 -0.3697 -0.2451
vn 0.0742 -0.0036 0.9972
vn 0.2344 0.0010 -0.9721
vn 0.3149 0.2085 -0.9259
vn 0.6232 0.7328 0.2733
vn -0.5747 0.4167 0.7043
vn 0.9393 0.3431 -0.0004
vn -0.6984 0.7132 0.0601
vn -0.5362 0.0001 -0.8441
vn -0.6317 0.1112 0.7672
vn 0.1571 -0.8312 0.5333
vn 0.2009 -0.9055 0.3739
vn -0.5574 -0.0012 -0.8302
vn -0.5519 -0.0008 -0.8339
vn -0.7483 -0.5537 0.3654
vn 0.9487 0.3158 0.0117
vn 0.4629 0.8844 0.0598
vn 0.7486 0.1485 -0.6461
vn -0.0030 -0.0035 -1.0000
vn 0.0009 0.0077 1.0000
vn 0.6831 -0.1434 -0.7161
vn -0.4468 0.0015 -0.8946
vn -0.4577 0.0016 -0.8891
vn -0.2637 0.0011 -0.9646
vn 0.7628 -0.4311 0.4820
vn 0.0012 -0.3764 -0.9264
vn 0.4051 0.0003 0.9143
vn -0.0009 -0.0035 1.0000
vn 0.4854 0.0855 -0.8701
vn 0.5459 0.0715 -0.8348
vn 0.2326 -0.0003 -0.9726
vn 0.5198 0.0019 0.8543
vn 0.0169 0.9966 -0.0812
vn 0.6621 0.5316 0.5282
vn 0.7861 0.6066 0.1187
vn 0.9848 0.1712 -0.0278
vn 0.5039 -0.8346 -0.2225
vn 0.3886 -0.6244 -0.6776
vn 0.6328 0.6990 0.3331
vn 0.9990 -0.0009 0.0438
vn -0.0220 0.0002 0.9998
vn 0.3355 -0.6696 0.6626
vn 0.4497 -0.8657 0.2200
vn 0.3714 -0.7435 0.5561
vn -0.2028 0.3276 -0.9228
vn -0.3351 -0.9391 -0.0763
vn -0.6888 0.4191 0.5916
vn -0.8013 0.5494 0.2368
vn 0.4704 0.2100 -0.8571
vn -0.7602 -0.5313 0.3739
vn -0.7048 -0.0002 0.7094
vn -0.0436 -0.0097 0.9990
vn -0.3637 0.3167 0.8760
vn -0.1965 0.2132 0.9570
vn -0.1301 0.1123 0.9851
vn -0.4099 -0.4116 -0.8140
vn -0.4190 -0.3952 -0.8175
vn 0.7902 -0.4852 -0.3743
vn -0.7192 -0.0002 0.6948
vn -0.5862 0.0013 0.8102
vn -0.5718 0.0012 -0.8204
vn -0.0007 0.0008 1.0000
vn -0.0003 0.0006 1.0000
vn 0.6540 -0.0008 -0.7565
vn -0.5289 0.0004 -0.8487
vn 0.3729 -0.9272 0.0355
vn 0.4391 -0.8984 -0.0036
vn -0.0243 -0.0010 -0.9997
vn 0.9969 -0.0177 -0.0770
vn 0.9960 0.0041 -0.0892
vn -0.0684 -0.0015 0.9977
vn 0.0016 -0.0008 1.0000
vn 0.3192 0.3563 -0.8782
vn 0.4781 0.2447 -0.8435
vn 0.5733 0.5694 -0.5892
vn 0.2513 0.4811 -0.8398
vn -0.2784 -0.2890 0.9159
vn -0.5586 -0.2005 -0.8049
vn -0.9635 0.0226 0.2667
vn -0.9750 0.0561 0.2150
vn -0.7844 0.0451 0.6186
vn -0.2366 0.0759 -0.9686
vn -0.0405 0.0239 -0.9989
vn -0.2711 0.1795 -0.9457
vn -0.9680 -0.0143 0.2507
vn -0.7485 -0.0084 0.6631
vn 0.0014 0.0005 1.0000
vn 0.0034 0.0010 1.0000
vn 0.7588 -0.6210 -0.1963
vn 0.6182 -0.5481 -0.5634
vn 0.3948 0.2500 -0.8841
vn 0.4260 0.2847 -0.8588
vn -0.0031 -0.0001 1.0000
vn -0.0053 0.0038 1.0000
vn 0.0051 -0.0001 -1.0000
vn -0.0041 0.0017 -1.0000
vn -0.0083 0.0158 -0.9998
vn 1.0000 0.0005 -0.0087
vn 0.4383 -0.8940 0.0932
vn 0.4544 -0.8905 0.0217
vn 0.4614 -0.8825 0.0908
vn -0.0973 0.1180 0.9882
vn -0.0031 0.0022 1.0000
vn -0.1632 0.1772 0.9706
vn -0.0056 0.9271 -0.3749
vn 0.1487 -0.9747 0.1667
vn -0.7837 0.2833 -0.5528
vn -0.7466 0.6150 0.2537
vn -0.6775 0.6840 0.2704
vn -0.6481 0.7598 0.0515
vn 0.7870 -0.6167 -0.0208
vn -0.7294 -0.0558 0.6819
vn 0.6436 0.0108 0.7653
vn 0.8665 0.0437 0.4972
vn -0.3485 0.9319 0.1006
vn -0.3194 0.9455 0.0631
vn -0.3449 0.9263 0.1516
vn 0.8229 0.2290 0.5201
vn -0.9314 -0.3635 -0.0204
vn -0.7105 -0.6379 0.2972
vn 0.0401 0.8619 0.5055
vn 0.0057 0.5661 0.8243
vn 0.9255 -0.0816 0.3698
vn 0.9971 -0.0632 0.0416
vn 0.9234 -0.2872 -0.2546
vn 0.0529 0.6556 0.7533
vn -0.3667 -0.0023 0.9303
vn 0.7830 -0.6218 -0.0183
vn -0.4537 -0.3294 -0.8280
vn -0.0010 -0.0008 1.0000
vn 0.0026 -0.0002 -1.0000
vn 0.0016 -0.0001 1.0000
vn 0.0027 -0.0009 1.0000
vn 0.0015 0.0001 1.0000
vn 0.4434 -0.0013 0.8963
vn -0.0214 0.0172 -0.9996
vn -0.0048 0.0010 -1.0000
vn 0.0047 0.0001 -1.0000
vn 0.2064 0.2637 -0.9422
vn 0.9188 0.0385 -0.3928
vn 0.6069 0.0042 -0.7948
vn -0.9687 -0.2477 -0.0151
vn -0.0130 0.0111 -0.9999
vn -0.2243 0.0597 -0.9727
vn 0.9001 0.3715 -0.2276
vn 0.8604 -0.5092 0.0225
vn 0.8353 -0.5151 0.1923
vn 0.4651 0.5984 0.6524
vn 0.4928 0.5933 0.6365
vn 0.1265 0.2126 0.9689
vn 0.0275 0.0235 -0.9993
vn 0.0004 0.0040 -1.0000
vn -0.7584 -0.5483 -0.3525
vn 0.7028 -0.1038 0.7038
vn 0.6948 -0.1867 0.6946
vn 0.4076 0.0130 0.9131
vn 0.4833 0.0110 0.8754
vn -0.0026 0.0001 -1.0000
vn -0.6447 -0.0571 0.7623
vn -0.5612 -0.0176 0.8275
vn 0.3747 -0.4018 0.8356
vn -0.1777 0.1183 -0.9769
vn -0.4791 0.2772 -0.8328
vn 0.2969 -0.0005 0.9549
vn -0.6848 -0.5860 0.4331
vn -0.9513 -0.3055 -0.0401
vn -0.9506 -0.2576 0.1732
vn 0.6791 0.2880 -0.6752
vn 0.9956 0.0020 -0.0936
vn 0.9654 -0.2608 0.0022
vn 0.9493 -0.3129 -0.0298
vn 0.9143 -0.4050 0.0020
vn -0.1299 0.5579 0.8196
vn -0.6861 0.2693 0.6759
vn 0.0022 0.0007 1.0000
vn 0.0052 0.0005 1.0000
vn 0.0929 0.0154 0.9956
vn 0.0060 -0.0035 1.0000
vn 0.8353 0.5209 0.1755
vn 0.8622 0.5047 0.0423
vn 0.7325 0.0035 0.6807
vn 0.0467 -0.0009 -0.9989
vn -0.3007 0.5295 -0.7932
vn -0.3644 0.3985 -0.8417
vn 0.2512 0.0727 0.9652
vn 0.3211 0.1344 0.9375
vn 0.4422 0.1204 0.8888
vn 0.3314 0.0634 0.9414
vn -0.0019 -0.0004 1.0000
vn 0.4831 0.4734 -0.7365
vn 0.6268 0.5695 -0.5318
vn -0.4569 -0.8617 -0.2207
vn -0.0019 -0.0010 1.0000
vn -0.6835 -0.0024 0.7299
vn -0.5575 -0.0013 0.8302
vn -1.0000 -0.0028 0.0063
vn -0.4423 0.0030 0.8969
vn 0.4371 -0.1526 -0.8864
vn -0.0120 -0.0026 -0.9999
vn -0.0230 0.0006 -0.9997
vn -0.0771 -0.0339 -0.9964
vn -0.1286 -0.0236 -0.9914
vn -0.0178 -0.6533 0.7569
vn -0.9797 -0.1184 -0.1620
vn -0.7624 -0.0565 -0.6447
vn -0.9806 -0.1745 -0.0897
vn -0.0018 0.0004 1.0000
vn -0.1428 0.3607 0.9217
vn -0.0101 0.0020 -0.9999
vn -0.0089 -0.7426 0.6697
vn 0.8362 -0.5450 0.0619
vn 0.8173 -0.4462 0.3647
vn 0.7976 -0.5508 0.2457
vn 0.8173 -0.5749 0.0372
vn 0.0070 0.0035 -1.0000
vn 0.0026 -0.0011 -1.0000
vn 0.7757 0.5817 0.2448
vn 0.0017 0.0027 -1.0000
vn -0.0076 -0.9830 -0.1832
vn 0.0040 -0.8271 -0.5620
vn -0.0023 -0.9771 -0.2129
vn -0.2832 -0.0008 -0.9591
vn 0.0088 0.0033 -1.0000
vn 0.3664 -0.7065 -0.6055
vn 0.9028 0.0013 -0.4300
vn 0.9978 0.0084 -0.0660
vn 0.3341 0.0817 0.9390
vn 0.6446 0.1743 0.7444
vn 0.9993 -0.0188 -0.0322
vn 0.9998 0.0048 -0.0180
vn 0.6232 0.0018 -0.7821
vn -0.2944 0.3061 0.9053
vn 0.0058 -0.0073 -1.0000
vn 0.1652 0.8870 0.4311
vn 0.6982 0.6702 -0.2516
vn 0.3710 0.0854 0.9247
vn 0.7660 0.1198 0.6316
vn -0.7295 0.0690 0.6805
vn -0.3039 0.0022 0.9527
vn -0.0776 0.0030 0.9970
vn -0.0487 0.0001 0.9988
vn -0.9873 -0.0401 -0.1537
vn 0.1768 -0.4269 -0.8869
vn 0.2955 -0.5565 -0.7765
vn -0.2376 -0.1179 0.9642
vn -0.9639 0.2647 -0.0276
vn -0.7066 0.7076 0.0015
vn 0.5058 0.5359 -0.6760
vn 0.3272 0.3438 -0.8802
vn 0.0031 -0.0084 1.0000
vn 0.0021 -0.0459 0.9989
vn 0.1850 -0.2718 0.9444
vn 0.0096 0.0001 1.0000
vn 0.2333 0.2427 -0.9416
vn -0.1015 0.0267 0.9945
vn 0.0230 -0.8956 0.4443
vn 0.0147 -0.9019 0.4317
vn -0.2119 0.4286 -0.8783
vn -0.1125 0.4734 -0.8736
vn 0.5218 -0.0010 -0.8530
vn -1.0000 0.0002 0.0016
vn -0.0163 0.5091 -0.8606
vn -0.0310 -0.6212 -0.7830
vn 0.0049 -0.6055 -0.7958
vn 0.5646 -0.5268 -0.6353
vn -0.1568 0.4456 0.8814
vn -0.0037 0.8750 0.4841
vn 0.0533 0.9921 0.1132
vn -0.9258 0.3752 0.0458
vn -0.2872 0.3291 -0.8996
vn -0.1291 -0.2156 0.9679
vn 0.0075 -0.5195 0.8544
vn 0.5166 -0.2910 -0.8053
vn -0.8826 -0.2934 -0.3674
vn -0.4727 -0.2906 0.8319
vn -0.1450 0.4843 -0.8628
vn 0.9992 -0.0015 0.0405
vn 0.9855 -0.0007 0.1695
vn -0.3842 0.4045 0.8299
vn 0.2758 -0.9587 0.0689
vn 0.2706 -0.9619 0.0383
vn 0.1023 -0.0168 0.9946
vn 0.3773 -0.0532 0.9246
vn -0.1765 0.2066 -0.9624
vn -0.8155 0.5773 -0.0413
vn -0.8192 0.5734 -0.0123
vn -0.8220 0.5587 -0.1106
vn 0.2070 -0.0235 0.9781
vn -0.3826 0.3441 -0.8575
vn -0.2705 0.1324 -0.9536
vn -0.6792 0.6556 0.3299
vn 0.0038 -0.0051 1.0000
vn -0.9559 0.0388 0.2910
vn -0.9766 -0.1525 0.1518
vn 0.2773 -0.2993 -0.9130
vn 0.5558 -0.6726 -0.4886
vn 0.2422 -0.3234 -0.9147
vn 0.7762 0.0154 0.6303
vn 0.5097 0.8376 0.1967
vn -0.9413 0.0212 0.3370
vn -0.9936 0.0791 0.0812
vn -0.9117 0.1836 0.3675
vn -0.0004 0.0021 -1.0000
vn 0.9834 -0.1809 0.0168
vn 0.3863 0.1989 0.9007
vn 0.3415 0.1683 -0.9247
vn 0.4616 0.2277 -0.8574
vn -0.2706 0.8232 0.4991
vn -0.4104 0.8924 0.1876
vn 0.5754 -0.1476 0.8044
vn 0.8306 -0.2252 0.5093
vn 0.6795 0.6390 -0.3603
vn -0.7004 -0.0017 0.7138
vn -0.5797 -0.0032 0.8148
vn -0.0813 -0.5936 -0.8006
vn -0.1324 -0.1376 0.9816
vn -0.2666 -0.0726 0.9611
vn -0.3758 -0.1707 0.9108
vn 0.0011 -0.0068 1.0000
vn 0.7329 -0.6542 -0.1869
vn -0.8491 -0.0114 -0.5281
vn -0.4236 0.0111 0.9058
vn -0.6675 0.0150 0.7444
vn -0.9493 0.3140 -0.0157
vn 0.0840 -0.0059 -0.9964
vn -0.1106 -0.0037 -0.9939
vn -0.2857 -0.0018 -0.9583
vn 0.3542 0.2732 -0.8944
vn 0.5971 0.4195 -0.6838
vn 0.5219 0.4107 -0.7476
vn 0.7505 0.4649 0.4697
vn -0.1069 0.0075 0.9942
vn -0.1026 -0.0005 0.9947
vn 0.9666 0.0095 0.2560
vn 0.6090 0.1602 0.7768
vn 0.0006 0.0016 1.0000
vn -0.0068 0.9989 0.0457
vn -0.0069 0.9998 0.0199
vn 0.8860 0.0005 0.4636
vn 0.0007 0.0010 1.0000
vn 0.4657 0.0024 0.8850
vn 0.7590 -0.5707 -0.3133
vn 0.5574 -0.4856 -0.6734
vn 0.4489 -0.3671 -0.8147
vn -0.9846 0.1688 0.0465
vn 0.8273 0.5338 -0.1750
vn -0.5583 0.0008 0.8297
vn 0.2116 0.4471 -0.8691
vn 0.2714 0.4024 -0.8743
vn 0.9991 -0.0422 -0.0094
vn 0.9015 0.0011 0.4328
vn -0.0050 -0.0013 1.0000
vn 0.4143 -0.2732 0.8682
vn 0.9793 0.1025 0.1747
vn -0.0054 -0.0000 1.0000
vn -0.0056 0.0008 1.0000
vn -0.5440 -0.1199 0.8305
vn -0.3512 -0.0694 0.9337
vn 0.0145 0.0192 0.9997
vn 0.9497 0.1675 -0.2647
vn 0.0037 -0.0004 1.0000
vn -0.9610 0.2265 0.1586
vn -0.4737 0.0868 0.8764
vn -0.0294 -0.0132 -0.9995
vn -0.0134 -0.0046 -0.9999
vn -0.9652 0.2511 0.0727
vn -0.9498 0.3052 0.0693
vn 0.0007 -0.4086 -0.9127
vn -0.3786 -0.0012 0.9256
vn -0.2870 0.0387 -0.9571
vn 0.0252 0.0046 -0.9997
vn -1.0000 -0.0007 -0.0057
vn -0.2232 0.1281 0.9663
vn 0.9998 -0.0024 -0.0191
vn -0.2495 0.0051 0.9683
vn -0.0543 0.0008 0.9985
vn -0.7627 -0.1384 -0.6317
vn -0.4231 -0.0497 -0.9047
vn -0.6363 -0.1295 -0.7605
vn -0.4321 -0.0040 0.9018
vn 0.4563 0.0069 0.8898
vn -0.9857 0.1563 -0.0634
vn 0.1360 -0.1078 0.9848
vn 0.6147 0.5924 0.5208
vn 0.0555 -0.0006 -0.9985
vn -0.0342 -0.0081 -0.9994
vn -0.0005 0.0087 -1.0000
vn 0.0235 0.0269 0.9994
vn 0.1931 0.1742 0.9656
vn -0.7042 -0.1935 0.6831
vn -0.4509 -0.1693 0.8764
vn -0.2020 -0.0002 0.9794
vn -0.7045 -0.0371 0.7088
vn -0.6159 -0.3762 0.6922
vn 0.3298 0.8677 -0.3719
vn -0.0013 0.0003 -1.0000
vn -0.8088 0.5493 -0.2099
vn -0.8410 0.5408 -0.0128
vn -0.0790 -0.9954 -0.0538
vn -0.0610 -0.9967 -0.0528
vn -0.6700 0.2650 -0.6935
vn -0.9642 -0.2648 -0.0106
vn -0.9653 -0.2610 -0.0094
vn -0.1047 -0.1006 0.9894
vn -0.4510 0.8899 0.0683
vn -0.7120 0.7022 -0.0015
vn 1.0000 -0.0016 -0.0077
vn -0.5402 0.6071 0.5828
vn -0.3157 0.4774 0.8200
vn -0.9878 -0.0718 0.1381
vn -0.9981 -0.0101 0.0615
vn -0.8411 -0.5401 -0.0296
vn -1.0000 0.0023 0.0062
vn 0.0011 -0.0010 1.0000
vn 0.4479 0.2840 0.8478
vn 0.5272 -0.0941 0.8445
vn 0.0877 -0.5980 -0.7967
vn 0.0370 -0.2665 -0.9631
vn 0.8601 -0.5082 0.0451
vn -0.6923 0.0013 0.7216
vn 0.5403 -0.8415 0.0014
vn 0.4729 0.3123 -0.8239
vn 0.0246 -0.0008 0.9997
vn 0.1335 -0.0348 0.9904
vn 0.0276 -0.0001 0.9996
vn -0.2147 0.1309 -0.9679
vn -0.1113 0.0474 -0.9927
vn -0.6500 -0.0092 -0.7599
vn 0.4699 0.1886 0.8623
vn -0.9042 0.3173 -0.2858
vn 0.0001 0.0140 -0.9999
vn 0.7327 0.6799 -0.0306
vn -0.4677 0.8786 -0.0966
vn -0.3971 0.4050 -0.8235
vn 0.9997 -0.0007 0.0242
vn 0.1185 0.0193 0.9928
vn 0.3870 -0.3126 0.8675
vn 0.7207 0.1251 0.6818
vn -0.0008 0.0021 1.0000
vn 0.4236 -0.7879 -0.4470
vn -0.7660 -0.1625 0.6219
vn 0.9896 0.0002 -0.1439
vn -0.1250 -0.9913 0.0414
vn -0.0870 -0.9959 0.0252
vn 0.3761 0.3532 0.8566
vn -0.0092 -0.0003 -1.0000
vn 0.0006 -0.0005 1.0000
vn -0.1351 -0.9687 0.2081
vn 0.4945 0.8410 0.2195
vn 0.8529 -0.4631 0.2412
vn -0.0025 0.0001 1.0000
vn -0.2147 -0.0027 -0.9767
vn 0.8461 -0.5329 0.0097
vn -0.8853 0.4253 -0.1879
vn 0.4455 0.0017 0.8953
vn -0.0004 -0.0017 1.0000
vn 0.9898 0.1342 0.0468
vn 0.9885 0.1513 0.0068
vn -0.4682 0.5225 -0.7126
vn -0.5877 0.6636 -0.4629
vn -0.5138 -0.0020 -0.8579
vn -0.2731 -0.0013 -0.9620
vn -0.3419 0.0002 -0.9397
vn 0.0075 -0.2528 0.9675
vn 0.0035 -0.0007 1.0000
vn 0.0029 -0.0007 1.0000
vn 0.6447 0.3199 0.6943
vn 0.0250 -0.3433 0.9389
vn -0.0803 0.2365 -0.9683
vn 0.9067 -0.3888 -0.1633
vn -0.7322 0.1479 0.6649
vn -0.7481 0.2280 0.6232
vn -0.5228 0.1654 -0.8362
vn -0.6075 0.2358 -0.7585
vn 0.3666 0.2928 0.8831
vn -0.0006 0.0021 1.0000
vn -0.4055 -0.2802 0.8701
vn -0.0155 -0.0099 0.9998
vn 0.8885 -0.0059 0.4589
vn 0.7695 0.0078 0.6386
vn -0.7030 -0.6896 0.1742
vn -0.6058 -0.5626 0.5625
vn -0.0116 -0.0111 -0.9999
vn -0.0061 -0.0084 -0.9999
vn -0.9830 0.1835 -0.0019
vn 0.0074 -0.0030 -1.0000
vn 0.0071 0.0004 -1.0000
vn 0.4808 -0.8686 -0.1200
vn 0.9911 0.1327 -0.0127
vn 0.9827 0.1242 -0.1376
vn -0.0101 0.0003 -0.9999
vn -0.1504 -0.2640 0.9527
vn 0.9572 0.2527 -0.1412
vn 0.8532 0.3568 -0.3805
vn 0.9701 0.2417 -0.0202
vn 0.0344 0.0062 -0.9994
vn 0.8514 -0.5164 0.0922
vn -0.9674 0.0064 -0.2533
vn -0.0016 0.0003 -1.0000
vn 0.0001 -0.0001 -1.0000
vn -0.0040 0.4202 0.9074
vn 0.7037 0.6524 -0.2814
vn 0.1415 0.1910 0.9713
vn 0.3434 0.3938 0.8527
vn -0.0118 -0.9996 -0.0239
vn -0.0494 -0.9988 -0.0010
vn 0.7731 0.1421 0.6181
vn 0.9385 0.2038 0.2786
vn 0.3108 -0.0019 0.9505
vn -0.7219 0.3500 0.5970
vn -0.0047 -0.0003 1.0000
vn 0.7303 0.6811 -0.0521
vn 0.6802 0.6673 -0.3035
vn 0.0005 -0.0005 -1.0000
vn -0.0060 0.0004 -1.0000
vn -0.9921 0.1217 0.0298
vn -0.2316 -0.2243 -0.9466
vn -0.7871 -0.3983 0.4710
vn -0.9950 0.0989 0.0142
vn 0.2336 -0.9609 -0.1489
vn 0.2166 -0.8041 -0.5536
vn -0.0030 -0.6557 0.7550
vn 0.5114 -0.0035 -0.8593
vn 0.6330 -0.0025 -0.7742
vn 0.5264 -0.0010 -0.8502
vn -0.4190 0.7174 0.5565
vn -0.3005 0.4053 0.8634
vn 0.1231 -0.1007 0.9873
vn -0.7233 -0.6905 0.0099
vn -0.1750 -0.0536 -0.9831
vn -0.1341 -0.1689 -0.9765
vn -0.3232 -0.1192 -0.9388
vn -0.7197 -0.0106 -0.6942
vn -0.9752 -0.1303 0.1789
vn -0.5157 0.2750 0.8114
vn -0.9220 -0.0030 0.3872
vn -0.8980 -0.0001 0.4400
vn 0.1419 0.5999 -0.7874
vn 0.6412 0.0027 -0.7674
vn 0.9135 0.0049 -0.4069
vn -0.3059 -0.1667 -0.9374
vn -0.5219 -0.1170 0.8450
vn -0.9130 -0.3692 0.1734
vn -0.0002 -0.0004 1.0000
vn 0.9954 0.0015 -0.0956
vn 0.9997 0.0005 -0.0226
vn -0.9736 0.0011 -0.2282
vn -0.9313 -0.1007 0.3502
vn 0.6071 -0.7830 -0.1355
vn 0.2423 -0.9702 0.0072
vn 0.0174 0.8640 0.5032
vn 0.5951 -0.0471 -0.8023
vn 0.4682 0.6617 -0.5856
vn 0.4290 0.5175 -0.7404
vn 0.7063 0.4116 0.5760
vn 0.8544 0.4884 0.1772
vn 0.9377 0.2569 -0.2339
vn 0.2397 0.0004 -0.9709
vn 0.6380 -0.3376 -0.6921
vn 0.7459 -0.6368 0.1951
vn -0.0018 0.3752 0.9270
vn -0.9903 0.1389 0.0067
vn -0.0194 -0.9799 0.1986
vn -0.0063 -0.0021 1.0000
vn -0.0041 -0.0015 1.0000
vn 0.9221 0.0010 -0.3871
vn 0.5496 -0.0023 0.8354
vn 0.5243 0.0031 0.8515
vn -0.8013 -0.5946 0.0665
vn -0.8252 -0.5648 -0.0043
vn 0.4315 0.0006 0.9021
vn -0.3856 -0.0035 -0.9226
vn 0.9797 -0.0004 0.2005
vn 0.8608 0.1135 -0.4961
vn 0.5957 0.0595 -0.8010
vn -0.0028 -0.0018 1.0000
vn -0.9587 0.0128 0.2842
vn -0.9571 0.0079 0.2896
vn -0.8029 0.0117 0.5960
vn 0.0007 0.0016 1.0000
vn 0.2564 -0.1690 -0.9517
vn 0.2629 -0.1989 -0.9441
vn -0.3434 0.0042 -0.9392
vn -0.5249 0.2881 -0.8009
vn -0.4344 0.3018 -0.8487
vn -0.0094 -0.0016 1.0000
vn -0.0031 -0.0011 -1.0000
vn 0.0044 -0.0007 -1.0000
vn 0.0076 -0.0034 -1.0000
vn 0.0190 0.0004 0.9998
vn 0.1264 -0.5987 0.7910
vn -1.0000 0.0035 -0.0027
vn -0.3830 -0.0010 0.9238
vn -0.0107 -0.0037 0.9999
vn 0.0080 -0.0074 -0.9999
vn -0.9705 0.2279 0.0785
vn -0.1058 -0.7573 0.6444
vn -0.0808 0.8369 -0.5414
vn -0.0350 0.9985 -0.0421
vn -0.1756 0.9510 -0.2544
vn 0.0052 0.0024 -1.0000
vn -0.5607 -0.0010 0.8280
vn 0.2197 -0.9688 -0.1148
vn -0.4429 -0.2023 -0.8735
vn -0.1001 0.5740 -0.8127
vn -0.9952 0.0157 0.0971
vn 0.0013 0.0003 -1.0000
vn -0.9714 -0.0571 -0.2306
vn -0.9685 0.2451 0.0453
vn -0.9992 -0.0002 0.0402
vn -0.7071 -0.5917 0.3872
vn 0.0901 -0.9819 -0.1664
vn -0.5365 -0.5591 -0.6321
vn 0.9623 -0.2719 0.0001
vn 0.6154 0.7879 -0.0228
vn 0.0119 -0.2369 0.9715
vn 0.9481 -0.3159 -0.0368
vn -0.4884 -0.2419 0.8385
vn -0.0018 -0.0004 1.0000
vn -0.0011 0.0106 0.9999
vn -0.6770 0.6752 0.2928
vn -0.9330 -0.3589 -0.0270
vn -0.9996 0.0040 0.0286
vn -0.9399 0.3391 0.0389
vn -0.4063 0.1270 0.9049
vn -0.4381 0.5494 -0.7114
vn -0.0047 -0.0009 1.0000
vn -0.0040 0.0014 1.0000
vn 0.0301 0.0071 -0.9995
vn 0.4525 0.0027 0.8918
vn 0.0007 -0.0002 1.0000
vn 0.0011 -0.0007 1.0000
vn 0.4929 -0.0006 -0.8701
vn 0.0032 -0.0002 -1.0000
vn 0.7407 -0.3271 -0.5869
vn -0.0091 -0.0293 -0.9995
vn -0.5235 0.0039 0.8520
vn 0.9875 -0.0099 0.1571
vn -0.0925 -0.9924 0.0806
vn -0.0876 -0.9961 -0.0083
vn 0.0208 0.0027 0.9998
vn 0.8977 -0.2750 0.3443
vn 0.0011 0.9374 -0.3483
vn -0.0049 0.9232 -0.3843
vn 0.4523 0.4912 0.7445
vn 0.3617 0.4824 0.7978
vn -0.8443 0.4769 0.2445
vn 0.7887 0.0079 0.6147
vn 0.0139 -0.0155 -0.9998
vn 0.7290 0.6454 0.2283
vn -0.7164 0.5114 -0.4745
vn -0.8353 -0.0201 0.5494
vn 0.4878 -0.1958 -0.8507
vn 0.0005 0.0008 1.0000
vn -0.0455 -0.6565 0.7530
vn -0.0076 0.0006 1.0000
vn -0.8542 0.5184 0.0386
vn 0.4400 0.1113 0.8911
vn -0.2837 -0.9588 0.0140
vn -0.0080 0.0033 -1.0000
vn 0.9788 0.1389 -0.1508
vn 0.0489 -0.0005 -0.9988
vn 0.0026 0.4333 -0.9012
vn -0.4167 0.0225 -0.9088
vn -0.3020 0.0878 -0.9493
vn -0.4406 0.1312 -0.8881
vn -0.1829 0.0735 -0.9804
vn -0.3612 -0.0002 0.9325
vn -0.3939 0.0009 0.9191
vn -0.0901 -0.0003 0.9959
vn 0.9981 0.0616 -0.0083
vn 0.9972 0.0626 -0.0397
vn -0.9993 -0.0288 -0.0233
vn -0.9968 -0.0673 0.0424
vn -0.9960 -0.0863 -0.0250
vn -0.0418 0.5274 -0.8486
vn -0.0075 0.6485 -0.7612
vn 0.0101 -0.6708 0.7415
vn 0.0330 -0.5352 0.8441
vn -0.7949 0.1946 -0.5747
vn 0.5904 0.5760 -0.5654
vn -0.5248 0.1317 -0.8410
vn -0.5995 0.1814 -0.7795
vn -0.5125 0.1409 -0.8471
vn -0.4705 0.1333 -0.8723
vn 0.1876 0.8614 -0.4720
vn 0.0031 0.0007 1.0000
vn 0.0021 -0.0009 1.0000
vn -0.1437 0.6470 -0.7488
vn -0.5606 -0.4778 0.6764
vn 0.0109 -0.0065 -0.9999
vn 0.0042 0.0001 -1.0000
vn 0.4334 -0.0001 0.9012
vn 0.2439 0.0587 -0.9680
vn 0.0013 -0.0007 1.0000
vn -0.1947 0.1987 -0.9605
vn -0.3832 0.3988 -0.8331
vn -0.6020 0.0030 0.7985
vn 0.0175 0.0009 -0.9998
vn 0.0168 -0.0000 -0.9999
vn -0.5631 0.0007 0.8264
vn -0.5428 -0.0018 0.8399
vn 0.5041 -0.0013 -0.8636
vn 0.4079 0.2612 -0.8749
vn 0.0021 -0.0021 1.0000
vn -0.6885 -0.7220 -0.0691
vn -0.6403 -0.5976 -0.4826
vn -0.7168 0.3917 -0.5769
vn 0.0007 0.0121 0.9999
vn 0.0007 -0.0085 1.0000
vn -0.9902 -0.1371 -0.0255
vn 0.7167 0.1526 -0.6805
vn 0.4338 0.0008 0.9010
vn -0.0088 0.0154 0.9998
vn -0.0081 0.0086 0.9999
vn 0.0246 0.2763 -0.9608
vn 0.0021 0.0051 -1.0000
vn -0.0039 -0.0046 -1.0000
vn -0.2943 0.9439 0.1500
vn -0.0729 0.0001 0.9973
vn 0.1196 0.0936 0.9884
vn -0.9890 0.1477 0.0114
vn 0.4285 -0.7280 -0.5351
vn -0.1705 -0.2832 -0.9438
vn -0.0163 -0.0275 -0.9995
vn -0.1741 -0.3037 -0.9367
vn -0.8874 -0.1975 -0.4165
vn 0.8815 -0.4320 0.1907
vn -0.4459 0.1791 -0.8770
vn -0.2641 0.0907 -0.9602
vn -0.6306 0.1499 -0.7615
vn -0.6616 0.0333 -0.7491
vn -0.5376 0.0329 -0.8426
vn -0.9688 0.2456 -0.0322
vn -0.5433 -0.4583 0.7034
vn -0.0047 0.0011 -1.0000
vn 0.0618 -0.2485 -0.9667
vn 0.2640 -0.9529 0.1494
vn -0.4874 -0.3506 -0.7997
vn 0.5138 0.1002 -0.8520
vn 0.0003 0.0027 1.0000
vn -0.0165 -0.0002 -0.9999
vn 0.9214 -0.2733 0.2763
vn 0.0267 -0.5216 0.8528
vn 0.0071 -0.0065 1.0000
vn 0.0188 -0.6289 0.7773
vn 0.5307 -0.8472 0.0226
vn 0.2443 -0.9693 -0.0270
vn 0.7035 0.2887 0.6494
vn 0.7145 -0.4198 -0.5597
vn -0.2122 0.7486 -0.6282
vn -0.0069 0.9976 0.0693
vn -0.1784 -0.9744 0.1365
vn -0.0246 -0.0003 -0.9997
vn 0.0721 -0.3457 -0.9356
vn 0.3753 0.1980 0.9055
vn -0.0354 -0.0000 -0.9994
vn 0.9998 0.0008 0.0181
vn 0.7195 0.4860 0.4961
vn 0.0007 0.9973 0.0729
vn -0.5732 0.0177 0.8192
vn -0.0091 0.9298 0.3681
vn -0.0049 0.6786 0.7345
vn 0.1220 -0.2231 -0.9671
vn 0.6629 -0.0021 -0.7487
vn -0.6848 -0.6598 0.3095
vn 0.7091 0.6917 0.1365
vn 0.0003 0.0087 1.0000
vn -0.7251 -0.6877 -0.0361
vn -0.7005 -0.7134 0.0177
vn -0.6839 -0.7295 0.0110
vn 0.0450 -0.6267 -0.7779
vn -0.3324 -0.0024 -0.9432
vn -0.5919 0.0005 0.8060
vn 0.8930 -0.0000 -0.4500
vn 0.2694 0.4287 0.8624
vn -0.0138 -0.0221 -0.9997
vn -0.0499 -0.9973 0.0531
vn 0.3203 0.0021 0.9473
vn 0.4107 -0.0008 0.9118
vn 0.0039 0.0003 -1.0000
vn 0.0098 -0.0002 -1.0000
vn 0.0090 -0.0053 -0.9999
vn 0.0049 -0.0047 -1.0000
vn 0.4693 -0.0056 -0.8830
vn 0.5159 0.8558 -0.0377
vn -0.9973 0.0047 0.0729
vn 0.5950 0.0560 0.8017
vn 0.7745 0.0936 0.6256
vn -0.9995 -0.0315 0.0007
vn -0.9908 -0.1355 -0.0031
vn -0.2155 0.1121 0.9700
vn -0.0070 0.0039 1.0000
vn -0.0732 0.0821 0.9939
vn 0.5896 0.3967 -0.7035
vn -0.2669 -0.6095 -0.7466
vn 0.6084 0.4202 -0.6733
vn 0.3876 0.2747 -0.8800
vn -0.5568 -0.0006 0.8307
vn -0.7505 0.0853 0.6554
vn 0.0031 0.0050 1.0000
vn 0.3524 -0.2314 0.9068
vn 0.1472 0.0317 0.9886
vn -0.3564 0.0660 -0.9320
vn 0.5064 0.8583 0.0833
vn -0.0469 -0.0002 0.9989
vn -0.5996 0.0355 -0.7995
vn 0.0127 -0.0024 -0.9999
vn -0.0021 0.0006 -1.0000
vn 0.5460 -0.3364 0.7673
vn -0.0608 -0.9974 0.0396
vn -0.5347 0.6137 0.5809
vn 0.2224 -0.1195 0.9676
vn -0.9793 0.0014 -0.2025
vn -0.4059 -0.3854 0.8287
vn 0.0365 -0.0018 -0.9993
vn 0.0594 -0.8091 -0.5846
vn 0.5637 -0.5037 0.6546
vn 0.8218 -0.3831 -0.4217
vn 0.3624 -0.9024 0.2332
vn -0.6541 0.2515 -0.7134
vn 0.4520 0.0007 -0.8920
vn 0.0011 -0.0011 1.0000
vn -0.0928 -0.8481 0.5216
vn -1.0000 -0.0020 0.0051
vn 0.9176 -0.3055 -0.2541
vn -0.2513 -0.2228 -0.9419
vn -0.0022 -0.0014 1.0000
vn -0.5776 0.1162 0.8080
vn 0.2178 -0.4448 0.8687
vn 0.4633 -0.8861 0.0141
vn -0.4952 -0.0250 -0.8684
vn 0.9734 0.1720 -0.1513
vn -0.1785 -0.9740 -0.1396
vn -0.0804 0.9943 -0.0705
vn -0.0053 -0.0011 1.0000
vn -0.4786 -0.0054 -0.8780
vn -0.0105 -0.0014 0.9999
vn -0.0002 0.0041 1.0000
vn -0.6783 0.6145 0.4029
vn 0.1696 -0.6986 0.6952
vn 0.3729 0.3475 0.8604
vn 0.9140 0.1199 0.3876
vn 0.0013 -0.0090 -1.0000
vn 0.6782 -0.0016 0.7349
vn 0.7281 0.6000 -0.3314
vn 0.7821 -0.0645 -0.6198
vn 0.9796 -0.1986 0.0307
vn -0.1009 -0.4912 0.8652
vn 0.0501 0.0188 -0.9986
vn -0.0746 -0.7952 -0.6018
vn 0.0582 -0.0457 0.9973
vn 0.2782 -0.1755 0.9444
vn 0.0028 -0.0014 -1.0000
vn -0.0012 0.0054 1.0000
vn -0.9324 -0.3607 -0.0228
vn -0.0038 0.0006 -1.0000
vn 0.4543 0.4508 -0.7684
vn 0.6422 0.5989 -0.4784
vn 0.3740 0.3435 -0.8615
vn -0.9854 0.1514 -0.0776
vn 0.1534 0.5415 0.8266
vn -0.3725 -0.3771 -0.8480
vn -0.0159 -0.9982 0.0583
vn -0.0505 -0.9967 0.0642
vn -0.0354 -0.9553 0.2934
vn -0.9497 -0.0463 0.3096
vn -0.0060 -0.0022 -1.0000
vn 0.0047 -0.0036 -1.0000
vn 0.3862 0.0616 0.9204
vn 0.9999 -0.0001 -0.0136
vn -0.1901 -0.0513 0.9804
vn -0.0133 -0.0009 0.9999
vn 0.4257 0.0007 0.9048
vn 0.3632 -0.1490 -0.9197
vn 0.4923 0.0056 -0.8704
vn -0.9978 0.0665 0.0081
vn -0.0191 -0.0416 0.9990
vn -0.2868 0.4763 -0.8312
vn 0.0524 0.0354 0.9980
vn 0.0564 -0.0015 0.9984
vn 0.1960 -0.9742 0.1114
vn -0.5541 0.0003 -0.8325
vn -0.9964 -0.0200 0.0824
vn -0.0083 -0.0171 -0.9998
vn 0.4359 0.0006 -0.9000
vn 0.5121 0.0002 -0.8589
vn 0.0669 0.5371 0.8409
vn 0.4047 -0.0004 -0.9144
vn 0.9831 -0.0767 0.1663
vn 0.5333 0.0048 -0.8459
vn 0.2546 0.1591 0.9539
vn 0.8984 0.1045 -0.4266
vn 0.1166 0.0008 0.9932
vn -0.3315 -0.0336 0.9428
vn -0.3917 -0.0173 0.9199
vn 0.7258 0.0778 0.6835
vn 0.2914 0.2808 0.9144
vn -0.5312 0.2315 0.8150
vn -0.4505 0.0541 0.8912
vn -0.3381 -0.2903 0.8952
vn -0.9094 -0.4159 0.0035
vn 0.4887 0.0023 -0.8724
vn 0.0057 -0.6654 0.7465
vn 0.0398 -0.3997 0.9158
vn -0.9697 -0.2393 -0.0486
vn -0.9955 -0.0817 -0.0487
vn 0.0223 0.0051 -0.9997
vn 0.0135 0.0025 -0.9999
vn -0.9987 0.0129 0.0485
vn 0.6962 0.0966 0.7113
vn 0.2885 -0.2986 0.9097
vn 0.9648 -0.0492 -0.2583
vn 0.9776 -0.0995 -0.1857
vn 0.2252 0.0208 0.9741
vn -0.0697 -0.0056 -0.9976
vn 0.8427 0.5381 0.0133
vn -0.9966 0.0488 0.0665
vn -0.6790 -0.5622 -0.4722
vn -0.0634 -0.4054 0.9119
vn 0.5332 0.6196 0.5759
vn -0.7456 0.2621 0.6126
vn -0.0476 -0.0023 0.9989
vn 0.3072 -0.2422 0.9203
vn 0.0133 -0.0020 0.9999
vn -0.0124 -0.0049 -0.9999
vn 0.9964 0.0042 -0.0849
vn -1.0000 0.0002 0.0017
vn -0.0678 -0.9969 -0.0410
vn -0.0741 -0.9130 -0.4013
vn 0.7697 -0.6163 -0.1667
vn -0.2197 0.2084 0.9530
vn 0.0196 0.0004 0.9998
vn 0.0020 -0.0037 1.0000
vn -0.3485 -0.0004 0.9373
vn -0.0183 0.0005 0.9998
vn -0.2223 0.0899 -0.9708
vn -0.4321 0.1962 -0.8802
vn 0.8344 0.0003 0.5512
vn 0.5262 0.0015 -0.8504
vn -0.0745 0.0005 -0.9972
vn 0.0025 -0.0016 1.0000
vn 0.0482 0.1347 -0.9897
vn -0.0055 0.0035 1.0000
vn -0.1420 0.7125 -0.6871
vn 0.6481 -0.3605 -0.6708
vn 0.2733 -0.2552 -0.9275
vn -0.3791 0.4407 -0.8137
vn -0.3128 0.3252 -0.8924
vn -0.2073 0.1933 -0.9590
vn 0.9014 0.0007 -0.4329
vn 0.9164 0.0001 -0.4003
vn -0.0338 -0.2950 0.9549
vn 0.3225 0.2341 0.9172
vn 0.7021 -0.1754 -0.6902
vn -0.2146 0.0609 0.9748
vn 0.2936 0.3299 -0.8972
vn 0.0082 -0.7534 0.6575
vn 0.9925 0.0078 -0.1216
vn 0.9048 0.0016 -0.4258
vn -0.1144 0.0298 0.9930
vn 0.9507 0.1225 0.2849
vn 0.2723 -0.0006 -0.9622
vn 0.1280 -0.9667 -0.2215
vn 0.1691 -0.9507 -0.2601
vn 0.0877 -0.0392 0.9954
vn 0.1642 -0.0867 0.9826
vn -0.7691 0.6384 -0.0321
vn 0.0268 -0.0079 -0.9996
vn 0.0335 -0.1782 0.9834
vn 0.9900 0.0011 0.1409
vn -0.1195 -0.7607 -0.6380
vn 0.4635 0.2572 -0.8480
vn 0.6166 0.1200 -0.7780
vn -0.4409 0.0992 -0.8920
vn -0.2993 0.2528 0.9201
vn -0.3990 0.8842 0.2428
vn -0.0178 0.0637 0.9978
vn -0.9147 -0.1881 0.3577
vn 0.3373 0.3195 -0.8855
vn 0.0317 0.0049 0.9995
vn 0.0078 -0.0004 -1.0000
vn 0.8380 0.1304 -0.5299
vn -0.5306 0.0005 -0.8476
vn 0.0016 0.0019 1.0000
vn -0.9967 -0.0785 0.0202
vn -0.3910 0.9119 -0.1249
vn -0.9977 -0.0154 0.0655
vn 0.2789 0.3001 -0.9122
vn 0.0201 -0.0146 -0.9997
vn 0.1968 -0.3125 -0.9293
vn -0.3227 -0.0820 -0.9429
vn 0.0126 -0.0041 -0.9999
vn -0.8507 -0.4971 0.1710
vn 0.8401 -0.3942 0.3725
vn 0.4396 -0.8907 -0.1152
vn 1.0000 0.0003 -0.0094
vn -0.2179 -0.4444 -0.8689
vn 0.2981 0.0243 0.9542
vn -0.5655 -0.4849 0.6672
vn -0.6863 0.7263 0.0375
vn -0.1468 -0.2602 -0.9543
vn -0.4173 -0.0018 0.9088
vn 0.4954 0.1353 -0.8581
vn -0.9996 0.0020 0.0275
vn 0.9020 0.1348 -0.4101
vn 0.7533 -0.6397 0.1527
vn -0.2215 0.2328 -0.9470
vn -0.2792 0.3343 -0.9002
vn 0.0270 0.3371 -0.9411
vn 0.0043 -0.9671 0.2542
vn -0.0037 0.0018 1.0000
vn -0.9131 -0.4046 -0.0495
vn 0.4578 -0.3765 0.8054
vn -0.4354 0.2095 0.8755
vn 0.4256 -0.0038 0.9049
vn -0.1027 0.0195 0.9945
vn 0.4068 0.2689 -0.8731
vn -0.7031 0.0012 -0.7111
vn 0.7066 0.4251 -0.5657
vn 0.0073 0.0001 1.0000
vn -0.6998 0.0033 0.7143
vn -0.0171 -0.2321 0.9725
vn -0.5116 0.1860 -0.8389
vn -0.4459 0.1544 -0.8817
vn -0.2837 0.3140 0.9060
vn -0.9903 -0.1362 0.0287
vn 0.0120 -0.0011 0.9999
vn -0.0311 -0.1526 0.9878
vn -0.1882 0.5981 0.7790
vn -0.6709 0.0042 0.7415
vn -0.8553 -0.3875 0.3439
vn -0.5126 0.1999 -0.8350
vn 0.6002 0.5361 0.5936
vn -0.4850 -0.0549 -0.8728
vn 0.3744 0.3022 -0.8766
vn 0.3994 0.3373 -0.8524
vn -0.3504 0.2075 0.9133
vn -0.6816 0.2550 -0.6859
vn 0.8093 -0.5134 -0.2853
vn -0.3386 0.0122 -0.9409
vn -0.6356 0.2769 -0.7207
vn 0.0074 0.0051 1.0000
vn -0.5624 0.1863 -0.8056
vn 0.4911 -0.2554 0.8328
vn -0.0191 0.0068 -0.9998
vn -0.6766 -0.3072 0.6692
vn -0.5977 -0.2626 0.7575
vn 0.9832 -0.0022 0.1824
vn 0.0051 0.0005 1.0000
vn 0.7099 -0.3700 0.5993
vn 0.0022 0.0161 0.9999
vn -0.0251 -0.0010 -0.9997
vn -0.0512 0.0024 0.9987
vn 0.9240 0.1717 0.3416
vn -0.0147 0.3518 0.9360
vn -0.0623 -0.8357 0.5456
vn -0.0022 0.0004 -1.0000
vn -0.0903 -0.0005 -0.9959
vn -0.9900 -0.1397 -0.0199
vn -0.9915 -0.1181 0.0543
vn 0.6130 -0.5136 -0.6004
vn 0.7242 -0.6891 0.0244
vn 0.2494 -0.0019 -0.9684
vn -0.9303 -0.3645 -0.0419
vn -0.9237 -0.3348 0.1861
vn 0.7754 -0.5649 0.2822
vn 0.9967 -0.0570 -0.0574
vn 0.3366 -0.5082 0.7927
vn -0.0001 0.0009 1.0000
vn -0.8850 0.3565 -0.2995
vn -0.5949 0.4051 -0.6943
vn -0.0167 -0.0007 0.9999
vn -0.4474 0.3359 -0.8289
vn 0.0336 -0.0019 0.9994
vn -0.0384 0.0086 -0.9992
vn 0.6422 -0.5504 -0.5336
vn -0.0183 0.9979 -0.0625
vn -0.1031 -0.6015 -0.7922
vn 0.0022 -0.9998 -0.0205
vn 0.3788 0.0965 0.9204
vn 0.2824 -0.0158 0.9592
vn -0.4502 -0.1695 -0.8767
vn -0.5195 0.4545 -0.7236
vn -0.0044 0.5891 -0.8081
vn -0.9425 0.0164 -0.3339
vn -0.3791 0.0649 -0.9231
vn -0.0038 0.3704 0.9289
s 1
f 1//1 2//2 3//3
f 4//4 5//5 1//1
f 6//6 7//7 4//4
f 1//1 5//5 2//2
f 8//8 6//6 4//4
f 4//4 1//1 8//8
f 9//9 10//10 11//11
f 12//12 9//9 11//11
f 13//13 11//11 10//10
f 14//14 15//15 16//16
f 17//17 14//14 18//18
f 19//19 14//14 16//16
f 19//19 20//20 14//14
f 17//17 15//15 14//14
f 20//20 18//18 14//14
f 21//21 22//22 23//23
f 24//24 23//23 25//25
f 25//25 23//23 22//22
f 26//26 27//27 28//28
f 29//29 30//30 31//31
f 32//32 29//29 31//31
f 33//33 32//32 31//31
f 34//34 35//35 36//36
f 35//35 37//37 36//36
f 38//38 39//39 40//40
f 39//39 41//41 42//42
f 39//39 42//42 43//43
f 39//39 43//43 40//40
f 44//44 45//45 46//46
f 44//44 46//46 47//47
f 48//48 49//49 50//50
f 51//51 52//52 53//53
f 54//54 55//55 56//56
f 57//57 58//58 59//59
f 60//60 61//61 62//62
f 60//60 62//62 63//63
f 64//64 65//65 66//66
f 64//64 66//66 67//67
f 68//68 69//69 70//70
f 71//71 72//72 73//73
f 74//74 75//75 76//76
f 77//77 78//78 79//79
f 80//80 81//81 82//82
f 83//83 84//84 85//85
f 86//86 87//87 88//88
f 89//89 90//90 91//91
f 92//92 89//89 91//91
f 93//93 94//94 95//95
f 96//96 97//97 98//98
f 99//99 100//100 101//101
f 102//102 103//103 104//104
f 105//105 106//106 107//107
f 108//108 109//109 110//110
f 108//108 110//110 111//111
f 112//112 113//113 114//114
f 115//115 116//116 117//117
f 118//118 119//119 120//120
f 121//121 122//122 123//123
f 124//124 125//125 126//126
f 127//127 124//124 126//126
f 128//128 129//129 130//130
f 131//131 128//128 130//130
f 132//132 133//133 134//134
f 135//135 136//136 137//137
f 138//138 139//139 140//140
f 141//141 142//142 143//143
f 144//144 145//145 146//146
f 147//147 148//148 149//149
f 150//150 151//151 152//152
f 153//153 150//150 152//152
f 154//154 155//155 156//156
f 157//157 158//158 159//159
f 160//160 161//161 162//162
f 163//163 164//164 165//165
f 134//134 163//163 165//165
f 166//166 167//167 168//168
f 169//169 166//166 168//168
f 170//170 171//171 172//172
f 173//173 174//174 175//175
f 176//176 177//177 178//178
f 179//179 176//176 178//178
f 180//180 181//181 182//182
f 183//183 184//184 185//185
f 183//183 185//185 186//186
f 187//187 188//188 189//189
f 190//190 191//191 192//192
f 193//193 194//194 195//195
f 196//196 197//197 198//198
f 199//199 200//200 201//201
f 202//202 203//203 204//204
f 205//205 206//206 207//207
f 208//208 209//209 210//210
f 211//211 168//168 212//212
f 114//114 213//213 214//214
f 215//215 114//114 214//214
f 216//216 217//217 218//218
f 219//219 220//220 221//221
f 222//222 223//223 224//224
f 222//222 224//224 225//225
f 226//226 227//227 228//228
f 229//229 230//230 231//231
f 232//232 233//233 234//234
f 235//235 236//236 237//237
f 238//238 239//239 240//240
f 241//241 242//242 243//243
f 244//244 241//241 243//243
f 245//245 246//246 247//247
f 248//248 249//249 250//250
f 251//251 252//252 253//253
f 254//254 255//255 256//256
f 257//257 258//258 259//259
f 260//260 261//261 262//262
f 263//263 264//264 265//265
f 266//266 267//267 268//268
f 269//269 270//270 271//271
f 272//272 273//273 274//274
f 272//272 274//274 275//275
f 276//276 277//277 278//278
f 279//279 280//280 281//281
f 282//282 279//279 281//281
f 283//283 284//284 285//285
f 286//286 125//125 287//287
f 288//288 289//289 290//290
f 290//290 289//289 102//102
f 291//291 292//292 293//293
f 294//294 295//295 296//296
f 297//297 298//298 299//299
f 300//300 301//301 302//302
f 303//303 304//304 305//305
f 303//303 305//305 306//306
f 307//307 308//308 309//309
f 307//307 309//309 310//310
f 311//311 142//142 141//141
f 312//312 313//313 314//314
f 315//315 312//312 314//314
f 316//316 317//317 318//318
f 319//319 320//320 321//321
f 322//322 323//323 324//324
f 325//325 326//326 327//327
f 328//328 329//329 330//330
f 328//328 330//330 331//331
f 332//332 333//333 334//334
f 335//335 336//336 337//337
f 338//338 339//339 340//340
f 341//341 342//342 343//343
f 344//344 345//345 346//346
f 344//344 346//346 347//347
f 348//348 349//349 350//350
f 348//348 350//350 351//351
f 352//352 353//353 354//354
f 355//355 305//305 356//356
f 357//357 358//358 359//359
f 360//360 361//361 362//362
f 363//363 364//364 365//365
f 366//366 367//367 368//368
f 369//369 215//215 214//214
f 370//370 371//371 372//372
f 373//373 374//374 375//375
f 171//171 170//170 376//376
f 171//171 376//376 377//377
f 378//378 379//379 380//380
f 381//381 382//382 383//383
f 357//357 384//384 385//385
f 386//386 387//387 388//388
f 386//386 388//388 389//389
f 390//390 391//391 392//392
f 393//393 394//394 395//395
f 396//396 205//205 397//397
f 398//398 399//399 400//400
f 401//401 265//265 402//402
f 401//401 402//402 403//403
f 404//404 405//405 406//406
f 407//407 408//408 409//409
f 407//407 409//409 410//410
f 218//218 411//411 412//412
f 413//413 414//414 415//415
f 416//416 417//417 418//418
f 419//419 420//420 421//421
f 414//414 413//413 422//422
f 423//423 424//424 425//425
f 426//426 427//427 428//428
f 429//429 430//430 431//431
f 432//432 433//433 434//434
f 85//85 435//435 436//436
f 437//437 55//55 54//54
f 438//438 439//439 331//331
f 330//330 438//438 331//331
f 440//440 441//441 442//442
f 443//443 440//440 442//442
f 444//444 445//445 446//446
f 444//444 446//446 447//447
f 448//448 449//449 450//450
f 451//451 399//399 398//398
f 452//452 453//453 454//454
f 455//455 369//369 456//456
f 457//457 458//458 459//459
f 460//460 461//461 462//462
f 460//460 462//462 463//463
f 464//464 465//465 466//466
f 467//467 468//468 422//422
f 469//469 470//470 471//471
f 472//472 383//383 473//473
f 474//474 475//475 476//476
f 477//477 478//478 479//479
f 480//480 477//477 479//479
f 481//481 431//431 482//482
f 483//483 484//484 485//485
f 486//486 487//487 488//488
f 489//489 490//490 491//491
f 492//492 493//493 494//494
f 495//495 496//496 497//497
f 498//498 341//341 343//343
f 499//499 500//500 501//501
f 502//502 503//503 504//504
f 505//505 506//506 507//507
f 508//508 509//509 510//510
f 255//255 511//511 512//512
f 513//513 514//514 515//515
f 516//516 517//517 518//518
f 516//516 518//518 519//519
f 520//520 521//521 522//522
f 520//520 522//522 523//523
f 524//524 525//525 526//526
f 527//527 528//528 529//529
f 530//530 531//531 532//532
f 533//533 534//534 535//535
f 536//536 533//533 535//535
f 537//537 538//538 539//539
f 537//537 539//539 540//540
f 541//541 542//542 543//543
f 544//544 545//545 546//546
f 547//547 548//548 549//549
f 550//550 551//551 552//552
f 553//553 554//554 555//555
f 556//556 557//557 558//558
f 559//559 560//560 561//561
f 562//562 563//563 564//564
f 565//565 566//566 567//567
f 202//202 568//568 569//569
f 46//46 570//570 571//571
f 572//572 573//573 574//574
f 575//575 576//576 577//577
f 578//578 579//579 580//580
f 581//581 578//578 580//580
f 582//582 583//583 584//584
f 255//255 512//512 585//585
f 586//586 587//587 588//588
f 589//589 590//590 591//591
f 592//592 593//593 594//594
f 595//595 596//596 597//597
f 598//598 253//253 599//599
f 600//600 601//601 602//602
f 600//600 602//602 603//603
f 604//604 605//605 606//606
f 607//607 608//608 609//609
f 74//74 76//76 610//610
f 611//611 74//74 610//610
f 612//612 109//109 613//613
f 614//614 469//469 615//615
f 616//616 614//614 615//615
f 617//617 618//618 619//619
f 620//620 621//621 133//133
f 369//369 214//214 622//622
f 369//369 622//622 623//623
f 624//624 625//625 626//626
f 627//627 628//628 629//629
f 630//630 631//631 632//632
f 630//630 632//632 633//633
f 634//634 635//635 636//636
f 637//637 28//28 27//27
f 638//638 639//639 640//640
f 641//641 642//642 643//643
f 644//644 645//645 646//646
f 647//647 648//648 649//649
f 650//650 651//651 652//652
f 653//653 613//613 654//654
f 655//655 656//656 657//657
f 658//658 659//659 660//660
f 265//265 661//661 402//402
f 662//662 663//663 664//664
f 665//665 386//386 389//389
f 666//666 667//667 668//668
f 669//669 666//666 668//668
f 205//205 207//207 670//670
f 671//671 672//672 673//673
f 674//674 675//675 676//676
f 677//677 678//678 679//679
f 680//680 681//681 682//682
f 466//466 56//56 683//683
f 684//684 685//685 686//686
f 684//684 686//686 687//687
f 688//688 689//689 690//690
f 691//691 320//320 319//319
f 692//692 693//693 694//694
f 695//695 696//696 697//697
f 698//698 699//699 700//700
f 701//701 702//702 703//703
f 704//704 705//705 706//706
f 707//707 630//630 633//633
f 87//87 708//708 709//709
f 710//710 711//711 712//712
f 713//713 714//714 715//715
f 289//289 716//716 717//717
f 718//718 719//719 720//720
f 721//721 722//722 723//723
f 724//724 725//725 726//726
f 727//727 728//728 729//729
f 730//730 731//731 732//732
f 733//733 734//734 735//735
f 736//736 737//737 738//738
f 739//739 740//740 741//741
f 742//742 743//743 744//744
f 745//745 746//746 747//747
f 748//748 749//749 750//750
f 751//751 752//752 753//753
f 754//754 7//7 755//755
f 756//756 757//757 758//758
f 759//759 760//760 761//761
f 762//762 763//763 764//764
f 765//765 766//766 767//767
f 768//768 544//544 546//546
f 769//769 770//770 771//771
f 772//772 773//773 774//774
f 775//775 776//776 777//777
f 778//778 779//779 394//394
f 780//780 781//781 782//782
f 783//783 784//784 785//785
f 786//786 787//787 788//788
f 789//789 438//438 330//330
f 790//790 127//127 126//126
f 791//791 792//792 113//113
f 793//793 794//794 795//795
f 793//793 795//795 796//796
f 797//797 798//798 799//799
f 800//800 801//801 802//802
f 803//803 644//644 804//804
f 805//805 166//166 169//169
f 806//806 807//807 295//295
f 808//808 806//806 295//295
f 809//809 810//810 811//811
f 812//812 813//813 814//814
f 531//531 815//815 816//816
f 531//531 816//816 532//532
f 817//817 818//818 819//819
f 820//820 821//821 822//822
f 823//823 655//655 824//824
f 825//825 826//826 827//827
f 828//828 829//829 830//830
f 828//828 830//830 831//831
f 832//832 487//487 486//486
f 833//833 834//834 835//835
f 836//836 837//837 86//86
f 838//838 839//839 840//840
f 841//841 842//842 843//843
f 844//844 725//725 724//724
f 845//845 846//846 119//119
f 227//227 847//847 848//848
f 849//849 850//850 851//851
f 852//852 849//849 851//851
f 853//853 854//854 855//855
f 856//856 333//333 332//332
f 857//857 858//858 859//859
f 336//336 860//860 861//861
f 337//337 336//336 861//861
f 862//862 863//863 864//864
f 865//865 866//866 867//867
f 868//868 278//278 869//869
f 870//870 871//871 872//872
f 873//873 874//874 875//875
f 754//754 755//755 876//876
f 877//877 878//878 879//879
f 880//880 881//881 320//320
f 882//882 883//883 884//884
f 885//885 886//886 887//887
f 221//221 220//220 641//641
f 888//888 157//157 825//825
f 889//889 890//890 891//891
f 892//892 893//893 894//894
f 895//895 896//896 40//40
f 43//43 895//895 40//40
f 897//897 898//898 899//899
f 809//809 811//811 900//900
f 901//901 902//902 903//903
f 566//566 904//904 905//905
f 906//906 907//907 908//908
f 909//909 910//910 911//911
f 222//222 803//803 912//912
f 397//397 205//205 670//670
f 913//913 914//914 915//915
f 916//916 913//913 915//915
f 917//917 918//918 919//919
f 454//454 920//920 298//298
f 921//921 922//922 923//923
f 924//924 925//925 926//926
f 927//927 566//566 905//905
f 928//928 929//929 930//930
f 931//931 932//932 933//933
f 934//934 935//935 936//936
f 578//578 937//937 579//579
f 938//938 13//13 939//939
f 30//30 29//29 940//940
f 467//467 941//941 942//942
f 467//467 942//942 468//468
f 640//640 943//943 944//944
f 945//945 344//344 347//347
f 945//945 347//347 946//946
f 947//947 948//948 949//949
f 950//950 951//951 952//952
f 953//953 954//954 955//955
f 956//956 466//466 683//683
f 957//957 958//958 959//959
f 960//960 497//497 961//961
f 962//962 963//963 964//964
f 962//962 964//964 965//965
f 966//966 967//967 968//968
f 969//969 970//970 971//971
f 972//972 973//973 974//974
f 339//339 975//975 976//976
f 977//977 393//393 978//978
f 979//979 980//980 981//981
f 982//982 983//983 984//984
f 985//985 986//986 987//987
f 988//988 985//985 987//987
f 989//989 990//990 991//991
f 992//992 993//993 994//994
f 995//995 422//422 413//413
f 996//996 997//997 998//998
f 999//999 1000//1000 1001//1001
f 1002//1002 1003//1003 849//849
f 623//623 622//622 1004//1004
f 623//623 1004//1004 1005//1005
f 1006//1006 319//319 321//321
f 1007//1007 381//381 472//472
f 402//402 1008//1008 1009//1009
f 1010//1010 402//402 1009//1009
f 659//659 1011//1011 1012//1012
f 659//659 1012//1012 660//660
f 1013//1013 1014//1014 1015//1015
f 1016//1016 199//199 201//201
f 1017//1017 344//344 945//945
f 1018//1018 1019//1019 1020//1020
f 1021//1021 1022//1022 1023//1023
f 779//779 1024//1024 1025//1025
f 1026//1026 638//638 1027//1027
f 1028//1028 1029//1029 1030//1030
f 1031//1031 1032//1032 1033//1033
f 1034//1034 1035//1035 1036//1036
f 1037//1037 286//286 1038//1038
f 1039//1039 1040//1040 1041//1041
f 1042//1042 906//906 1043//1043
f 861//861 1044//1044 1045//1045
f 1046//1046 1047//1047 1048//1048
f 1049//1049 1050//1050 1051//1051
f 1052//1052 1053//1053 1054//1054
f 1055//1055 1056//1056 1057//1057
f 1058//1058 1059//1059 1060//1060
f 1058//1058 1060//1060 1061//1061
f 1062//1062 1063//1063 1064//1064
f 1065//1065 1062//1062 1064//1064
f 183//183 186//186 1066//1066
f 1067//1067 1068//1068 962//962
f 1069//1069 1070//1070 1071//1071
f 1072//1072 1073//1073 1074//1074
f 1075//1075 1076//1076 845//845
f 1077//1077 1078//1078 1079//1079
f 1080//1080 503//503 1081//1081
f 1082//1082 1083//1083 1084//1084
f 1085//1085 71//71 73//73
f 1086//1086 1087//1087 1088//115
f 1089//1088 1090//1089 1091//1090
f 1092//1091 1093//1092 1094//1093
f 1095//1094 1096//1095 1097//1096
f 1098//1097 1099//1098 1100//1099
f 1101//1100 1102//1101 1103//1102
f 1104//1103 1105//1104 1106//1105
f 1107//1106 1108//1107 1109//1108
f 1110//1109 1111//1110 1112//1111
f 1113//1112 1114//1113 1115//1114
f 1116//1115 1117//1116 1118//1117
f 539//539 1116//1115 1118//1117
f 1002//1002 849//849 852//852
f 1119//1118 1120//1119 1121//1120
f 1062//1062 1122//1121 1123//1122
f 367//367 1082//1082 1124//1123
f 1125//1124 1126//1125 1127//1126
f 1128//1127 1129//1128 1130//1129
f 1131//1130 1132//1131 1133//1132
f 11//11 1131//1130 1133//1132
f 1134//1133 1135//1134 1136//1135
f 1134//1133 1136//1135 1137//1136
f 839//839 1138//1137 1139//1138
f 1084//1084 1140//1139 1141//1140
f 1142//1141 1143//1142 1144//1143
f 1145//1144 1142//1141 1144//1143
f 367//367 1124//1123 368//368
f 1146//1145 797//797 1147//1146
f 1148//1147 1149//1148 715//715
f 483//483 1150//1149 484//484
f 1151//1150 1152//1151 1153//1152
f 1154//1153 1155//1154 1156//1155
f 1157//1156 1158//1157 1159//1158
f 1157//1156 1159//1158 1160//1159
f 1161//1160 1162//1161 1163//1162
f 1164//1163 1165//1164 1166//1165
f 1167//1166 1168//1167 1169//1168
f 1170//1169 1171//1170 424//424
f 1172//1171 1173//1172 1174//1173
f 1175//1174 1176//1175 1177//1176
f 1178//1177 356//356 1179//1178
f 1178//1177 1179//1178 1180//1179
f 1181//1180 1182//1181 1183//1182
f 1184//1183 1185//1184 1186//1185
f 1187//1186 1188//1187 1189//1188
f 839//839 1190//1189 1191//1190
f 1192//1191 892//892 894//894
f 1122//1121 905//905 190//190
f 1193//1192 1194//1193 1195//1194
f 912//912 1196//1195 1197//1196
f 1198//1197 938//938 939//939
f 1198//1197 939//939 1199//1198
f 1200//1199 1201//1200 1202//1201
f 1203//1202 1204//1203 1205//1204
f 1206//1205 1207//1206 1208//1207
f 1206//1205 1208//1207 1209//1208
f 1210//1209 1096//1095 1211//1210
f 1212//1211 1213//1212 1214//1213
f 1215//1214 1212//1211 1214//1213
f 1216//1215 882//882 1217//1216
f 1218//1217 1219//1218 1220//1219
f 1221//1220 1222//1221 1223//1222
f 1224//1223 1225//1224 1226//1225
f 1227//1226 1006//1006 1228//1227
f 1229//1228 1230//1229 1231//1230
f 1120//1119 1232//1231 65//65
f 278//278 1233//1232 869//869
f 1234//1233 1235//1234 1236//1235
f 1237//1236 1238//1237 1239//1238
f 1240//1239 1241//1240 1242//1241
f 1243//1242 1244//1243 93//93
f 1245//1244 1246//1245 1247//1246
f 1248//1247 1249//1248 77//77
f 1250//1249 1251//1250 1252//1251
f 1253//1252 1254//1253 1255//1254
f 1253//1252 1255//1254 1256//1255
f 1257//1256 1258//1257 1259//1258
f 1260//1259 1261//1260 897//897
f 510//510 1262//1261 1263//1262
f 1264//1263 510//510 1263//1262
f 1265//1264 1266//1265 1267//1266
f 1268//1267 1269//1268 1270//1269
f 1271//1270 1272//1271 1273//1272
f 1274//1273 1275//1274 1276//1275
f 1277//1276 57//57 59//59
f 1278//1277 1279//1278 1280//1279
f 473//473 1281//1280 936//936
f 1282//1281 1283//1282 1284//1283
f 1285//1284 1282//1281 1284//1283
f 1286//1285 1287//1286 1288//1287
f 1289//1288 1290//1289 1291//1290
f 1292//1291 1293//1292 1294//1293
f 1295//1294 1296//1295 1297//1296
f 1295//1294 1297//1296 163//163
f 1298//1297 1299//1298 390//390
f 1300//1299 1301//1300 1302//1301
f 1300//1299 1302//1301 1303//1302
f 1304//1303 1305//1304 925//925
f 1306//1305 1307//1306 1308//1307
f 1309//1308 1310//1309 1311//1310
f 1312//1311 1313//1312 1314//1313
f 1315//1314 1316//1315 1317//1316
f 1318//1317 1319//1318 1320//1319
f 1321//1320 1322//1321 1323//1322
f 26//26 1321//1320 1323//1322
f 1324//1323 1325//1324 1326//1325
f 1327//1326 1328//1327 1329//1328
f 1330//1329 1331//1330 1332//1331
f 1333//1332 1330//1329 1332//1331
f 1334//1333 1335//1334 1336//1335
f 1337//1336 1338//1337 120//120
f 1339//1338 895//895 43//43
f 1340//1339 1339//1338 43//43
f 729//729 1341//1340 279//279
f 1342//1341 1176//1175 1175//1174
f 1342//1341 1175//1174 1343//1342
f 1344//1343 352//352 1345//1344
f 803//803 804//804 1346//1345
f 1347//1346 971//971 1348//1347
f 1349//1348 1350//1349 1351//1350
f 476//476 1352//1351 1353//1352
f 1354//1353 1355//1354 1356//1355
f 1357//1356 1354//1353 1356//1355
f 1188//1187 1358//1357 1359//1358
f 280//280 1360//1359 1361//1360
f 1362//1361 1363//1362 1364//1363
f 1362//1361 1364//1363 1365//1364
f 844//844 1366//1365 1367//1366
f 844//844 1367//1366 1368//1367
f 1369//1368 812//812 814//814
f 103//103 1370//1369 718//718
f 103//103 718//718 1371//1370
f 770//770 1372//1371 1373//1372
f 150//150 1374//1373 151//151
f 1375//1374 1376//1375 683//683
f 766//766 1377//1376 1378//1377
f 1379//1378 1380//1379 1381//1380
f 1382//1381 1383//1382 1384//1383
f 1385//1384 876//876 1386//1385
f 1387//1386 788//788 1388//1387
f 1389//1388 1390//1389 1391//1390
f 1392//1391 1389//1388 1391//1390
f 1393//1392 1394//1393 411//411
f 1395//1394 1396//1395 1397//1396
f 1398//1397 1399//1398 1400//1399
f 1401//1400 1402//1401 1403//1402
f 1404//1403 572//572 574//574
f 746//746 745//745 1405//1404
f 1406//1405 1407//1406 1408//1407
f 1409//1408 1410//1409 1411//1410
f 1412//1411 1413//1412 1414//1413
f 1415//1414 1416//1415 1417//1416
f 1418//1417 556//556 558//558
f 1419//1418 1420//1419 1421//1420
f 1422//1421 1423//1422 1424//1423
f 785//785 1422//1421 1424//1423
f 1425//1424 1426//1425 144//144
f 714//714 1148//1147 715//715
f 1427//1426 781//781 1428//1427
f 1427//1426 1428//1427 18//18
f 45//45 1429//1428 1430//1429
f 1431//1430 1432//1431 1433//1432
f 1434//1433 1435//1434 1436//1435
f 177//177 1437//1436 1438//1437
f 959//959 958//958 1439//1438
f 959//959 1439//1438 1440//1439
f 1441//1440 1442//1441 1443//1442
f 1444//1443 1441//1440 1443//1442
f 648//648 838//838 840//840
f 856//856 332//332 1445//1444
f 1446//1445 1447//1446 1448//1447
f 1449//1448 1450//1449 1451//1450
f 1452//1451 1453//1452 1454//1453
f 1297//1296 1455//1454 1456//1455
f 1297//1296 1456//1455 164//164
f 1457//1456 1458//1457 1459//1458
f 1460//1459 1461//1460 1462//1461
f 1463//1462 1464//1463 731//731
f 1465//1464 1466//1465 1467//1466
f 1468//1467 1469//1468 1470//1469
f 1471//1470 1472//1471 1473//1472
f 1474//1473 1471//1470 1473//1472
f 1043//1043 906//906 908//908
f 1043//1043 908//908 1475//1474
f 1476//1475 1477//1476 1478//1477
f 1479//1478 1480//1479 1481//1480
f 1482//1481 557//557 1483//1482
f 1484//1483 1485//1484 924//924
f 1486//1485 1042//1042 1043//1043
f 1487//1486 1488//1487 1489//1488
f 1490//1489 1487//1486 1489//1488
f 372//372 1491//1490 1492//1491
f 1493//1492 1494//1493 1495//1494
f 1496//1495 1497//1496 1498//1497
f 1496//1495 1498//1497 1499//1498
f 1500//1499 1501//1500 1502//1501
f 1171//1170 1503//1502 1504//1503
f 1171//1170 1504//1503 424//424
f 896//896 1505//1504 1506//1505
f 1507//1506 1508//1507 1509//1508
f 1510//1509 1511//1510 1512//1511
f 1513//1512 1514//1513 1515//1514
f 380//380 1516//1515 1517//1516
f 262//262 261//261 1518//1517
f 262//262 1518//1517 1519//1518
f 1520//1519 1521//1520 1522//1521
f 191//191 1523//1522 1524//1523
f 1525//1524 1526//1525 1527//1526
f 1355//1354 1528//1527 1529//1528
f 1530//1529 1531//1530 1532//1531
f 189//189 1476//1475 187//187
f 1533//1532 1116//1115 539//539
f 538//538 1533//1532 539//539
f 1534//1533 42//42 1535//1534
f 1536//1535 1537//1536 1538//1537
f 1539//1538 1540//1539 385//385
f 1541//1540 1542//1541 1543//1542
f 1541//1540 1543//1542 1544//1543
f 142//142 1545//1544 143//143
f 977//977 1546//1545 393//393
f 1547//1546 1548//1547 1549//1548
f 1550//1549 1551//1550 1552//1551
f 1553//1552 1554//1553 1555//1554
f 1556//1555 1557//1556 1558//1557
f 1559//1558 1560//1559 1098//1097
f 1559//1558 1098//1097 1561//1560
f 759//759 1052//1052 760//760
f 1562//1561 1563//1562 1564//1563
f 1565//1564 1566//1565 1567//1566
f 581//581 1568//1567 1419//1418
f 1569//1568 1570//1569 1571//1570
f 1572//1571 15//15 1573//1572
f 1574//1573 1575//1574 1576//1575
f 1577//1576 1578//1577 1538//1537
f 1577//1576 1538//1537 1579//1578
f 1580//1579 1581//1580 1582//1581
f 1583//1582 1584//1583 1585//1584
f 1586//1585 1587//1586 1588//1587
f 1589//1588 1032//1032 1590//1589
f 1591//1590 1592//1591 1593//1592
f 1594//1593 1591//1590 1593//1592
f 1294//1293 1595//1594 1292//1291
f 59//59 1596//1595 1597//1596
f 1598//1597 1599//1598 1600//1599
f 1601//1600 1602//1601 1603//1602
f 1604//1603 1605//1604 1606//1605
f 1286//1285 1288//1287 1607//1606
f 1608//1607 1286//1285 1607//1606
f 1609//1608 1610//1609 1611//1610
f 1612//1611 1613//1612 1614//1613
f 1612//1611 1614//1613 1615//1614
f 1616//1615 1617//1616 852//852
f 1618//1617 1619//1618 1620//1619
f 104//104 1621//1620 1622//1621
f 1623//1622 104//104 1622//1621
f 1624//1623 1625//1624 180//180
f 1626//1625 1627//1626 1628//1627
f 1629//1628 1630//1629 1631//1630
f 1632//1631 1633//1632 1634//1633
f 8//8 1635//1634 6//6
f 1636//1635 1637//1636 1638//1637
f 1639//1638 1640//1639 1641//1640
f 1642//1641 1643//1642 1644//1643
f 1645//1644 1646//1645 1647//1646
f 1648//1647 1649//1648 1650//1649
f 1651//1650 1652//1651 1653//1652
f 999//999 1654//1653 1000//1000
f 237//237 1415//1414 1655//1654
f 1656//1655 1091//1090 1657//1656
f 1656//1655 1657//1656 1658//1657
f 1659//1658 1660//1659 1661//1660
f 1659//1658 1661//1660 1662//1661
f 1663//1662 1664//1663 387//387
f 1665//1664 1666//1665 1667//1666
f 1668//1667 1669//1668 1670//1669
f 1671//1670 1377//1376 1672//1671
f 1673//1672 1674//1673 1376//1375
f 1675//1674 1673//1672 1376//1375
f 318//318 1676//1675 1677//1676
f 316//316 318//318 1677//1676
f 1678//1677 1679//1678 1680//1679
f 1681//1680 1682//1681 711//711
f 1683//1682 1684//1683 1685//1684
f 719//719 419//419 720//720
f 1686//1685 1687//1686 1688//1687
f 1689//1688 1690//1689 699//699
f 1691//1690 1692//1691 988//988
f 1693//1692 1694//1693 1695//1694
f 1693//1692 1695//1694 1056//1056
f 1633//1632 1696//1695 1697//1696
f 1094//1093 1698//1697 1699//1698
f 1700//1699 1701//1700 1702//1701
f 1703//1702 1704//1703 1705//1704
f 1706//1705 1707//1706 296//296
f 1708//1707 1709//1708 1533//1532
f 1710//1709 1711//1710 1712//1711
f 1713//1712 1714//1713 1715//1714
f 1223//1222 808//808 1221//1220
f 1716//1715 1380//1379 1717//1716
f 1718//1717 1719//1718 1487//1486
f 1720//1719 1718//1717 1487//1486
f 1721//1720 1432//1431 1431//1430
f 1722//1721 1723//1722 1724//1723
f 1725//1724 1536//1535 1578//1577
f 1726//1725 1725//1724 1578//1577
f 763//763 1727//1726 764//764
f 1728//1727 1729//1728 951//951
f 1730//1729 1731//1730 1732//1731
f 1730//1729 1732//1731 1733//1732
f 1734//1733 1735//1734 1318//1317
f 551//551 1736//1735 1737//1736
f 1738//1737 1739//1738 1740//1739
f 1741//1740 1349//1348 1742//1741
f 1743//1742 1744//1743 893//893
f 1745//1744 1746//1745 1747//1746
f 1382//1381 1384//1383 1748//1747
f 1749//1748 1750//1749 1751//1750
f 1752//1751 1753//1752 363//363
f 1754//1753 1755//1754 1756//1755
f 1530//1529 605//605 1531//1530
f 523//523 522//522 1757//1756
f 92//92 1758//1757 1759//1758
f 1760//1759 1761//1760 1695//1694
f 1694//1693 1760//1759 1695//1694
f 1762//1761 1763//1762 1764//1763
f 1765//1764 1766//1765 1767//1766
f 1768//1767 1769//1768 1281//1280
f 608//608 1309//1308 1311//1310
f 1770//1769 1771//1770 1772//1771
f 1773//1772 1774//1773 1775//1774
f 1776//1775 316//316 1677//1676
f 1777//1776 1778//1777 1779//1778
f 1464//1463 1780//1779 1781//1780
f 1782//1781 1464//1463 1781//1780
f 1512//1511 1783//1782 1784//1783
f 610//610 407//407 1785//1784
f 1786//1785 327//327 1787//1786
f 1788//1787 1789//1788 1790//1789
f 1788//1787 1790//1789 1791//1790
f 1792//1791 1793//1792 1710//1709
f 1108//1107 1107//1106 1794//1793
f 1795//1794 1796//1795 1797//1796
f 1798//1797 1799//1798 1800//1799
f 1801//1800 1802//1801 1803//1802
f 668//668 1804//1803 1805//1804
f 694//694 1404//1403 1806//1805
f 839//839 1139//1138 1190//1189
f 1209//1208 1208//1207 1807//1806
f 1808//1807 1809//1808 1810//1809
f 1811//1810 1812//1811 942//942
f 427//427 1813//1812 428//428
f 1814//1813 1815//1814 1816//1815
f 1817//1816 1818//1817 1819//1818
f 1820//1819 1821//1820 1224//1223
f 1542//1541 1745//1744 1543//1542
f 1822//1821 1823//1822 1824//1823
f 1825//1824 1822//1821 1824//1823
f 1826//1825 1827//1826 1828//1827
f 1826//1825 1828//1827 989//989
f 1829//1828 1830//1829 1429//1428
f 1831//1830 1829//1828 1429//1428
f 1832//1831 1233//1232 1833//1832
f 85//85 1834//1833 435//435
f 1835//1834 1836//1835 1837//1836
f 1032//1032 1589//1588 1033//1033
f 1838//1837 1512//1511 1839//1838
f 1840//1839 1841//1840 1842//1841
f 1280//1279 1279//1278 1843//1842
f 1101//1100 1797//1796 1102//1101
f 1844//1843 1845//1844 1846//1845
f 1306//1305 1308//1307 1847//1846
f 1038//1038 1306//1305 1847//1846
f 1848//1847 1574//1573 1849//1848
f 1850//1849 832//832 1851//1850
f 1852//1851 1853//1852 437//437
f 1854//1853 1855//1854 1856//1855
f 457//457 1857//1856 458//458
f 1858//1857 1859//1858 1860//1859
f 1446//1445 1861//1860 1862//1861
f 1863//1862 1864//1863 1865//1864
f 705//705 1866//1865 1867//1866
f 1868//1867 1869//1868 1870//1869
f 1868//1867 1870//1869 1871//1870
f 1496//1495 1872//1871 1497//1496
f 126//126 286//286 1037//1037
f 1873//1872 1874//1873 931//931
f 1875//1874 1876//1875 1877//1876
f 1878//1877 1879//1878 1880//1879
f 1881//1880 1878//1877 1880//1879
f 1882//1881 1883//1882 1884//1883
f 1885//1884 436//436 1886//1885
f 1312//1311 1887//1886 1280//1279
f 653//653 654//654 1888//1887
f 1889//1888 1890//1889 1287//1286
f 1891//1890 1317//1316 1892//1891
f 1893//1892 1894//1893 1895//1894
f 1893//1892 1895//1894 513//513
f 1896//1895 1897//1896 1428//1427
f 774//774 1898//1897 775//775
f 774//774 775//775 1769//1768
f 1899//1898 1900//1899 1901//1900
f 1902//1901 1903//1902 1904//1903
f 1905//1904 800//800 802//802
f 1906//1905 1705//1704 743//743
f 1907//1906 1908//1907 1909//1908
f 1910//1909 1911//1910 1001//1001
f 1000//1000 1910//1909 1001//1001
f 1912//1911 1799//1798 1081//1081
f 424//424 1504//1503 1913//1912
f 1914//1913 1915//1914 1916//1915
f 1917//1916 1686//1685 1918//1917
f 1919//1918 73//73 1920//1919
f 1921//1920 1922//1921 1923//1922
f 1924//1923 1921//1920 1923//1922
f 1925//1924 529//529 1926//1925
f 1927//1926 1928//1927 1929//1928
f 1930//1929 1931//1930 1932//1931
f 1753//1752 1933//1932 363//363
f 1934//1933 1935//1934 1936//1935
f 1937//1936 1938//1937 1939//1938
f 1915//1914 1940//1939 1941//1940
f 1942//1941 1943//1942 1944//1943
f 1945//1944 1946//1945 1431//1430
f 1947//1946 1948//1947 1949//1948
f 1842//1841 1950//1949 1951//1950
f 1952//1951 1150//1149 483//483
f 556//556 1953//1952 557//557
f 1954//1953 1955//1954 1956//1955
f 1546//1545 1537//1536 778//778
f 1957//1956 1918//1917 1680//1679
f 1642//1641 1281//1280 777//777
f 1958//1957 756//756 758//758
f 944//944 943//943 1959//1958
f 1960//1959 1713//1712 1715//1714
f 20//20 1961//1960 1962//1961
f 1963//1962 158//158 157//157
f 1964//1963 1965//1964 1966//1965
f 1539//1538 1967//1966 1968//1967
f 1969//1968 1970//1969 1971//1970
f 1972//1971 926//926 1973//1972
f 1929//1928 1974//1973 1975//1974
f 1976//1975 1977//1976 1978//1977
f 1979//1978 1980//1979 245//245
f 1981//1980 1982//1981 1983//1982
f 40//40 896//896 1506//1505
f 1984//1983 40//40 1506//1505
f 1446//1445 1448//1447 828//828
f 1097//1096 1985//1984 1986//1985
f 1987//1986 1097//1096 1986//1985
f 1988//1987 1989//1988 1990//1989
f 1991//1990 1992//1991 1170//1169
f 1993//1992 1515//1514 1514//1513
f 1994//1993 1995//1994 1996//1995
f 1877//1876 1876//1875 1997//1996
f 1877//1876 1997//1996 1998//1997
f 1999//1998 2000//1999 2001//2000
f 102//102 289//289 103//103
f 2002//2001 2003//2002 1347//1346
f 1337//1336 2004//2003 2005//2004
f 2006//2005 1337//1336 2005//2004
f 334//334 1363//1362 2007//2006
f 2008//2007 2009//2008 2010//2009
f 1563//1562 1133//1132 1564//1563
f 1776//1775 1677//1676 2011//2010
f 2012//2011 2013//2012 2014//2013
f 2015//2014 2016//2015 2017//2016
f 2018//2017 2015//2014 2017//2016
f 2019//2018 1737//1736 2020//2019
f 2021//2020 2022//2021 2023//2022
f 1477//1476 2024//2023 2025//2024
f 2026//2025 2027//2026 2028//2027
f 1465//1464 2029//2028 1466//1465
f 2030//2029 1432//1431 1721//1720
f 353//353 2031//2030 354//354
f 1456//1455 2032//2031 2033//2032
f 2034//2033 2035//2034 2036//2035
f 1561//1560 1098//1097 2037//2036
f 2038//2037 2039//2038 2040//2039
f 778//778 2041//2040 779//779
f 296//296 1707//1706 2042//2041
f 200//200 2043//2042 201//201
f 950//950 742//742 1728//1727
f 2044//2043 2045//2044 2046//2045
f 742//742 744//744 1728//1727
f 1752//1751 363//363 365//365
f 1752//1751 365//365 2047//2046
f 2048//2047 2049//2048 661//661
f 265//265 2048//2047 661//661
f 2050//2049 1009//1009 2051//2050
f 2052//2051 2053//2052 489//489
f 2054//2053 1959//1958 2055//2054
f 2056//2055 2057//2056 2058//2057
f 2059//2058 1961//1960 2060//2059
f 2059//2058 2060//2059 2061//2060
f 2062//2061 569//569 2063//2062
f 2064//2063 2065//2064 2066//2065
f 2064//2063 2066//2065 2067//2066
f 1611//1610 1610//1609 2068//2067
f 2069//2068 297//297 2070//2069
f 341//341 2071//2070 2072//2071
f 2073//2072 1436//1435 2074//2073
f 1874//1873 932//932 931//931
f 1620//1619 1619//1618 2075//2074
f 2076//2075 2077//2076 2078//2077
f 2079//2078 2080//2079 2081//2080
f 425//425 2079//2078 2081//2080
f 528//528 2082//219 2083//2081
f 2084//2082 2085//2083 2086//2084
f 2087//2085 2088//2086 2089//2087
f 2014//2013 2090//2088 2091//2089
f 2014//2013 2091//2089 2092//2090
f 2093//2091 2094//2092 2095//2093
f 2093//2091 2095//2093 371//371
f 868//868 276//276 278//278
f 2096//2094 2097//2095 2098//2096
f 2099//2097 2100//2098 537//537
f 1130//1129 2101//2099 2102//2100
f 2103//2101 2104//2102 206//206
f 2105//2103 2106//2104 2107//2105
f 2108//2106 2109//2107 2110//2108
f 159//159 158//158 2111//2109
f 159//159 2111//2109 2112//2110
f 2113//2111 2114//2112 2115//2113
f 2116//2114 2117//2115 2118//2116
f 2119//2117 2120//2118 1548//1547
f 1421//1420 2121//2119 2122//2120
f 2123//2121 2124//2122 300//300
f 2125//2123 2126//2124 2127//2125
f 2128//2126 2129//2127 2130//2128
f 2131//2129 2132//2130 2133//2131
f 1159//1158 2131//2129 2133//2131
f 2134//2132 1716//1715 1995//1994
f 2135//2133 2136//2134 2137//2135
f 1069//1069 2099//2097 1070//1070
f 2138//2136 2139//2137 154//154
f 2140//2138 631//631 630//630
f 2141//2139 2140//2138 630//630
f 846//846 2142//2140 2143//2141
f 2144//2142 2145//2143 1137//1136
f 2146//2144 2147//2145 2148//2146
f 498//498 343//343 2149//2147
f 867//867 2150//2148 450//450
f 449//449 867//867 450//450
f 2151//2149 2152//2150 1894//1893
f 2153//2151 2154//2152 1917//1916
f 1700//1699 2155//2153 2156//2154
f 2157//2155 2158//2156 2159//2157
f 2160//2158 1164//1163 1067//1067
f 2161//2159 561//561 2162//2160
f 2161//2159 2162//2160 2163//2161
f 242//242 2164//2162 2165//2163
f 2166//2164 2167//2165 2168//2166
f 2169//2167 325//325 2170//2168
f 2171//2169 173//173 2172//2170
f 2173//2171 2174//2172 2175//2173
f 2176//2174 1183//1182 2177//2175
f 2178//2176 2176//2174 2177//2175
f 1464//1463 1463//1462 1780//1779
f 2179//2177 2180//2178 2181//2179
f 2026//2025 2028//2027 2182//2180
f 2183//2181 2184//2182 1651//1650
f 2185//2183 2186//2184 2187//2185
f 1704//1703 2188//2186 2035//2034
f 1812//1811 468//468 942//942
f 2189//2187 980//980 2185//2183
f 1550//1549 2190//2188 1551//1550
f 2191//2189 616//616 2192//2190
f 2193//2191 231//231 2194//2192
f 2193//2191 2194//2192 2195//2193
f 2196//2194 2197//2195 2198//2196
f 243//243 242//242 254//254
f 256//256 255//255 585//585
f 2199//2197 2200//2198 547//547
f 1431//1430 1433//1432 2201//2199
f 2202//412 2203//2200 451//451
f 830//830 2204//2201 1809//1808
f 2205//2202 93//93 95//95
f 2206//2203 1567//1566 2207//2204
f 2096//2094 2208//2205 2209//2206
f 2210//2207 2211//2208 2212//2209
f 2213//2210 2214//2211 1255//1254
f 1254//1253 2213//2210 1255//1254
f 2215//2212 2216//2213 2217//2214
f 2218//2215 2219//2216 2220//2217
f 2209//2206 2221//2218 2222//2219
f 480//480 479//479 2148//2146
f 2223//2220 2224//2221 2225//2222
f 2015//2014 2156//2154 2226//2223
f 2227//2224 2228//2225 731//731
f 1262//1261 2178//2176 2229//2226
f 1262//1261 2229//2226 2230//2227
f 2231//2228 659//659 658//658
f 1273//1272 2231//2228 658//658
f 2232//2229 1745//1744 1747//1746
f 866//866 2150//2148 867//867
f 177//177 2233//2230 1437//1436
f 2106//2104 2234//2231 2235//2232
f 2106//2104 2235//2232 2236//2233
f 2237//2234 2238//2235 2239//2236
f 2240//2237 2241//2238 2242//2239
f 2243//2240 2244//2241 2245//2242
f 428//428 2246//2243 2247//2244
f 2248//2245 2249//2246 1905//1904
f 2250//2247 2251//2248 2252//2249
f 2253//2250 207//207 2254//2251
f 2255//2252 2256//2253 2257//2254
f 657//657 656//656 1766//1765
f 1364//1363 2258//2255 1530//1529
f 370//370 2259//2256 2260//2257
f 2261//2258 2262//2259 2263//2260
f 2261//2258 2263//2260 2264//2261
f 2265//2262 1671//1670 2266//2263
f 2267//2264 2268//2265 2269//2266
f 2270//2267 2271//2268 2272//2269
f 185//185 474//474 2273//2270
f 2274//2271 55//55 437//437
f 2275//2272 2276//2273 1491//1490
f 2160//2158 2277//2274 1164//1163
f 2278//2275 1280//1279 1843//1842
f 631//631 2279//2276 2280//2277
f 2281//2278 1271//1270 1273//1272
f 2282//2279 2283//2280 2284//2281
f 2285//2282 2286//2283 2287//2284
f 2288//2285 594//594 2289//2286
f 2290//2287 2291//2288 1450//1449
f 2292//2289 2293//2290 2294//2291
f 1389//1388 2295//2292 1390//1389
f 2296//2293 729//729 279//279
f 2198//2196 2297//2294 2196//2194
f 1139//1138 2298//2295 2299//2296
f 2300//2297 1261//1260 2301//2298
f 940//940 2300//2297 2301//2298
f 2090//2088 2302//2299 2303//2300
f 2304//2301 1525//1524 612//612
f 2305//2302 105//105 2306//2303
f 1880//1879 2307//2304 2308//2305
f 2309//2306 2310//2307 2311//2308
f 2312//2309 2313//2310 725//725
f 2314//2311 2315//2312 2316//2313
f 2317//2314 1200//1199 1202//1201
f 1108//1107 2318//2315 2319//2316
f 2320//2317 2321//2318 2322//2319
f 1837//1836 2323//2320 2324//2321
f 2325//2322 2326//2323 2327//2324
f 220//220 2328//2325 641//641
f 2329//2326 1324//1323 2330//2327
f 2331//2328 2332//2329 2333//2330
f 751//751 753//753 2334//2331
f 2335//2332 2336//2333 1111//1110
f 2335//2332 1111//1110 1110//1109
f 2337//2334 2338//2335 2339//2336
f 2340//2337 2341//2338 2342//2339
f 225//225 224//224 273//273
f 225//225 273//273 272//272
f 2343//2340 2344//2341 2345//2342
f 1107//1106 2139//2137 2138//2136
f 1658//1657 841//841 2184//2182
f 997//997 2346//2343 2347//2344
f 2348//2345 2349//2346 2350//2347
f 82//82 2351//2348 2352//2349
f 80//80 82//82 2352//2349
f 2353//2350 2354//2351 1915//1914
f 1914//1913 2353//2350 1915//1914
f 2355//2352 2356//2353 2357//2354
f 1860//1859 2290//2287 1449//1448
f 2358//2355 2359//2356 950//950
f 2360//2357 994//994 2332//2329
f 1016//1016 201//201 2361//2358
f 2362//2359 1016//1016 2361//2358
f 1765//1764 1767//1766 419//419
f 2363//2360 2364//2361 1230//1229
f 2365//2362 2366//2363 1744//1743
f 2367//2364 2368//2365 2369//2366
f 2370//2367 2371//2368 2372//2369
f 2373//2370 2374//2371 2375//2372
f 441//441 2373//2370 2375//2372
f 329//329 2376//2373 789//789
f 1756//1755 2377//2374 2022//2021
f 2378//2375 2044//2043 1494//1493
f 1554//1553 2379//2376 2380//2377
f 2381//2378 2382//2379 2383//2380
f 2384//2381 2385//2382 2386//2383
f 2081//2080 2387//2384 2388//2385
f 974//974 2389//2386 2390//2387
f 2391//2388 974//974 2390//2387
f 2392//2389 2393//2390 208//208
f 1472//1471 2394//2391 2395//2392
f 2396//2393 2397//2394 2398//2395
f 2399//2396 1508//1507 1507//1506
f 2400//2397 2401//2398 1405//1404
f 2402//2399 2403//2400 2404//2401
f 2405//2402 1909//1908 2406//2403
f 2407//2404 1267//1266 2408//2405
f 2409//2406 2410//2407 2196//2194
f 2411//2408 2412//2409 2413//2410
f 1106//1105 1816//1815 2414//2411
f 2415//2412 2416//2413 2417//2414
f 2254//2251 2418//2415 1989//1988
f 289//289 717//717 103//103
f 202//202 204//204 568//568
f 2419//2416 2420//2417 2421//2418
f 2422//2419 2419//2416 2421//2418
f 2150//2148 866//866 1724//1723
f 2200//2198 2423//2420 2424//2421
f 2425//2422 2174//2172 2173//2171
f 501//501 500//500 2426//2423
f 2427//2424 434//434 509//509
f 371//371 2095//2093 372//372
f 2428//2425 2429//2426 2430//2427
f 1794//1793 2138//2136 2250//2247
f 2431//2428 1794//1793 2250//2247
f 141//141 2172//2170 2432//2429
f 1188//1187 2400//2397 1189//1188
f 2433//2430 2434//2431 2435//2432
f 2436//2433 2437//2434 2438//2435
f 1839//1838 1784//1783 2439//2436
f 1297//1296 2440//2437 1455//1454
f 2355//2352 2357//2354 1778//1777
f 2441//2438 1368//1367 772//772
f 1275//1274 1382//1381 2442//2439
f 2443//2440 1884//1883 2444//2441
f 2445//2442 2446//2443 2447//2444
f 2448//2445 2445//2442 2447//2444
f 2449//2446 2450//2447 2451//2448
f 2452//2395 2453//2449 1947//1946
f 2291//2288 2454//2450 2455//2451
f 1456//1455 2033//2032 405//405
f 2456//2452 2457//2453 2458//2454
f 2459//2455 1773//1772 2460//2456
f 2461//2457 2331//2328 2462//2458
f 2463//2459 1141//1140 2464//2460
f 2465//2461 2466//2462 2467//2463
f 169//169 714//714 713//713
f 2468//2464 1237//1236 1649//1648
f 2469//2465 2470//2466 2471//2467
f 2472//2468 2473//2469 2474//2470
f 2475//2471 506//506 505//505
f 2476//2472 2477//2473 997//997
f 2478//2474 2479//2475 1279//1278
f 2480//2476 907//907 9//9
f 2480//2476 9//9 2481//2477
f 1739//1738 131//131 2482//2478
f 921//921 923//923 2483//2479
f 313//313 2484//2480 314//314
f 2485//2481 2486//2482 2430//2427
f 2487//2483 733//733 2488//2484
f 1023//1023 2487//2483 2488//2484
f 2489//2485 2490//2486 2491//2487
f 2492//2488 2493//2489 2236//2233
f 2494//2490 2492//2488 2236//2233
f 2145//2143 181//181 2495//2491
f 1134//1133 2145//2143 2495//2491
f 38//38 40//40 1984//1983
f 48//48 50//50 2322//2319
f 332//332 334//334 2496//2492
f 2497//2493 2498//2494 2499//2495
f 343//343 342//342 1814//1813
f 2500//2496 2069//2068 2501//2497
f 1901//1900 2149//2147 2295//2292
f 2502//2498 2503//2499 2504//2500
f 642//642 1713//1712 1960//1959
f 2505//2501 2506//2502 2507//2503
f 2321//2318 2508//2504 2509//2505
f 2510//2506 106//106 105//105
f 2511//2507 2512//2508 2513//2509
f 1399//1398 2514//2510 2017//2016
f 2016//2015 1399//1398 2017//2016
f 1503//1502 2515//2511 2516//2512
f 2517//2513 2518//2514 2519//2515
f 2444//2441 2520//2516 2521//2517
f 969//969 615//615 2522//2518
f 2523//2519 2524//2520 2525//2521
f 2320//2317 1356//1355 2321//2318
f 2526//2522 2527//2523 2528//2524
f 2529//2525 2530//2526 2531//2527
f 1764//1763 2529//2525 2531//2527
f 2532//2528 2533//2529 595//595
f 2534//2530 2535//2531 147//147
f 2534//2530 147//147 149//149
f 2345//2342 2536//2532 2537//2533
f 2538//2534 2020//2019 2539//2535
f 1702//1701 2540//2536 2541//2537
f 186//186 2273//2270 2542//2538
f 2543//2539 2544//2540 1138//1137
f 643//643 1960//1959 2545//2541
f 2546//2542 2547//2543 1032//1032
f 2548//2544 575//575 2549//2545
f 2550//2546 1103//1102 2551//2547
f 2299//2296 2552//2548 1844//1843
f 2553//2549 2554//2550 525//525
f 2555//2551 2556//2552 2557//2553
f 2392//2389 208//208 2558//2554
f 2199//2197 2559//2555 2560//2556
f 434//434 433//433 2561//2557
f 2562//2558 2563//2559 2564//2560
f 2565//2561 1805//1804 194//194
f 2566//2562 2567//2563 2568//2564
f 1845//1844 548//548 2569//2565
f 2268//2265 2570//2566 2571//2567
f 2572//2568 263//263 401//401
f 914//914 2573//2569 2574//2570
f 1780//1779 2575//2571 2576//2572
f 2577//2573 2578//2574 2579//2575
f 2580//2576 2581//2577 2582//2578
f 2583//2579 310//310 309//309
f 2584//2580 2585//2581 2586//2582
f 478//478 2587//2583 313//313
f 479//479 478//478 313//313
f 2588//2584 2589//2585 2590//2586
f 2190//2188 2591//2587 1551//1550
f 31//31 1260//1259 2592//2588
f 33//33 31//31 2592//2588
f 1950//1949 2593//2589 2594//2590
f 2595//2591 750//750 2596//2592
f 2597//2593 2584//2580 2598//2594
f 368//368 1124//1123 1954//1953
f 532//532 2599//2595 2003//2002
f 2600//2596 1369//1368 814//814
f 2601//2597 1300//1299 1303//1302
f 2601//2597 1303//1302 2602//2598
f 2264//2261 2433//2430 2603//2599
f 2604//2600 2605//2601 2606//2602
f 2607//2603 2608//2604 2256//2253
f 2538//2534 2609//2605 2020//2019
f 2610//2606 2611//2607 2612//2608
f 2491//2487 1976//1975 2613//2609
f 2249//2246 2614//2610 765//765
f 2615//2611 2436//2433 2616//2612
f 2617//2613 2618//2614 2619//2615
f 1173//1172 1172//1171 2030//2029
f 2620//2616 1282//1281 1285//1284
f 2621//2617 2622//2618 2623//2619
f 2624//2620 2625//2621 2626//2622
f 2627//2623 2628//2624 1952//1951
f 1079//1079 2629//2625 1836//1835
f 2630//2626 1079//1079 1836//1835
f 558//558 557//557 2631//2627
f 564//564 563//563 1575//1574
f 1882//1881 1020//1020 2632//2628
f 209//209 2633//2629 2634//2630
f 209//209 2634//2630 2635//2631
f 58//58 2636//2632 2637//2633
f 2523//2519 58//58 2637//2633
f 903//903 139//139 2032//2031
f 2638//2634 1241//1240 1240//1239
f 2639//2635 2640//2636 2641//2637
f 2642//2638 2289//2286 2643//2639
f 2644//2640 2645//2641 2646//2642
f 1299//1298 1298//1297 2647//2643
f 2648//2644 1299//1298 2647//2643
f 2649//2645 2650//2646 360//360
f 2651//2647 889//889 891//891
f 2652//2648 2653//2649 2438//2435
f 2652//2648 2438//2435 2437//2434
f 1657//1656 841//841 1658//1657
f 2654//2650 2655//2651 1610//1609
f 2656//2652 193//193 2657//2653
f 237//237 236//236 1416//1415
f 237//237 1416//1415 1415//1414
f 2658//2654 149//149 2553//2549
f 2575//2571 1780//1779 506//506
f 2659//2655 1616//1615 2660//2656
f 1673//1672 2661//2657 2662//2658
f 1500//1499 2663//2659 2664//2660
f 2619//2615 2665//2661 1745//1744
f 1542//1541 2619//2615 1745//1744
f 628//628 2666//2662 2667//2663
f 432//432 1920//1919 2668//2664
f 432//432 2668//2664 433//433
f 2669//2665 2670//2666 1073//1073
f 2671//2667 2672//2668 2673//2669
f 2671//2667 2673//2669 2674//2670
f 2675//2671 2352//2349 2676//2672
f 2675//2671 2676//2672 2677//2673
f 1276//1275 1275//1274 1168//1167
f 2678//2674 1276//1275 1168//1167
f 2679//2675 283//283 2680//2676
f 2681//2677 968//968 2682//2678
f 2683//2679 2681//2677 2682//2678
f 1076//1076 2684//2680 2142//2140
f 2004//2003 119//119 2685//2681
f 2686//2682 2687//2683 1395//1394
f 2688//2684 797//797 787//787
f 2689//2685 2690//2686 2691//2687
f 1006//1006 321//321 2692//2688
f 1552//1551 2693//2689 2694//2690
f 905//905 2695//2691 190//190
f 1211//1210 1095//1094 2696//2692
f 2697//2693 2197//2195 2698//2694
f 521//521 520//520 2699//2695
f 643//643 642//642 1960//1959
f 2690//2686 438//438 789//789
f 2700//2696 308//308 1727//1726
f 2701//2697 2702//2698 2703//2699
f 2704//2700 2705//2701 2706//2702
f 2707//2703 2708//2704 1406//1405
f 1328//1327 331//331 2709//2705
f 401//401 403//403 1010//1010
f 2710//2706 401//401 1010//1010
f 2711//2707 2613//2609 2712//2708
f 2623//2619 2713//2709 2714//2710
f 2715//2711 2716//2712 2283//2280
f 2717//2713 938//938 1198//1197
f 605//605 2718//2714 606//606
f 1543//1542 1745//1744 2232//2229
f 695//695 697//697 2719//2715
f 2720//2716 2721//2717 2684//2680
f 2722//2718 2723//2719 2724//2720
f 2722//2718 2724//2720 2725//2721
f 1641//1640 2726//2722 920//920
f 540//540 2727//2723 2728//2724
f 2729//2725 2730//2726 1990//1989
f 360//360 2731//2727 361//361
f 2732//2728 2733//2729 2211//2208
f 2734//2730 66//66 2735//2731
f 2734//2730 2735//2731 2736//2732
f 2737//2733 2738//2734 61//61
f 87//87 709//709 88//88
f 2409//2406 2196//2194 2297//2294
f 2203//2200 2739//2735 2740//2736
f 2741//2737 2742//2738 2743//2739
f 2741//2737 2743//2739 2744//2740
f 2745//2741 2746//2742 2747//2743
f 2748//2744 517//517 516//516
f 809//809 900//900 2749//2745
f 121//121 2007//2006 2750//2746
f 2751//2747 2752//2748 317//317
f 2753//2749 136//136 135//135
f 2754//2750 408//408 75//75
f 2755//2751 576//576 1813//1812
f 1018//1018 1747//1746 1019//1019
f 372//372 1492//1491 2756//2752
f 2757//2753 2758//2754 2759//2755
f 1313//1312 2278//2275 2760//2756
f 2761//2757 2762//2758 2479//2475
f 2763//2759 2764//2760 2765//2761
f 341//341 2269//2266 2571//2567
f 1234//1233 2766//2762 1235//1234
f 1102//1101 2767//2763 2285//2282
f 2768//2764 2769//2765 1071//1071
f 2728//2724 2768//2764 1071//1071
f 2416//2413 2137//2135 2770//2766
f 1892//1891 2771//2767 2772//2768
f 2773//2769 2774//2770 2775//2771
f 331//331 2776//2772 2709//2705
f 1993//1992 2777//2773 2778//2774
f 2779//2775 1215//1214 2780//2776
f 2781//2777 2782//2778 2783//2779
f 2025//2024 2616//2612 2436//2433
f 33//33 2592//2588 2784//2780
f 2785//2781 2441//2438 772//772
f 1163//1162 1753//1752 1752//1751
f 1161//1160 1163//1162 1752//1751
f 2786//2782 1743//1742 1372//1371
f 2786//2782 1372//1371 770//770
f 2787//2783 1606//1605 2788//2784
f 2789//2785 2626//2622 2790//2786
f 2791//2787 836//836 2792//2788
f 492//492 494//494 2793//2789
f 2794//2790 2062//2061 2063//2062
f 782//782 781//781 1427//1426
f 2795//2791 2337//2334 2796//2792
f 2797//2793 270//270 269//269
f 788//788 787//787 2798//2794
f 2079//2078 234//234 233//233
f 2799//2795 2800//2796 2801//2797
f 2762//2758 2680//2676 283//283
f 430//430 2802//2798 2803//2799
f 2804//2800 2805//2801 693//693
f 1746//1745 2806//2802 1559//1558
f 2542//2538 1353//1352 635//635
f 94//94 2500//2496 2501//2497
f 155//155 2807//2803 2808//2804
f 1810//1809 2082//219 528//528
f 2809//2805 2810//2806 2811//2807
f 1132//1131 2812//2808 1133//1132
f 2174//2172 2813//2809 2814//2810
f 2815//2811 2816//2812 2817//2813
f 2426//2423 2818//2814 2819//2815
f 1366//1365 2820//2816 2821//2817
f 2822//2818 2823//2819 2824//2820
f 2825//2821 2826//2822 1351//1350
f 2827//2823 2828//2824 2584//2580
f 2132//2130 1851//1850 2829//2825
f 2132//2130 2829//2825 2830//2826
f 583//583 226//226 1049//1049
f 583//583 1049//1049 584//584
f 2831//2827 123//123 2832//2828
f 1870//1869 1015//1015 2833//2829
f 1870//1869 2833//2829 2834//2830
f 532//532 816//816 2835//2831
f 1362//1361 1365//1364 2836//2832
f 2837//2833 2838//2834 2839//2835
f 2840//2836 2841//2837 2842//2838
f 2266//2263 1671//1670 1672//1671
f 2843//2839 2844//2840 1654//1653
f 33//33 2845//2841 32//32
f 1945//1944 2846//2842 2847//2843
f 1804//1803 756//756 1958//1957
f 1413//1412 2848//2844 2849//2845
f 2850//2846 2851//2847 2852//2848
f 81//81 1532//1531 2853//2849
f 1259//1258 1258//1257 2434//2431
f 2854//2850 2855//2851 2856//2852
f 345//345 2736//2732 2857//2853
f 2858//2854 2859//2855 2860//2856
f 2861//2857 2858//2854 2860//2856
f 2862//2858 1665//1664 1667//1666
f 2824//2820 2823//2819 2863//2859
f 2864//2860 2865//2861 1791//1790
f 2866//2862 1115//1114 2867//2863
f 2868//2864 791//791 2869//2865
f 2870//2866 2871//2867 2872//2868
f 2873//2869 2874//2870 1762//1761
f 454//454 298//298 297//297
f 2875//2871 2876//2872 2877//2873
f 885//885 887//887 2878//2874
f 2879//2875 885//885 2878//2874
f 2880//2876 739//739 2881//2877
f 2882//2878 2883//2879 2884//2880
f 157//157 826//826 825//825
f 1262//1261 2885//2881 1601//1600
f 1262//1261 1601//1600 1263//1262
f 2886//2882 2887//2883 2167//2165
f 1717//1716 1380//1379 2888//2884
f 2637//2633 2889//2885 2890//2886
f 900//900 811//811 2891//2887
f 900//900 2891//2887 2892//2888
f 367//367 2893//2889 1082//1082
f 2894//2890 1939//1938 919//919
f 358//358 2895//2891 2896//2892
f 358//358 2896//2892 359//359
f 2897//2893 999//999 1324//1323
f 667//667 2466//2462 2465//2461
f 642//642 2898//2894 1484//1483
f 1308//1307 1307//1306 69//69
f 68//68 1308//1307 69//69
f 2899//2895 2868//2864 2900//2896
f 1637//1636 2899//2895 2900//2896
f 2901//2897 973//973 972//972
f 2382//2379 2902//2898 1126//1125
f 2508//2504 2903//2899 2904//2900
f 2508//2504 2904//2900 2509//2505
f 951//951 2905//2901 952//952
f 2906//2902 2907//2903 2908//2904
f 2909//2905 2910//2906 2911//2907
f 2912//2908 2913//2909 1359//1358
f 961//961 497//497 2914//2910
f 2259//2256 669//669 2565//2561
f 1613//1612 1195//1194 1614//1613
f 506//506 1780//1779 507//507
f 2210//2207 2915//2911 2211//2208
f 2659//2655 2660//2656 1290//1289
f 449//449 637//637 2916//2912
f 645//645 1936//1935 2917//2913
f 1305//1304 2918//2914 926//926
f 2919//2915 629//629 2920//2916
f 1436//1435 1435//1434 2921//2917
f 2922//2918 2923//2919 2924//2920
f 2925//2921 2926//2922 413//413
f 46//46 2927//2923 47//47
f 1225//1224 509//509 508//508
f 2695//2691 191//191 190//190
f 660//660 1012//1012 1426//1425
f 2928//2924 2929//2925 1770//1769
f 2078//2077 2930//2926 2931//2927
f 2932//2928 1535//1534 41//41
f 2932//2928 41//41 2933//2929
f 2934//2930 2935//2931 2936//2932
f 2937//2933 969//969 971//971
f 2938//2934 2939//2935 2940//2936
f 2941//2937 2942//2938 2943//2939
f 2944//2940 1905//1904 802//802
f 2682//2678 2945//2941 2946//2942
f 2947//2943 2682//2678 2946//2942
f 2948//2944 2949//2945 1393//1392
f 1066//1066 186//186 2542//2538
f 1066//1066 2542//2538 634//634
f 2950//2946 1425//1424 2951//2947
f 2952//2948 2953//2949 2954//2950
f 783//783 785//785 553//553
f 2955//2951 2956//2952 2957//2953
f 285//285 2958//2954 2959//2955
f 2960//2956 1437//1436 2233//2230
f 2062//2061 2961//2957 202//202
f 2062//2061 202//202 569//569
f 2235//2232 1481//1480 2962//2958
f 2235//2232 2962//2958 2963//2959
f 2964//2960 2965//2961 2966//2962
f 2694//2690 2693//2689 1660//1659
f 1615//1614 1614//1613 2967//2963
f 2968//2964 2969//2965 2970//2966
f 2971//2967 2968//2964 2970//2966
f 2972//2968 1802//1801 1801//1800
f 302//302 2973//2969 1334//1333
f 2209//2206 2974//2970 2097//2095
f 70//70 2468//2464 37//37
f 2975//2971 2976//2972 1401//1400
f 2977//2973 2978//2974 583//583
f 2979//2975 2168//2166 2980//2976
f 1091//1090 2981//2977 841//841
f 488//488 593//593 592//592
f 2982//2978 601//601 600//600
f 655//655 657//657 2983//2979
f 1436//1435 2921//2917 2074//2073
f 2984//2980 592//592 2288//2285
f 2985//2981 1758//1757 2008//2007
f 503//503 1080//1080 249//249
f 817//817 2972//2968 818//818
f 2986//2982 314//314 2987//2983
f 458//458 2988//2984 2989//2985
f 2655//2651 2932//2928 1610//1609
f 1668//1667 1670//1669 2990//2986
f 2991//2987 2649//2645 2992//2988
f 1121//1120 2993//2989 345//345
f 2994//2990 2995//2991 2996//2992
f 1128//1127 1130//1129 2997//2993
f 1679//1678 1678//1677 2998//2994
f 247//247 2999//2995 883//883
f 2608//2604 1387//1386 1388//1387
f 1984//1983 1506//1505 3000//2996
f 1984//1983 3000//2996 38//38
f 1408//1407 1407//1406 3001//2997
f 1408//1407 3001//2997 2887//2883
f 439//439 2776//2772 331//331
f 1079//1079 1078//1078 2629//2625
f 1590//1589 2547//2543 627//627
f 2328//2325 642//642 641//641
f 1404//1403 693//693 572//572
f 458//458 2989//2985 3002//2998
f 785//785 1424//1423 3003//2999
f 1850//1849 3004//3000 664//664
f 3005//3001 3006//3002 3007//3003
f 596//596 3005//3001 3007//3003
f 2977//2973 582//582 515//515
f 2446//2443 3008//3004 3009//3005
f 3010//3006 2446//2443 3009//3005
f 3011//3007 280//280 1361//1360
f 3012//3008 3013//3009 370//370
f 3012//3008 370//370 1707//1706
f 1641//1640 2965//2961 2726//2722
f 3014//3010 3015//3011 3016//3012
f 3017//3013 1556//1555 2852//2848
f 101//101 3018//3014 3019//3015
f 3020//3016 101//101 3019//3015
f 1182//1181 3021//3017 3022//3018
f 1183//1182 1182//1181 3022//3018
f 3023//3019 3024//3020 3025//3021
f 853//853 3026//3022 854//854
f 3027//3023 3028//3024 3029//3025
f 1004//1004 1473//1472 260//260
f 1027//1027 638//638 3030//3026
f 791//791 3031//3027 792//792
f 2179//2177 3032//3028 2180//2178
f 617//617 3033//3029 677//677
f 3034//3030 50//50 49//49
f 3035//3031 2775//2771 1827//1826
f 322//322 324//324 3036//3032
f 3037//3033 3038//3034 3039//3035
f 1656//1655 1658//1657 3040//3036
f 194//194 1805//1804 1804//1803
f 1485//1484 3041//3037 925//925
f 3042//3038 689//689 688//688
f 2490//2486 3043//3039 2491//2487
f 2735//2731 25//25 22//22
f 3044//3040 3045//3041 3046//3042
f 37//37 1648//1647 3047//3043
f 2397//2394 3048//3044 2398//2395
f 3049//3045 684//684 687//687
f 3050//3046 2830//2826 3051//3047
f 2138//2136 2251//2248 2250//2247
f 3052//3048 3053//3049 1599//1598
f 1477//1476 3054//3050 150//150
f 1478//1477 1477//1476 150//150
f 1511//1510 3055//3051 3056//3052
f 3057//3053 1532//1531 81//81
f 384//384 3058//3054 361//361
f 384//384 361//361 3059//3055
f 3060//3056 2539//2535 2020//2019
f 3061//3057 3062//3058 3063//3059
f 1574//1573 1576//1575 3064//3060
f 2909//2905 2911//2907 3065//3061
f 3066//3062 174//174 173//173
f 685//685 3067//3063 686//686
f 18//18 3068//3064 1427//1426
f 3069//3065 3070//3066 3071//3067
f 925//925 1305//1304 926//926
f 3072//3068 3073//3069 377//377
f 1433//1432 1432//1431 96//96
f 3074//3070 918//918 3075//3071
f 3076//3072 3074//3070 3075//3071
f 3077//3073 3078//3074 3079//3075
f 2066//2065 3077//3073 3079//3075
f 2400//2397 1188//1187 1359//1358
f 3080//3076 435//435 3081//3077
f 994//994 993//993 2627//2623
f 3052//3048 3082//3078 3083//3079
f 786//786 2688//2684 787//787
f 3084//3080 3085//3081 2915//2911
f 2804//2800 3086//3082 3087//3083
f 2804//2800 3087//3083 2805//2801
f 1329//1328 1328//1327 2709//2705
f 1849//1848 3088//3084 3089//3085
f 637//637 3090//3086 28//28
f 3091//3087 740//740 739//739
f 2652//2648 3092//3088 2653//2649
f 965//965 2839//2835 3093//3089
f 3094//3090 3095//3091 3096//3092
f 3097//3093 3098//3094 1363//1362
f 2023//2022 3099//3095 3100//3096
f 3101//3097 3102//3098 3103//3099
f 3104//3100 1125//1124 3105//3101
f 3106//3102 3107//3103 1864//1863
f 2614//2610 766//766 765//765
f 3108//3104 3109//3105 3110//3106
f 3108//3104 3110//3106 3111//3107
f 3112//3108 3113//3109 3114//3110
f 1575//1574 3115//3111 3116//3112
f 59//59 58//58 3117//3113
f 3118//3114 3119//3115 3120//3116
f 560//560 3118//3114 3120//3116
f 269//269 271//271 1690//1689
f 3121//3117 3122//3118 284//284
f 1887//1886 1278//1277 1280//1279
f 920//920 3123//3119 3124//3120
f 1353//1352 3125//3121 3126//3122
f 3127//3123 3128//3124 3129//3125
f 3130//3126 737//737 736//736
f 1411//1410 1410//1409 1962//1961
f 3131//3127 1947//1946 1949//1948
f 2153//2151 2120//2118 2154//2152
f 320//320 881//881 1734//1733
f 320//320 1734//1733 3132//3128
f 2541//2537 2621//2617 3133//3129
f 3134//3130 806//806 808//808
f 2513//2509 3135//3131 1322//1321
f 2022//2021 2021//2020 1756//1755
f 3136//3132 3137//3133 3138//3134
f 3139//3135 301//301 2124//2122
f 3140//3136 3141//3137 820//820
f 2143//2141 2015//2014 2018//2017
f 3142//3138 2143//2141 2018//2017
f 3014//3010 3143//3139 3123//3119
f 3144//3140 690//690 1586//1585
f 3145//3141 2754//2750 74//74
f 3146//3142 3147//3143 3148//3144
f 2831//2827 2832//2828 3149//3145
f 105//105 2982//2978 2306//2303
f 111//111 3150//3146 3151//3147
f 3152//3148 111//111 3151//3147
f 1678//1677 1688//1687 2998//2994
f 118//118 845//845 119//119
f 3153//3149 16//16 3154//3150
f 3153//3149 3154//3150 3155//3151
f 3156//3152 3157//3153 2490//2486
f 3156//3152 2490//2486 3158//3154
f 115//115 3159//3155 3160//3156
f 3161//3157 633//633 3162//3158
f 3161//3157 3162//3158 2300//2297
f 1719//1718 2299//2296 3163//3159
f 3164//3160 1937//1936 3165//3161
f 2321//2318 2509//2505 3166//3162
f 1614//1613 3167//3163 2967//2963
f 3168//3164 2848//2844 182//182
f 2474//2470 2473//2469 3169//3165
f 2932//2928 3170//3166 1535//1534
f 2458//2454 3171//3167 3172//3168
f 1413//1412 1652//1651 2848//2844
f 3173//3169 4//4 754//754
f 3174//3170 3175//3171 3176//3172
f 3174//3170 3176//3172 3177//3173
f 969//969 2522//2518 970//970
f 571//571 3178//3174 2796//2792
f 3179//3175 3180//3176 3181//3177
f 3182//3178 1458//1457 1457//1456
f 3005//3001 3051//3047 3183//3179
f 3005//3001 3183//3179 3006//3002
f 3184//3180 3185//3181 3186//3182
f 1516//1515 2702//2698 2701//2697
f 1517//1516 1516//1515 2701//2697
f 3187//3183 1647//1646 3188//3184
f 3189//3185 3190//3186 3191//3187
f 3192//3188 1579//1578 3193//3189
f 3192//3188 3193//3189 3194//3190
f 625//625 3195//3191 2787//2783
f 3196//3192 3197//3193 3198//3194
f 2272//2269 3199//3195 3200//3196
f 3201//3197 3202//3198 3203//3199
f 3204//3200 954//954 953//953
f 639//639 3204//3200 953//953
f 3205//3201 1246//1245 1245//1244
f 1817//1816 1819//1818 3206//3202
f 3207//3203 2631//2627 1482//1481
f 3208//3204 3209//3205 3210//3206
f 3208//3204 3210//3206 3211//3207
f 1457//1456 1185//1184 3212//3208
f 1568//1567 3213//3209 1420//1419
f 1419//1418 1568//1567 1420//1419
f 3214//3210 3215//3211 565//565
f 370//370 372//372 2259//2256
f 3216//3212 1119//1118 1505//1504
f 3217//3213 3218//3214 1425//1424
f 3219//3215 431//431 3220//3216
f 1699//1698 2337//2334 3221//3217
f 3222//3218 782//782 3223//3219
f 1606//1605 1605//1604 2580//2576
f 3224//3220 1344//1343 1345//1344
f 3225//3221 531//531 530//530
f 3226//3222 3227//3223 500//500
f 3092//3088 3228//3224 2653//2649
f 3229//3225 3230//3226 32//32
f 826//826 199//199 1016//1016
f 3231//3227 1515//1514 1993//1992
f 1852//1851 437//437 54//54
f 2685//2681 3232//3228 3233//3229
f 3234//3230 3235//3231 2204//2201
f 1148//1147 714//714 3236//3232
f 1148//1147 3236//3232 2286//2283
f 2808//2804 3237//3233 156//156
f 2935//2931 3238//3234 2936//2932
f 3175//3171 2348//2345 1268//1267
f 3239//3235 3240//3236 3241//3237
f 3242//3238 3243//3239 3145//3141
f 3244//3240 3242//3238 3145//3141
f 3051//3047 3245//3241 3246//3242
f 3247//3243 2618//2614 2617//2613
f 2231//2228 3248//3244 3249//3245
f 3213//3209 3250//3246 3251//3247
f 3252//3248 3253//3249 3254//3250
f 3037//3033 3255//3251 3038//3034
f 311//311 141//141 3256//3252
f 2142//2140 3257//3253 2143//2141
f 309//309 936//936 935//935
f 2126//2124 2528//2524 3258//3254
f 3259//3255 3260//3256 3261//3257
f 3262//3258 3263//3259 3264//3260
f 3265//3261 3266//3262 3267//3263
f 988//988 987//987 854//854
f 235//235 3268//3264 236//236
f 3269//3265 3270//3266 3271//3267
f 2662//2658 3269//3265 3271//3267
f 2973//2969 161//161 1335//1334
f 1334//1333 2973//2969 1335//1334
f 1487//1486 3272//3268 1488//1487
f 3273//3269 3274//3270 3275//3271
f 2321//2318 3276//3272 3277//3273
f 2321//2318 3277//3273 2508//2504
f 529//529 1902//1901 1904//1903
f 2841//2837 3278//3274 2842//2838
f 3279//3275 1907//1906 3280//3276
f 3281//3277 1163//1162 1162//1161
f 3282//3278 3283//3279 3284//3280
f 1533//1532 2489//2485 1116//1115
f 2164//2162 608//608 3285//3281
f 2164//2162 3285//3281 3286//3282
f 3287//3283 248//248 250//250
f 3288//3284 3287//3283 250//250
f 3289//3285 2378//2375 3290//3286
f 388//388 3291//3287 389//389
f 3292//3288 2387//2384 233//233
f 838//838 2543//2539 1138//1137
f 3028//3024 3194//3190 3029//3025
f 3293//3289 1336//1335 3294//3290
f 3295//3291 3293//3289 3294//3290
f 3136//3132 2847//2843 3137//3133
f 2868//2864 3031//3027 791//791
f 2503//2499 2502//2498 975//975
f 3007//3003 3006//3002 3183//3179
f 1123//1122 3296//3292 1063//1063
f 1062//1062 1123//1122 1063//1063
f 3297//3293 3298//3294 3299//3295
f 2299//2296 1844//1843 3300//3296
f 3163//3159 2299//2296 3300//3296
f 3301//3297 2486//2482 1496//1495
f 3301//3297 1496//1495 1499//1498
f 2940//2936 1668//1667 3302//3298
f 3259//3255 3261//3257 3303//3299
f 1631//1630 3259//3255 3303//3299
f 2096//2094 2098//2096 621//621
f 1065//1065 927//927 1062//1062
f 181//181 2882//2878 2495//2491
f 1504//1503 234//234 2079//2078
f 3304//3300 2001//2000 3305//3301
f 3306//3302 3307//3303 348//348
f 1862//1861 3308//3304 3108//3104
f 390//390 3309//3305 1231//1230
f 391//391 390//390 1231//1230
f 3310//3306 3311//3307 3312//3308
f 3313//3309 124//124 127//127
f 3314//3310 2343//2340 3315//3311
f 673//673 672//672 485//485
f 673//673 485//485 3316//3312
f 2748//2744 516//516 1795//1794
f 2324//2321 2323//2320 3317//3313
f 1765//1764 419//419 3318//3314
f 3319//3315 1238//1237 1237//1236
f 65//65 965//965 3093//3089
f 3320//3316 3321//3317 3322//3318
f 1789//1788 1343//1342 1175//1174
f 818//818 3323//3319 819//819
f 3176//3172 1172//1171 922//922
f 593//593 3324//3320 3325//3321
f 1224//1223 1821//1820 1225//1224
f 1824//1823 1823//1822 3326//3322
f 603//603 1052//1052 759//759
f 1815//1814 2355//2352 1778//1777
f 1164//1163 3327//3323 3328//3324
f 1164//1163 3328//3324 1165//1164
f 3329//3325 1854//1853 239//239
f 3330//3326 3331//3327 3332//3328
f 570//570 3333//3329 2795//2791
f 570//570 2795//2791 3178//3174
f 1681//1680 710//710 3334//3330
f 2642//2638 3335//3331 3336//3332
f 3337//3333 2642//2638 3336//3332
f 3338//3334 337//337 861//861
f 2956//2952 3339//3335 2687//2683
f 3340//3336 3341//3337 3342//3338
f 1216//1215 245//245 882//882
f 2871//2867 2399//2396 1507//1506
f 976//976 975//975 2518//2514
f 1418//1417 558//558 336//336
f 2065//2064 3343//3339 3344//3340
f 167//167 3345//3341 3346//3342
f 3287//3283 3347//3343 248//248
f 513//513 1895//1894 514//514
f 3184//3180 2985//2981 3185//3181
f 3348//3344 2460//2456 90//90
f 818//818 2972//2968 1801//1800
f 818//818 1801//1800 3323//3319
f 62//62 1892//1891 2772//2768
f 62//62 2772//2768 3349//3345
f 3350//3346 1240//1239 1242//1241
f 3017//3013 2852//2848 2851//2847
f 3028//3024 3192//3188 3194//3190
f 3351//3347 2609//2605 2538//2534
f 2689//2685 3352//3348 3353//3349
f 3354//3350 3355//3351 3244//3240
f 287//287 3356//3352 1306//1305
f 1939//1938 3357//3353 3160//3156
f 1939//1938 3160//3156 3358//3354
f 2188//2186 243//243 254//254
f 3359//3355 1401//1400 1403//1402
f 1929//1928 1847//1846 1974//1973
f 1737//1736 1736//1735 142//142
f 3360//3356 2583//2579 3361//3357
f 3362//3358 1911//1910 504//504
f 3362//3358 504//504 1278//1277
f 323//323 3363//3359 3364//3360
f 2378//2375 2045//2044 2044//2043
f 3365//3361 3366//3362 1967//1966
f 3367//3363 3368//3364 3369//3365
f 2168//2166 3367//3363 3369//3365
f 3370//3366 3371//3367 3372//3368
f 3370//3366 3372//3368 3373//3369
f 3026//3022 988//988 854//854
f 3374//3370 3375//3371 3376//3372
f 303//303 3377//3373 304//304
f 482//482 431//431 3219//3215
f 230//230 3378//3374 92//92
f 230//230 92//92 1759//1758
f 1693//1692 1056//1056 3379//3375
f 3372//3368 1693//1692 3379//3375
f 3380//3376 2464//2460 3381//3377
f 2346//2343 3382//3378 3383//3379
f 3384//3380 1675//1674 1375//1374
f 3385//3381 3386//3382 1232//1231
f 2477//2473 3387//3383 3382//3378
f 3388//3384 3389//3385 1190//1189
f 3388//3384 1190//1189 1720//1719
f 353//353 1964//1963 2031//2030
f 767//767 3390//3386 3391//3387
f 406//406 3392//3388 2923//2919
f 1968//1967 406//406 2923//2919
f 3393//3389 3394//3390 84//84
f 3395//3391 3396//3392 3397//3393
f 3398//3394 3399//3395 937//937
f 3400//3396 1075//1075 3401//3397
f 782//782 1427//1426 3068//3064
f 2741//2737 2744//2740 24//24
f 1713//1712 1972//1971 1714//1713
f 2634//2630 3402//3398 3403//3399
f 3404//3400 3405//3401 2899//2895
f 2267//2264 3406//3402 3407//3403
f 2094//2092 3408//3404 3409//3405
f 2094//2092 3409//3405 2095//2093
f 3410//3406 2763//2759 957//957
f 1601//1600 1603//1602 3411//3407
f 1263//1262 1601//1600 3411//3407
f 3412//3408 1229//1228 3263//3259
f 1534//1533 1340//1339 42//42
f 3413//3409 2107//2105 3414//3410
f 3415//3411 3413//3409 3414//3410
f 1266//1265 3416//3412 3417//3413
f 1267//1266 1266//1265 3417//3413
f 2681//2677 2683//2679 3418//3414
f 1155//1154 2307//2304 1156//1155
f 1236//1235 3419//3415 982//982
f 3059//3055 361//361 2731//2727
f 3059//3055 2731//2727 1539//1538
f 2206//2203 2207//2204 2708//2704
f 2009//2008 2206//2203 2708//2704
f 3053//3049 3083//3079 3420//3416
f 3421//3417 518//518 517//517
f 3421//3417 517//517 2992//2988
f 1772//1771 1106//1105 2414//2411
f 2317//2314 1202//1201 1825//1824
f 2751//2747 317//317 316//316
f 3422//3418 2751//2747 316//316
f 2043//2042 200//200 2112//2110
f 2043//2042 2112//2110 3423//3419
f 3424//3420 3084//3080 2915//2911
f 3425//3421 3426//3422 2605//2601
f 3406//3402 3427//3423 3407//3403
f 1737//1736 3428//3424 2020//2019
f 20//20 1962//1961 3068//3064
f 919//919 1521//1520 1520//1519
f 2788//2784 3429//3425 3430//3426
f 1173//1172 2030//2029 1721//1720
f 1946//1945 1173//1172 1721//1720
f 2055//2054 1959//1958 1210//1209
f 491//491 1893//1892 513//513
f 2826//2822 3431//3427 3273//3269
f 2287//2284 2286//2283 3432//3428
f 2689//2685 3353//3349 1991//1990
f 3433//3429 3434//3430 3435//3431
f 3436//3432 3437//3433 3438//3434
f 2575//2571 3439//3435 2576//2572
f 3440//3436 3441//3437 3442//3438
f 2549//2545 3443//3439 3444//3440
f 1547//1546 2119//2117 1548//1547
f 3445//3441 3446//3442 2806//2802
f 3447//3443 350//350 3448//3444
f 3449//3445 3450//3446 3451//3447
f 3449//3445 3451//3447 3452//3448
f 465//465 56//56 466//466
f 3453//3449 1817//1816 3454//3450
f 2590//2586 2499//2495 3455//3451
f 2057//2056 3456//3452 3457//3453
f 3458//3454 1162//1161 3459//3455
f 3460//3456 3039//3035 3461//3457
f 3462//3458 3463//3459 888//888
f 1187//1186 1189//1188 3464//3460
f 122//122 794//794 793//793
f 122//122 793//793 3465//3461
f 2115//2113 2114//2112 2949//2945
f 2115//2113 2949//2945 3466//3462
f 3467//3463 546//546 3227//3223
f 1854//1853 1856//1855 3468//3464
f 366//366 3199//3195 367//367
f 884//884 883//883 1613//1612
f 3469//3465 579//579 3470//3466
f 3471//3467 3469//3465 3470//3466
f 1717//1716 2888//2884 2098//2096
f 1874//1873 3472//3468 932//932
f 3473//3469 3474//3470 3475//3471
f 2591//2587 3476//3472 3477//3473
f 2995//2991 3478//3474 961//961
f 2995//2991 961//961 2914//2910
f 3479//3475 3480//3476 3481//3477
f 3482//3478 267//267 266//266
f 2762//2758 283//283 285//285
f 2762//2758 285//285 2810//2806
f 1022//1022 2122//2120 1023//1023
f 3483//3479 3373//3369 3484//3480
f 3483//3479 3484//3480 3485//3481
f 2546//2542 3486//3482 3487//3483
f 2546//2542 3487//3483 2547//2543
f 2156//2154 3488//3484 1700//1699
f 3489//3485 2391//2388 2390//2387
f 3489//3485 2390//2387 3490//3486
f 1945//1944 2201//2199 2846//2842
f 3491//3487 3184//3180 3186//3182
f 3492//3488 569//569 3493//3489
f 865//865 315//315 3494//3490
f 865//865 3494//3490 866//866
f 2564//2560 1735//1734 1734//1733
f 881//881 2564//2560 1734//1733
f 612//612 1525//1524 3495//3491
f 3496//3492 1550//1549 1552//1551
f 1186//1185 3497//3044 451//451
f 3498//3493 1964//1963 353//353
f 3499//3494 3500//3495 3501//3496
f 3450//3446 3502//3497 3451//3447
f 3503//3498 3504//3499 3505//3500
f 2314//2311 2316//2313 3506//3501
f 3507//3502 2314//2311 3506//3501
f 1876//1875 3508//3503 1997//1996
f 1186//1185 3509//3504 484//484
f 3510//3505 624//624 3511//3506
f 3512//3507 3513//3508 3514//3509
f 2101//2099 877//877 879//879
f 2101//2099 879//879 3515//3510
f 1699//1698 1698//1697 2337//2334
f 3516//3511 3517//3512 3518//3513
f 2442//2439 3519//3514 3520//3515
f 774//774 1769//1768 3521//3516
f 3522//3517 774//774 3521//3516
f 991//991 990//990 1863//1862
f 3523//3518 526//526 2471//2467
f 2344//2341 3524//3519 3525//3520
f 3526//3521 2909//2905 3065//3061
f 1838//1837 1510//1509 1512//1511
f 2419//2416 674//674 676//676
f 2419//2416 676//676 2420//2417
f 3342//3338 3341//3337 3527//3522
f 1857//1856 1298//1297 390//390
f 392//392 1857//1856 390//390
f 2382//2379 738//738 2902//2898
f 3528//3523 2742//2738 2741//2737
f 3528//3523 2741//2737 24//24
f 3529//3524 2239//2236 1749//1748
f 3530//3525 3531//3526 3532//3527
f 3533//3528 2558//2554 2510//2506
f 887//887 3534//3529 3044//3040
f 1023//1023 2488//2484 2901//2897
f 3535//3530 1023//1023 2901//2897
f 2002//2001 3536//3531 3537//3532
f 2051//2050 3538//3533 2691//2687
f 3299//3295 1853//1852 1852//1851
f 3539//3534 3540//3535 3015//3011
f 3541//3536 1995//1994 3542//3537
f 3134//3130 3543//3538 3544//3539
f 439//439 438//438 423//423
f 1350//1349 2825//2821 1351//1350
f 3545//3540 524//524 3546//3541
f 3547//3542 2302//2299 2013//2012
f 3004//3000 1850//1849 3548//3543
f 457//457 459//459 3549//3544
f 3550//3545 457//457 3549//3544
f 3096//3092 1327//1326 2485//2481
f 3082//3078 1742//1741 3551//3546
f 2028//2027 3552//3547 2123//2121
f 3553//3548 3554//3549 3555//3550
f 2774//2770 1987//1986 3106//3102
f 3483//3479 3485//3481 3556//3551
f 3557//3552 3483//3479 3556//3551
f 3558//3553 2704//2700 705//705
f 3559//3554 3558//3553 705//705
f 960//960 3560//3555 3561//3556
f 3562//3557 1885//1884 1853//1852
f 557//557 3522//3517 1483//1482
f 3563//3558 2217//2214 3438//3434
f 428//428 2247//2244 3564//3559
f 3565//3560 3566//3561 3421//3417
f 1486//1485 3567//3562 1042//1042
f 1127//1126 3086//3082 3568//3563
f 2579//2575 2410//2407 2409//2406
f 2613//2609 3569//3564 2712//2708
f 3570//3565 804//804 3571//3566
f 73//73 183//183 1920//1919
f 3572//3567 33//33 116//116
f 3487//3483 2951//2947 3573//3568
f 3574//3569 3575//3570 3576//3571
f 3577//3572 3574//3569 3576//3571
f 2729//2725 1990//1989 3578//3573
f 3579//3574 1382//1381 3580//3575
f 287//287 1306//1305 1038//1038
f 286//286 287//287 1038//1038
f 583//583 3581//3576 226//226
f 2289//2286 594//594 3582//3577
f 766//766 1378//1377 3390//3386
f 3583//3578 1354//1353 1357//1356
f 3520//3515 3583//3578 1357//1356
f 2772//2768 3584//3579 3585//3580
f 3349//3345 2772//2768 3585//3580
f 2583//2579 3360//3356 310//310
f 3586//3581 3587//3582 2262//2259
f 3588//3583 3586//3581 2262//2259
f 3589//3584 1402//1401 1919//1918
f 749//749 2250//2247 2252//2249
f 3590//3585 2791//2787 1671//1670
f 521//521 3591//3586 522//522
f 3358//3354 1385//1384 1521//1520
f 3592//3587 1160//1159 2133//2131
f 3593//3588 1173//1172 1946//1945
f 3594//3589 1953//1952 556//556
f 808//808 295//295 294//294
f 3595//3590 3596//3591 3597//3592
f 2090//2088 3598//3593 2091//2089
f 3599//3594 3600//3595 3601//3596
f 3323//3319 3599//3594 3601//3596
f 104//104 1371//1370 1621//1620
f 2229//2226 1882//1881 1884//1883
f 3372//3368 3379//3375 3484//3480
f 3373//3369 3372//3368 3484//3480
f 1666//1665 1500//1499 1502//1501
f 3602//3597 3569//3564 3603//3598
f 2130//2128 1738//1737 2128//2126
f 803//803 1196//1195 912//912
f 1444//1443 3374//3370 1441//1440
f 3352//3348 2689//2685 3538//3533
f 2357//2354 105//105 2305//2302
f 814//814 813//813 3604//3599
f 2568//2564 3605//3600 3606//3601
f 2790//2786 3607//3602 3608//3603
f 2026//2025 3609//3604 2027//2026
f 3363//3359 3610//3605 3364//3360
f 1767//1766 420//420 419//419
f 3611//3606 1816//1815 1815//1814
f 2654//2650 1954//1953 1956//1955
f 2654//2650 1956//1955 2655//2651
f 38//38 1731//1730 3612//3607
f 909//909 2208//2205 3613//3608
f 3614//3609 909//909 3613//3608
f 2377//2374 3615//3610 3616//3611
f 2022//2021 2377//2374 3616//3611
f 1303//1302 3617//3612 2602//2598
f 1070//1070 2728//2724 1071//1071
f 3472//3468 335//335 337//337
f 1556//1555 1558//1557 3618//3613
f 3619//3614 3620//3028 2246//2243
f 1018//1018 1020//1020 3621//3615
f 3021//3017 1018//1018 3621//3615
f 1099//1098 1438//1437 3622//3616
f 1907//1906 2405//2402 3280//3276
f 3072//3068 377//377 376//376
f 3623//3617 3072//3068 376//376
f 3624//3618 3625//3619 3626//3620
f 3624//3618 3626//3620 3627//3621
f 3628//3622 3629//3623 3418//3414
f 3628//3622 3418//3414 3630//3624
f 2123//2121 3295//3291 3631//3625
f 2028//2027 2123//2121 3631//3625
f 377//377 3073//3069 3632//3626
f 377//377 3632//3626 3633//3627
f 1332//1331 1331//1330 1980//1979
f 1332//1331 1980//1979 1979//1978
f 1597//1596 1277//1276 59//59
f 2372//2369 1889//1888 2758//2754
f 2370//2367 2372//2369 2758//2754
f 3634//3628 3635//3629 3636//3630
f 3637//3631 3638//3632 3639//3633
f 3640//3634 2039//2038 3641//3635
f 3429//3425 3640//3634 3641//3635
f 3642//3636 3207//3203 3643//3637
f 3642//3636 3643//3637 381//381
f 3644//3638 3195//3191 625//625
f 3645//3639 3646//3640 1516//1515
f 306//306 305//305 355//355
f 3543//3538 3647//3641 3544//3539
f 1153//1152 338//338 2238//2235
f 3648//107 3205//3201 1245//1244
f 3649//3642 3650//3643 3651//3644
f 3652//3645 3649//3642 3651//3644
f 1548//1547 2120//2118 2153//2151
f 3399//3395 1021//1021 3653//3646
f 2304//2301 3399//3395 3653//3646
f 2443//2440 3654//3647 3615//3610
f 1274//1273 3579//3574 3580//3575
f 1031//1031 1033//1033 3655//3648
f 2428//2425 2430//2427 3656//3649
f 1347//1346 2937//2933 971//971
f 451//451 2203//2200 399//399
f 3325//3321 856//856 1445//1444
f 761//761 760//760 3609//3604
f 963//963 1068//1068 3657//3650
f 3187//3183 3188//3184 3610//3605
f 3347//3343 3658//3651 3659//3652
f 3660//3653 658//658 3218//3214
f 2668//2664 634//634 636//636
f 3661//3654 3662//3655 3663//3656
f 2278//2275 1843//1842 2065//2064
f 3664//3657 3104//3100 2570//2566
f 3665//3658 3666//3659 741//741
f 740//740 3665//3658 741//741
f 291//291 293//293 1423//1422
f 3667//3660 3668//3661 3669//3662
f 3670//3663 2077//2076 2076//2075
f 3671//3664 3672//3665 3673//3666
f 107//107 3648//107 1245//1244
f 3674//3667 2318//2315 1108//1107
f 3206//3202 2428//2425 3675//3668
f 3676//3669 2850//2846 2454//2450
f 649//649 3677//3670 3678//3671
f 3679//3672 649//649 3678//3671
f 170//170 3680//3673 376//376
f 3581//3576 3681//3674 226//226
f 3682//3675 1839//1838 3683//3676
f 2758//2754 1889//1888 2759//2755
f 323//323 322//322 3684//3677
f 3685//3678 323//323 3684//3677
f 3686//3679 3687//3680 3330//3326
f 2360//2357 2332//2329 3688//3681
f 2386//2383 2385//2382 3054//3050
f 1477//1476 2386//2383 3054//3050
f 1924//1923 3689//3682 3690//3683
f 410//410 3691//3684 847//847
f 3128//3124 3692//3685 3129//3125
f 1566//1565 3693//3686 3189//3185
f 667//667 2465//2461 756//756
f 418//418 3694//3687 2328//2325
f 2631//2627 3695//3688 1044//1044
f 2926//2922 995//995 413//413
f 2295//2292 2149//2147 1104//1103
f 2295//2292 1104//1103 1390//1389
f 532//532 2835//2831 2599//2595
f 3696//3689 3697//3690 3088//3084
f 3698//3691 2718//2714 1530//1529
f 620//620 133//133 2991//2987
f 865//865 449//449 2916//2912
f 865//865 2916//2912 2146//2144
f 3699//3692 3700//3693 3604//3599
f 1051//1051 665//665 1215//1214
f 1051//1051 1215//1214 2779//2775
f 1277//1276 1597//1596 3701//3694
f 3702//3695 3703//3696 1209//1208
f 3702//3695 1209//1208 3704//3697
f 1452//1451 3705//3698 1453//1452
f 3706//3699 3707//3700 3708//3701
f 1752//1751 2047//2046 3375//3371
f 1161//1160 1752//1751 3375//3371
f 3709//3702 3377//3373 303//303
f 2198//2196 3710//3703 3711//3704
f 2760//2756 3712//3705 784//784
f 3666//3659 3706//3699 3708//3701
f 3713//3706 2922//2918 3714//3707
f 3715//3708 2218//2215 707//707
f 3716//3709 1624//1623 1652//1651
f 2922//2918 2924//2920 2872//2868
f 624//624 3644//3638 625//625
f 3717//3710 499//499 501//501
f 1132//1131 1131//1130 3718//3711
f 3719//3712 221//221 643//643
f 3719//3712 643//643 3720//3713
f 889//889 535//535 99//99
f 953//953 955//955 3721//3714
f 2551//2547 1103//1102 3722//3715
f 525//525 2554//2550 444//444
f 2240//2237 2242//2239 3723//3716
f 1290//1289 851//851 3724//3717
f 1290//1289 3724//3717 3725//3718
f 827//827 2562//2558 2564//2560
f 31//31 30//30 1260//1259
f 3557//3552 3726//3719 752//752
f 2666//2662 3727//3720 2667//2663
f 3728//3721 1998//1997 3729//3722
f 902//902 140//140 903//903
f 962//962 1068//1068 963//963
f 3122//3118 3121//3117 2511//2507
f 990//990 3106//3102 1864//1863
f 485//485 2224//2221 3316//3312
f 1107//1106 1109//1108 155//155
f 3730//3723 1798//1797 1800//1799
f 3731//3724 3732//3725 3733//3726
f 3731//3724 3733//3726 3734//3727
f 3735//3728 415//415 1197//1196
f 3735//3728 1197//1196 1196//1195
f 2439//2436 3393//3389 3736//3729
f 2964//2960 3737//3730 3738//3731
f 1276//1275 2678//2674 6//6
f 3739//3732 2264//2261 3740//3733
f 714//714 211//211 3236//3232
f 2610//2606 2612//2608 2636//2632
f 58//58 2610//2606 2636//2632
f 3741//3734 853//853 855//855
f 3742//3735 2602//2598 1257//1256
f 3743//3736 3744//3737 3745//3738
f 3746//3739 3747//3740 3625//3619
f 2212//2209 3329//3325 239//239
f 873//873 3748//3741 874//874
f 2592//2588 1260//1259 3749//3742
f 3750//3743 3325//3321 1445//1444
f 2480//2476 2481//2477 2723//2719
f 3751//3744 2256//2253 2255//2252
f 3752//3745 2294//2291 3753//3746
f 2984//2980 3754//3747 3755//3748
f 1723//1722 1722//1721 901//901
f 1754//1753 3100//3096 3756//3749
f 3757//3750 1754//1753 3756//3749
f 1313//1312 1280//1279 2278//2275
f 3032//3028 3636//3630 1460//1459
f 627//627 629//629 2919//2915
f 1479//1478 1481//1480 2235//2232
f 3438//3434 2217//2214 2279//2276
f 406//406 405//405 3392//3388
f 3474//3470 2713//2709 3475//3471
f 3087//3083 3758//3751 2237//2234
f 3759//3752 1315//1314 1317//1316
f 582//582 584//584 3760//3753
f 2489//2485 2491//2487 2613//2609
f 3264//3260 3761//3754 3762//3755
f 3763//3756 1349//1348 1741//1740
f 1892//1891 1317//1316 2771//2767
f 1050//1050 1663//1662 1051//1051
f 3066//3062 1532//1531 1531//1530
f 700//700 2291//2288 2290//2287
f 2431//2428 1108//1107 1794//1793
f 2647//2643 1298//1297 3550//3545
f 2647//2643 3550//3545 3764//3757
f 2145//2143 182//182 181//181
f 52//52 2753//2749 1834//1833
f 1138//1137 2544//2540 1139//1138
f 3765//3758 2679//2675 2680//2676
f 530//530 532//532 3240//3236
f 1133//1132 1563//1562 12//12
f 3766//3759 2510//2506 2357//2354
f 2740//2736 3767//3760 2600//2596
f 2893//2889 3768//3761 1082//1082
f 3769//3762 3770//3763 2005//2004
f 2004//2003 3769//3762 2005//2004
f 3169//3165 83//83 3669//3662
f 3771//3764 3092//3088 2466//2462
f 3772//3765 1629//1628 3773//3766
f 3662//3655 172//172 3663//3656
f 1275//1274 2442//2439 1168//1167
f 1233//1232 1636//1635 1638//1637
f 618//618 3774//3767 619//619
f 418//418 2328//2325 220//220
f 2685//2681 119//119 3232//3228
f 3775//3768 751//751 2334//2331
f 3776//3769 2638//2634 1011//1011
f 2536//2532 3777//3770 2537//2533
f 1903//1902 3719//3712 3720//3713
f 787//787 797//797 799//799
f 1416//1415 2296//2293 1417//1416
f 3778//3771 3779//3772 3780//3773
f 3781//3774 3782//3775 3304//3300
f 3783//3776 3781//3774 3304//3300
f 2565//2561 2260//2257 2259//2256
f 2473//2469 84//84 83//83
f 2749//2745 2892//2888 3784//3777
f 1593//1592 1592//1591 71//71
f 1214//1213 3785//3778 3786//3779
f 826//826 1016//1016 2362//2359
f 3787//3780 3788//3781 3789//3782
f 2711//2707 1117//1116 2613//2609
f 404//404 406//406 1968//1967
f 1598//1597 2413//2410 2412//2409
f 217//217 411//411 218//218
f 3790//3783 3791//3784 3690//3683
f 3792//3785 3790//3783 3690//3683
f 2582//2578 2309//2306 3793//3786
f 2268//2265 2571//2567 2269//2266
f 1084//1084 1141//1140 1955//1954
f 1278//1277 504//504 1279//1278
f 3794//3787 3788//3781 3795//3788
f 3048//3044 600//600 3796//3789
f 1779//1778 2305//2302 2396//2393
f 3797//3790 614//614 616//616
f 1582//1581 185//185 3798//3791
f 3799//3792 1466//1465 3800//3793
f 3010//3006 2447//2444 2446//2443
f 3801//3794 176//176 179//179
f 2657//2653 3801//3794 179//179
f 3802//3795 1358//1357 1188//1187
f 1704//1703 2035//2034 2034//2033
f 3058//3054 384//384 359//359
f 3197//3193 1708//1707 2074//2073
f 3803//3796 3804//3797 3805//3798
f 3806//3799 194//194 193//193
f 3033//3029 3807//3800 3808//3801
f 678//678 3033//3029 3808//3801
f 1687//1686 3809//3802 196//196
f 1213//1212 3810//3803 3785//3778
f 3784//3777 3811//3804 3341//3337
f 1226//1225 508//508 3812//3805
f 1180//1179 3813//3806 1999//1998
f 199//199 159//159 200//200
f 3814//3807 3342//3338 2638//2634
f 3249//3245 3814//3807 2638//2634
f 452//452 297//297 2069//2068
f 2417//2414 2719//2715 3815//3808
f 2459//2455 3816//3809 3817//3810
f 3818//3811 3819//3812 1627//1626
f 2961//2957 203//203 202//202
f 3820//3813 2382//2379 2381//2378
f 3821//3814 933//933 3405//3401
f 1516//1515 3646//3640 2702//2698
f 3822//3815 2079//2078 425//425
f 2580//2576 2582//2578 3640//3634
f 2335//2332 209//209 208//208
f 1906//1905 743//743 3823//3816
f 3620//3028 3824//3817 3825//3818
f 913//913 2707//2703 914//914
f 3647//3641 1554//1553 3544//3539
f 2472//2468 3736//3729 2473//2469
f 3826//3819 3827//3820 708//708
f 3828//3821 3829//3822 3386//3382
f 3689//3682 1924//1923 2714//2710
f 3274//3270 1584//1583 1583//1582
f 3275//3271 3274//3270 1583//1582
f 2672//2668 3800//3793 2673//2669
f 3830//3823 3831//3824 2475//2471
f 3815//3808 2135//2133 2415//2412
f 810//810 3832//3825 811//811
f 3833//3826 3834//3827 3835//3828
f 2010//2009 2708//2704 2707//2703
f 3836//3829 3788//3781 3837//3830
f 2214//2211 2213//2210 3838//3831
f 3839//3832 2214//2211 3838//3831
f 3840//3833 3841//3834 3842//3835
f 37//37 3047//3043 36//36
f 2801//2797 2800//2796 3440//3436
f 2244//2241 2730//2726 2729//2725
f 2850//2846 871//871 2624//2620
f 3843//3836 3844//3837 1252//1251
f 1415//1414 1417//1416 279//279
f 1415//1414 279//279 282//282
f 3071//3067 1552//1551 2694//2690
f 3071//3067 2694//2690 3069//3065
f 1840//1839 3845//3838 1841//1840
f 2549//2545 575//575 3443//3439
f 1033//1033 3670//3663 3655//3648
f 584//584 2779//2775 2780//2776
f 3846//3839 2477//2473 2476//2472
f 3004//3000 3548//3543 3847//3840
f 2131//2129 3004//3000 3847//3840
f 3848//3841 565//565 567//567
f 3849//3842 1142//1141 1145//1144
f 2293//2290 3849//3842 1145//1144
f 3850//3843 751//751 3775//3768
f 3851//3844 3852//3845 2403//2400
f 3851//3844 2403//2400 2402//2399
f 2761//2757 2479//2475 2478//2474
f 3560//3555 960//960 961//961
f 3853//3846 3854//3847 1486//1485
f 3853//3846 1486//1485 3855//3848
f 3856//3849 3857//3850 2615//2611
f 2604//2600 3060//3056 3858//3851
f 2605//2601 2604//2600 3858//3851
f 3056//3052 3262//3258 1187//1186
f 18//18 20//20 3068//3064
f 3859//3852 3860//3853 3861//3854
f 3862//3855 3859//3852 3861//3854
f 1895//1894 3863//3856 514//514
f 1447//1446 3864//3857 829//829
f 3865//3858 333//333 856//856
f 3598//3593 3737//3730 2158//2156
f 3638//3632 2722//2718 2725//2721
f 3638//3632 2725//2721 3639//3633
f 3866//3859 3359//3355 1403//1402
f 3867//3860 329//329 328//328
f 636//636 3126//3122 1542//1541
f 636//636 1542//1541 1541//1540
f 3868//2329 2331//2328 2333//2330
f 2077//2076 3869//3861 2930//2926
f 1928//1927 1038//1038 1847//1846
f 755//755 1167//1166 3870//3862
f 3871//3863 2975//2971 1401//1400
f 3311//3307 3200//3196 3312//3308
f 1290//1289 3725//3718 3872//3864
f 2165//2163 3286//3282 511//511
f 1121//1120 345//345 344//344
f 3307//3303 349//349 348//348
f 3873//3865 3563//3558 3438//3434
f 3874//3866 3875//3867 3876//3868
f 3877//3869 371//371 370//370
f 3013//3009 3877//3869 370//370
f 3878//3870 3879//3871 3880//3872
f 422//422 521//521 2699//2695
f 3433//3429 3435//3431 3881//3873
f 2665//2661 3882//3874 3445//3441
f 2192//2190 615//615 969//969
f 3773//3766 1631//1630 3883//3875
f 1686//1685 3884//3876 1687//1686
f 263//263 265//265 401//401
f 3564//3559 2527//2523 2526//2522
f 858//858 3564//3559 2526//2522
f 1244//1243 2500//2496 94//94
f 2116//2114 2535//2531 2534//2530
f 3404//3400 3821//3814 3405//3401
f 2721//2717 2540//2536 1701//1700
f 626//626 625//625 947//947
f 3722//3715 3017//3013 2851//2847
f 806//806 1553//1552 3885//3877
f 806//806 3885//3877 807//807
f 3886//3878 3861//3854 3887//3879
f 3888//3880 3889//3881 3890//3882
f 3891//3883 2166//2164 2979//2975
f 3892//3884 429//429 431//431
f 3893//3885 3892//3884 431//431
f 3894//3886 550//550 552//552
f 1869//1868 1013//1013 1015//1015
f 2427//2424 432//432 434//434
f 2192//2190 969//969 2599//2595
f 3286//3282 3895//3887 3896//3888
f 1925//1924 1926//1925 3897//3889
f 3898//3890 1925//1924 3897//3889
f 2515//2511 730//730 732//732
f 2515//2511 732//732 2516//2512
f 100//100 3899//3891 2050//2049
f 68//68 722//722 721//721
f 3132//3128 1320//1319 3900//3892
f 3901//3893 3156//3152 3196//3192
f 154//154 3902//3894 3903//3895
f 949//949 948//948 3904//3896
f 3667//3660 3669//3662 3562//3557
f 3905//3897 465//465 464//464
f 798//798 2755//2751 427//427
f 752//752 3726//3719 3906//3898
f 3907//3899 719//719 718//718
f 1581//1580 475//475 474//474
f 3568//3563 2804//2800 692//692
f 3908//3900 1632//1631 477//477
f 3908//3900 477//477 480//480
f 3909//3901 2947//2943 2946//2942
f 3909//3901 2946//2942 1537//1536
f 1380//1379 1716//1715 3910//3902
f 2890//2886 2889//2885 3911//3903
f 2890//2886 3911//3903 618//618
f 960//960 495//495 497//497
f 3912//3904 2639//2635 2641//2637
f 3913//3905 3680//3673 3914//3906
f 2504//2500 3915//3907 3916//3908
f 1339//1338 3917//3909 895//895
f 3918//3910 3710//3703 885//885
f 1420//1419 3213//3209 3251//3247
f 1420//1419 3251//3247 3919//3911
f 2646//2642 443//443 2644//2640
f 737//737 650//650 738//738
f 3920//3912 1694//1693 1693//1692
f 554//554 3586//3581 3588//3583
f 3352//3348 3779//3772 3353//3349
f 2111//2109 3921//3913 2265//2262
f 1973//1972 396//396 544//544
f 1460//1459 2364//2361 2363//2360
f 3647//3641 2379//2376 1554//1553
f 560//560 559//559 3118//3114
f 2249//2246 1672//1671 2614//2610
f 1856//1855 547//547 549//549
f 594//594 3922//3914 3582//3577
f 3676//3669 2454//2450 1690//1689
f 764//764 307//307 3923//3915
f 762//762 764//764 3923//3915
f 3924//3916 3925//3917 3926//3918
f 2506//2502 1646//1645 1645//1644
f 2463//2459 2464//2460 3380//3376
f 2438//2435 2653//2649 3927//3919
f 1807//1806 2011//2010 1810//1809
f 2485//2481 1327//1326 1329//1328
f 1406//1405 1408//1407 2886//2882
f 1450//1449 2789//2785 3928//3920
f 2667//2663 3727//3720 1600//1599
f 2667//2663 1600//1599 3929//3921
f 3342//3338 3527//3522 1241//1240
f 2977//2973 583//583 582//582
f 2688//2684 1147//1146 797//797
f 3536//3531 1347//1346 1348//1347
f 3930//3922 808//808 294//294
f 2816//2812 3931//3923 3932//3924
f 2816//2812 3932//3924 3576//3571
f 657//657 1765//1764 2983//2979
f 3933//3925 329//329 3867//3860
f 264//264 2125//2123 2048//2047
f 3681//3674 847//847 227//227
f 1373//1372 1372//1371 1907//1906
f 314//314 138//138 140//140
f 2987//2983 314//314 140//140
f 3226//3222 3934//3926 3467//3463
f 3935//3927 2719//2715 2417//2414
f 3247//3243 3936//3928 3937//3929
f 1020//1020 1559//1558 3938//3930
f 1020//1020 3938//3930 2632//2628
f 283//283 3121//3117 284//284
f 3939//3931 3940//3932 1199//1198
f 3939//3931 1199//1198 939//939
f 864//864 863//863 3765//3758
f 840//840 839//839 1191//1190
f 840//840 1191//1190 3941//3933
f 2877//2873 1079//1079 2630//2626
f 3942//3934 2877//2873 2630//2626
f 2684//2680 2721//2717 1701//1700
f 2994//2990 2996//2992 2619//2615
f 2355//2352 3943//3935 2356//2353
f 3172//3168 518//518 3421//3417
f 3566//3561 3172//3168 3421//3417
f 3944//3936 3945//3937 3946//3938
f 2208//2205 2096//2094 3613//3608
f 2956//2952 2687//2683 2686//2682
f 2903//2899 3947//3939 2904//2900
f 2887//2883 3948//3940 3367//3363
f 3949//3941 3908//3900 3950//3942
f 3951//3943 3291//3287 1213//1212
f 981//981 1444//1443 979//979
f 1534//1533 3952//3944 1340//1339
f 2967//2963 3406//3402 3953//3945
f 3954//3946 639//639 638//638
f 2240//2237 3723//3716 1684//1683
f 3955//3947 3956//3948 3957//3949
f 2586//2582 3834//3827 3833//3826
f 2061//2060 2060//2059 2053//2052
f 3958//3950 3959//3951 3507//3502
f 3960//3952 3550//3545 3549//3544
f 2037//2036 1100//1099 1452//1451
f 848//848 1664//1663 1663//1662
f 3961//3953 1900//1899 3962//3954
f 3137//3133 3963//3955 3138//3134
f 1372//1371 1743//1742 892//892
f 146//146 3186//3182 1741//1740
f 3964//3956 3965//3957 671//671
f 436//436 3966//3958 1886//1885
f 3475//3471 2622//2618 2621//2617
f 3884//3876 3967//3959 1687//1686
f 3968//3960 3283//3279 3969//3961
f 2554//2550 3661//3654 445//445
f 2366//2363 3970//3962 1744//1743
f 2897//2893 1324//1323 2329//2326
f 3431//3427 1006//1006 1227//1226
f 396//396 2103//2101 205//205
f 2185//2183 3971//3963 3972//3964
f 1766//1765 2055//2054 1767//1766
f 1815//1814 3973//3965 3974//3966
f 3975//3967 3976//3968 3977//3969
f 3975//3967 3977//3969 3978//3970
f 3046//3042 696//696 695//695
f 2983//2979 1765//1764 3318//3314
f 498//498 2269//2266 341//341
f 1136//1135 1132//1131 3718//3711
f 875//875 3979//3971 145//145
f 903//903 1456//1455 1455//1454
f 2440//2437 903//903 1455//1454
f 3980//3972 3707//3700 3706//3699
f 1675//1674 1376//1375 1375//1374
f 3981//3973 3982//3974 3983//3975
f 1081//1081 503//503 502//502
f 3984//3976 3985//3977 3986//3978
f 3701//3694 3987//3979 3988//3980
f 3989//3981 3990//3982 1304//1303
f 3991//3983 3769//3762 3992//3984
f 2685//2681 3991//3983 3992//3984
f 957//957 2763//2759 958//958
f 1664//1663 3993//3985 3994//3986
f 1664//1663 3994//3986 387//387
f 3995//3987 3996//3988 666//666
f 2996//2992 3882//3874 2665//2661
f 3564//3559 3997//3989 2527//2523
f 3998//3990 3999//3991 2761//2757
f 213//213 1471//1470 1474//1473
f 2516//2512 2324//2321 4000//3992
f 4001//3993 4002//3994 1034//1034
f 4001//3993 1034//1034 4003//3995
f 4004//3996 4005//3997 4006//3998
f 1069//1069 4007//3999 2073//2072
f 1279//1278 2479//2475 2809//2805
f 2175//2173 3623//3617 4008//4000
f 2173//2171 2175//2173 4008//4000
f 3086//3082 3224//3220 3087//3083
f 125//125 4009//4001 287//287
f 2818//2814 2730//2726 2244//2241
f 775//775 777//777 1769//1768
f 4010//4002 4011//4003 4012//4004
f 379//379 983//983 3645//3639
f 81//81 2853//2849 82//82
f 3823//3816 743//743 742//742
f 2884//2880 3502//3497 4013//4005
f 2296//2293 4014//4006 727//727
f 3096//3092 3095//3091 1327//1326
f 3833//3826 4015//4007 4016//4008
f 1622//1621 1621//1620 2390//2387
f 2389//2386 1622//1621 2390//2387
f 4017//4009 4018//4010 4019//4011
f 792//792 4020//4012 113//113
f 2458//2454 3172//3168 3566//3561
f 3860//3853 4021//4013 2505//2501
f 3111//3107 3110//3106 3146//3142
f 3029//3025 1875//1874 1877//1876
f 21//21 2431//2428 2907//2903
f 4022//4014 21//21 2907//2903
f 4023//4015 4024//4016 2984//2980
f 3705//3698 4025//4017 4026//4018
f 1667//1666 136//136 2753//2749
f 2862//2858 1667//1666 2753//2749
f 4027//4019 150//150 153//153
f 4028//4020 2062//2061 2794//2790
f 3045//3041 4028//4020 2794//2790
f 1446//1445 4029//4021 1447//1446
f 3991//3983 4030//4022 2020//2019
f 3991//3983 2020//2019 3769//3762
f 1068//1068 1166//1165 1938//1937
f 3282//3278 3284//3280 2861//2857
f 1690//1689 271//271 3676//3669
f 2319//2316 463//463 4031//4023
f 1507//1506 1509//1508 3841//3834
f 4032//4024 1507//1506 3841//3834
f 4006//3998 4005//3997 3131//3127
f 4006//3998 3131//3127 3956//3948
f 4033//4025 857//857 859//859
f 4034//4026 4035//4027 4036//4028
f 2263//2260 1259//1258 2433//2430
f 4037//4029 2828//2824 161//161
f 3218//3214 1426//1425 1425//1424
f 4038//4030 2550//2546 4039//4031
f 859//859 4040//4032 1396//1395
f 1526//1525 2901//2897 4041//4033
f 1527//1526 1526//1525 4041//4033
f 2388//2385 4042//4034 1497//1496
f 4043//4035 2388//2385 1497//1496
f 1220//1219 1888//1887 4044//4036
f 3738//3731 3737//3730 3015//3011
f 3738//3731 3015//3011 3014//3010
f 1957//1956 2153//2151 1917//1916
f 3927//3919 2653//2649 3452//3448
f 2340//2337 2052//2051 4045//4037
f 2340//2337 4045//4037 2341//2338
f 1734//1733 1320//1319 3132//3128
f 3319//3315 4046//4038 1238//1237
f 2728//2724 2727//2723 2768//2764
f 4047//4039 1761//1760 1616//1615
f 3847//3840 3548//3543 1851//1850
f 4048//4040 1545//1544 4049//4041
f 717//717 4050//4042 4051//4043
f 717//717 4051//4043 3907//3899
f 4052//4044 655//655 823//823
f 611//611 610//610 4053//4045
f 3635//3629 4054//4046 1461//1460
f 3828//3821 4055//4047 2160//2158
f 3828//3821 2160//2158 3829//3822
f 1233//1232 1638//1637 1833//1832
f 4056//4048 4057//4049 1041//1041
f 1040//1040 4056//4048 1041//1041
f 4058//4050 3482//3478 4059//4051
f 1412//1411 1652//1651 1413//1412
f 4060//4052 2851//2847 2850//2846
f 4061//4053 4062//4054 2094//2092
f 2229//2226 3022//3018 1882//1881
f 1757//1756 3591//3586 3628//3622
f 1757//1756 3628//3622 2373//2370
f 3160//3156 3159//3155 3173//3169
f 3639//3633 2725//2721 1562//1561
f 3639//3633 1562//1561 4063//4055
f 2661//2657 3065//3061 2662//2658
f 1148//1147 4064//4056 4065//4057
f 1650//1649 2799//2795 2338//2335
f 4066//4058 4037//4029 2973//2969
f 2735//2731 22//22 4067//4059
f 1683//1682 1685//1684 3139//3135
f 2129//2127 4068//4060 4069//4061
f 691//691 3368//3364 880//880
f 691//691 880//880 320//320
f 1182//1181 4070//4062 3021//3017
f 338//338 1152//1151 339//339
f 2752//2748 739//739 2880//2876
f 4071//4063 2577//2573 3875//3867
f 2031//2030 1964//1963 1966//1965
f 1363//1362 1362//1361 2007//2006
f 4072//4064 4073//4065 4074//4066
f 4075//4067 4076//4068 1513//1512
f 1743//1742 893//893 892//892
f 326//326 2957//2953 327//327
f 4077//4069 4078//4070 2898//2894
f 2632//2628 2520//2516 2444//2441
f 1883//1882 2632//2628 2444//2441
f 194//194 1804//1803 195//195
f 1314//1313 1313//1312 2760//2756
f 2788//2784 3430//3426 4079//4071
f 4080//4072 2788//2784 4079//4071
f 1525//1524 3535//3530 1526//1525
f 3107//3103 4081//4073 4082//4074
f 1601//1600 2885//2881 1602//1601
f 3143//3139 3016//3012 257//257
f 3143//3139 257//257 4083//4075
f 4084//4076 3933//3925 3867//3860
f 430//430 2803//2799 3220//3216
f 431//431 430//430 3220//3216
f 2645//2641 2644//2640 4085//4077
f 950//950 1728//1727 951//951
f 3153//3149 3155//3151 4086//4078
f 4031//4023 462//462 1203//1202
f 2387//2384 3292//3288 2671//2667
f 4087//4079 4088//4080 4089//4081
f 4090//4082 4087//4079 4089//4081
f 3659//3652 248//248 3347//3343
f 3648//107 4091//4083 3205//3201
f 3877//3869 2093//2091 371//371
f 4092//4084 4093//4085 684//684
f 3708//3701 3707//3700 2348//2345
f 3708//3701 2348//2345 3175//3171
f 4094//4086 3463//3459 3001//2997
f 138//138 4095//4087 139//139
f 2312//2309 550//550 2313//2310
f 4096//4088 3479//3475 4097//4089
f 3223//3219 782//782 3068//3064
f 2645//2641 2699//2695 2646//2642
f 2517//2513 2519//2515 4098//4090
f 491//491 513//513 589//589
f 771//771 3915//3907 2503//2499
f 3442//3438 2845//2841 33//33
f 728//728 1611//1610 1341//1340
f 729//729 728//728 1341//1340
f 2358//2355 950//950 3085//3081
f 3776//3769 1011//1011 659//659
f 2231//2228 3776//3769 659//659
f 2078//2077 2077//2076 2930//2926
f 3409//3405 4099//4091 1491//1490
f 2911//2907 3578//3573 2325//2322
f 3361//3357 4100//4092 3360//3356
f 821//821 1032//1032 1031//1031
f 3236//3232 211//211 1848//1847
f 2286//2283 3236//3232 1848//1847
f 4101//4093 4102//4094 842//842
f 883//883 1193//1192 1613//1612
f 1493//1492 1495//1494 1283//1282
f 1282//1281 1493//1492 1283//1282
f 1052//1052 1054//1054 760//760
f 3338//3334 861//861 1045//1045
f 3188//3184 4103//4095 4104//4096
f 2211//2208 2733//2729 1222//1221
f 1555//1554 2380//2377 4105//4097
f 3051//3047 3246//3242 3754//3747
f 2454//2450 2624//2620 2455//2451
f 4106//4098 4107//4099 1093//1092
f 4106//4098 1093//1092 4108//4100
f 3095//3091 3867//3860 1327//1326
f 2257//2254 2956//2952 2955//2951
f 1216//1215 1217//1216 3109//3105
f 4109//4101 3212//3208 2628//2624
f 1952//1951 2628//2624 1150//1149
f 3582//3577 3922//3914 1316//1315
f 1086//1086 426//426 1087//1087
f 4110//4102 1315//1314 3759//3752
f 3344//3340 4111//4103 2161//2159
f 1329//1328 2709//2705 1496//1495
f 343//343 1105//1104 1104//1103
f 2149//2147 343//343 1104//1103
f 3946//3938 3854//3847 3944//3936
f 3219//3215 3220//3216 4112//4104
f 3247//3243 3397//3393 3936//3928
f 2065//2064 3344//3340 2066//2065
f 4113//4105 4114//4106 4115//4107
f 4113//4105 4115//4107 4116//4108
f 2942//2938 3244//3240 4117//4109
f 2252//2249 2251//2248 3091//3087
f 4118//4110 2840//2836 3697//3690
f 26//26 1323//1322 4010//4002
f 4015//4007 266//266 4016//4008
f 2177//2175 1183//1182 3022//3018
f 2177//2175 3022//3018 2229//2226
f 4119//4111 647//647 3724//3717
f 1378//1377 4120//4112 3789//3782
f 4121//4113 4122//4114 4123//4115
f 3455//3451 1359//1358 3762//3755
f 4124//4116 1146//1145 1147//1146
f 1096//1095 1985//1984 1097//1096
f 784//784 4125//4117 785//785
f 3839//3832 3023//3019 4126//4118
f 2845//2841 3229//3225 32//32
f 4127//4119 506//506 2475//2471
f 3575//3570 4128//4120 3790//3783
f 4129//4121 1045//1045 4130//4122
f 4129//4121 4130//4122 3031//3027
f 1011//1011 3748//3741 873//873
f 4131//4123 1868//1867 4132//4124
f 51//51 4133//4125 52//52
f 1177//1176 1789//1788 1175//1174
f 2987//2983 140//140 902//902
f 4134//4126 2987//2983 902//902
f 2918//2914 2014//2013 2104//2102
f 605//605 1530//1529 2718//2714
f 3390//3386 1378//1377 4135//4127
f 3269//3265 2327//2324 3270//3266
f 4136//4128 4028//4020 3045//3041
f 4137//4129 543//543 685//685
f 967//967 4138//4130 4139//4131
f 967//967 4139//4131 2945//2941
f 3533//3528 2075//2074 2392//2389
f 3268//3264 4140//4132 236//236
f 3742//3735 1259//1258 2263//2260
f 4141//4133 1969//1968 4142//4134
f 4141//4133 4142//4134 4143//4135
f 723//723 722//722 34//34
f 723//723 34//34 4144//4136
f 1539//1538 1968//1967 2923//2919
f 1539//1538 2923//2919 1540//1539
f 3176//3172 3175//3171 1268//1267
f 2858//2854 4145//4137 4146//4138
f 2858//2854 4146//4138 2859//2855
f 2596//2592 1207//1206 1206//1205
f 4147//4139 2596//2592 1206//1205
f 4148//4140 3501//3496 4149//4141
f 2541//2537 3133//3129 3923//3915
f 26//26 4012//4004 27//27
f 1592//1591 4150//4142 4151//4143
f 144//144 1426//1425 145//145
f 4152//4144 2534//2530 2658//2654
f 4153//4145 4152//4144 2658//2654
f 3238//3234 4154//4146 4155//4147
f 3517//3512 306//306 3518//3513
f 3100//3096 3099//3095 3756//3749
f 1764//1763 2531//2527 4156//4148
f 1762//1761 1764//1763 4156//4148
f 4157//4149 821//821 820//820
f 3602//3597 3603//3598 3743//3736
f 4158//4150 244//244 243//243
f 4158//4150 243//243 4159//4151
f 934//934 936//936 1642//1641
f 1497//1496 4042//4034 2674//2670
f 1497//1496 2674//2670 1498//1497
f 210//210 2635//2631 1028//1028
f 2768//2764 4160//4152 4161//4153
f 2769//2765 2768//2764 4161//4153
f 2002//2001 1347//1346 3536//3531
f 3778//3771 4162//4154 3779//3772
f 4163//4155 1932//1931 3410//3406
f 1778//1777 2305//2302 1779//1778
f 709//709 2769//2765 4164//4156
f 4165//4157 1570//1569 4166//4158
f 3331//3327 2470//2466 3332//3328
f 2849//2845 2144//2142 4167//4159
f 3582//3577 1316//1315 1315//1314
f 558//558 2631//2627 860//860
f 3103//3099 3732//3725 3440//3436
f 4168//4160 3759//3752 1891//1890
f 2767//2763 4064//4056 2285//2282
f 209//209 2635//2631 210//210
f 2912//2908 3455//3451 2499//2495
f 1373//1372 1907//1906 3279//3275
f 1099//1098 3622//3616 1100//1099
f 334//334 3097//3093 1363//1362
f 597//597 4169//4161 4023//4015
f 597//597 4023//4015 4170//4162
f 1197//1196 4171//4163 223//223
f 222//222 644//644 803//803
f 3808//3801 3984//3976 3986//3978
f 4172//4164 3808//3801 3986//3978
f 1349//1348 4173//4165 1350//1349
f 4174//4166 1703//1702 1705//1704
f 4174//4166 1705//1704 1906//1905
f 4175//4167 181//181 180//180
f 3756//3749 4027//4019 153//153
f 1629//1628 268//268 1630//1629
f 2003//2002 2599//2595 2937//2933
f 1410//1409 3223//3219 1962//1961
f 613//613 109//109 108//108
f 4176//4168 3665//3658 740//740
f 2286//2283 1848//1847 3432//3428
f 192//192 191//191 1524//1523
f 2595//2591 2596//2592 3703//3696
f 4177//4169 2595//2591 3703//3696
f 1595//1594 1409//1408 2903//2899
f 4178//4170 1595//1594 2903//2899
f 3355//3351 1525//1524 1527//1526
f 2450//2447 1887//1886 1312//1311
f 4179//4171 4180//4172 2877//2873
f 4179//4171 2877//2873 3942//3934
f 2949//2945 1394//1393 1393//1392
f 3669//3662 83//83 1885//1884
f 2466//2462 3996//3988 3771//3764
f 3472//3468 337//337 932//932
f 3158//3154 1533//1532 1709//1708
f 1294//1293 1293//1292 1410//1409
f 1294//1293 1410//1409 1409//1408
f 1902//1901 2083//2081 1903//1902
f 16//16 15//15 3154//3150
f 2440//2437 1296//1295 4181//4173
f 2098//2096 2888//2884 621//621
f 2227//2224 1835//1834 2228//2225
f 2205//2202 95//95 683//683
f 3432//3428 3089//3085 3453//3449
f 3555//3550 3554//3549 3602//3597
f 231//231 2985//2981 3184//3180
f 3968//3960 4182//4174 4183//4175
f 354//354 1942//1941 769//769
f 3671//3664 4184//4176 4185//4177
f 2059//2058 2061//2060 4186//4178
f 3947//3939 2059//2058 4186//4178
f 4187//4179 4188//4180 4189//4181
f 155//155 4031//4023 2807//2803
f 2636//2632 2889//2885 2637//2633
f 1068//1068 1938//1937 3657//3650
f 1589//1588 1590//1589 4190//4182
f 4191//4183 4192//4184 490//490
f 3321//3317 2311//2308 648//648
f 3321//3317 648//648 647//647
f 1295//1294 4193//4185 133//133
f 1380//1379 1295//1294 133//133
f 4194//4186 1031//1031 3655//3648
f 4195//4187 1218//1217 1220//1219
f 4195//4187 1220//1219 4196//4188
f 4197//4189 4198//4190 2717//2713
f 4199//4191 4197//4189 2717//2713
f 2745//2741 2747//2743 4200//4192
f 797//797 2755//2751 798//798
f 2969//2965 612//612 613//613
f 2241//2238 3307//3303 2242//2239
f 4201//4193 1993//1992 2778//2774
f 4201//4193 2778//2774 716//716
f 4202//4194 4203//4195 4204//4196
f 2342//2339 2341//2338 4205//4197
f 4//4 7//7 754//754
f 815//815 2350//2347 816//816
f 3820//3813 3253//3249 2382//2379
f 46//46 1430//1429 570//570
f 1456//1455 903//903 2032//2031
f 1430//1429 46//46 45//45
f 2095//2093 3409//3405 1491//1490
f 2095//2093 1491//1490 372//372
f 1519//1518 4206//4198 1727//1726
f 3411//3407 1603//1602 3615//3610
f 3282//3278 2861//2857 2860//2856
f 42//42 1340//1339 43//43
f 2309//2306 2311//2308 3320//3316
f 4207//4199 2309//2306 3320//3316
f 4075//4067 1513//1512 1515//1514
f 4208//4200 3556//3551 4209//4201
f 929//929 4210//4202 4211//4203
f 3417//3413 3416//3412 1840//1839
f 3417//3413 1840//1839 1842//1841
f 4057//4049 4212//4204 4213//4205
f 1484//1483 924//924 1713//1712
f 3630//3624 3418//3414 2683//2679
f 541//541 543//543 4137//4129
f 4214//4206 541//541 4137//4129
f 3544//3539 1553//1552 806//806
f 3134//3130 3544//3539 806//806
f 830//830 3234//3230 2204//2201
f 1217//1216 4215//4207 4216//4208
f 970//970 4217//859 4218//3028
f 204//204 2567//2563 568//568
f 1571//1570 4219//4209 1569//1568
f 145//145 3979//3971 4220//4210
f 1250//1249 1252//1251 2754//2750
f 998//998 4118//4110 3697//3690
f 1586//1585 690//690 1587//1586
f 3698//3691 2258//2255 3672//3665
f 1819//1818 3094//3090 3206//3202
f 3597//3592 3596//3591 79//79
f 4221//4211 4222//4212 4223//4213
f 2313//2310 550//550 3894//3886
f 2430//2427 3301//3297 3656//3649
f 4224//4214 4167//4159 1137//1136
f 339//339 4225//4215 975//975
f 576//576 2002//2001 3537//3532
f 4226//4216 4227//4217 3912//3904
f 3620//3028 4228//2179 3824//3817
f 4229//4218 1800//1799 2843//2839
f 640//640 639//639 953//953
f 3976//3968 2863//2859 3977//3969
f 2067//2066 4230//4219 1265//1264
f 1570//1569 1905//1904 2944//2940
f 3380//3376 3381//3377 3952//3944
f 4104//4096 4231//4220 4232//4221
f 3610//3605 4104//4096 4232//4221
f 4233//4222 4234//4223 4235//4224
f 4081//4073 3181//3177 4236//4225
f 4226//4216 4237//4226 4238//4227
f 2015//2014 2226//2223 2016//2015
f 1191//1190 3389//3385 3388//3384
f 3677//3670 1191//1190 3388//3384
f 3773//3766 3883//3875 1761//1760
f 2198//2196 4239//4228 3652//3645
f 4240//4229 3259//3255 1630//1629
f 2284//2281 2283//2280 3904//3896
f 3488//3484 1701//1700 1700//1699
f 3046//3042 695//695 1302//1301
f 4241//4230 418//418 220//220
f 4242//4231 4243//4232 1435//1434
f 3846//3839 3387//3383 2477//2473
f 3227//3223 586//586 4244//4233
f 514//514 3863//3856 2978//2974
f 3755//3748 488//488 592//592
f 4245//4234 1445//1444 3878//3870
f 933//933 4129//4121 3031//3027
f 2249//2246 765//765 800//800
f 2022//2021 3616//3611 2023//2022
f 4246//4235 2746//2742 2745//2741
f 3495//3491 1525//1524 3355//3351
f 4247//4236 311//311 4248//4237
f 4249//4238 4247//4236 4248//4237
f 1975//1974 1974//1973 4250//4239
f 1975//1974 4250//4239 3310//3306
f 1671//1670 2791//2787 1377//1376
f 12//12 11//11 1133//1132
f 3722//3715 2851//2847 4060//4052
f 2893//2889 4108//4100 3768//3761
f 29//29 4251//4240 940//940
f 2911//2907 3269//3265 2662//2658
f 1240//1239 3350//3346 3748//3741
f 2384//2381 1374//1373 3054//3050
f 2384//2381 3054//3050 2385//2382
f 4252//4241 3201//3197 3203//3199
f 2874//2870 1763//1762 1762//1761
f 2449//2446 2451//2448 3832//3825
f 815//815 2348//2345 2350//2347
f 3782//3775 355//355 1178//1177
f 1870//1869 2834//2830 1871//1870
f 3521//3516 1769//1768 1768//1767
f 1831//1830 1429//1428 1140//1139
f 579//579 937//937 3470//3466
f 1260//1259 4253//4242 4254//4243
f 3749//3742 1260//1259 4254//4243
f 4255//4244 4026//4018 1476//1475
f 2390//2387 1621//1620 3843//3836
f 4083//4075 259//259 4256//4245
f 4083//4075 4256//4245 3123//3119
f 3898//3890 4257//4246 1925//1924
f 1815//1814 1778//1777 1777//1776
f 352//352 651//651 3498//3493
f 4258//4247 80//80 2352//2349
f 4258//4247 2352//2349 2675//2671
f 1466//1465 4016//4008 4259//4248
f 4260//4249 4261//4250 2012//2011
f 339//339 1152//1151 4225//4215
f 4262//4251 4263//4252 986//986
f 2581//2577 240//240 4264//4253
f 4265//4254 2673//2669 1760//1759
f 4265//4254 1760//1759 1694//1693
f 669//669 1805//1804 2565//2561
f 301//301 351//351 4066//4058
f 734//734 290//290 102//102
f 329//329 789//789 330//330
f 311//311 3002//2998 4248//4237
f 1662//1661 3741//3734 1659//1658
f 2878//2874 887//887 3044//3040
f 2878//2874 3044//3040 1301//1300
f 3447//3443 351//351 350//350
f 1847//1846 1929//1928 1928//1927
f 3085//3081 2732//2728 2915//2911
f 2009//2008 2708//2704 2010//2009
f 2743//2739 3076//3072 2744//2740
f 4222//4212 2281//2278 3660//3653
f 855//855 4266//4255 821//821
f 2552//2548 1845//1844 1844//1843
f 4076//4068 4267//4256 4195//4187
f 4076//4068 4195//4187 4268//4257
f 4269//4258 4270//4259 2808//2804
f 2895//2891 4271//4260 4272//4261
f 2895//2891 4272//4261 2896//2892
f 4273//4262 1859//1858 1858//1857
f 1124//1123 1082//1082 1955//1954
f 1124//1123 1955//1954 1954//1953
f 2704//2700 1866//1865 705//705
f 1947//1946 2453//2449 1948//1947
f 1557//1556 3453//3449 3454//3450
f 1139//1138 2299//2296 1719//1718
f 422//422 2699//2695 467//467
f 2414//2411 1816//1815 3611//3606
f 51//51 746//746 4133//4125
f 3562//3557 3669//3662 1885//1884
f 1618//1617 4274//4263 1619//1618
f 1891//1890 3759//3752 1317//1316
f 4275//4264 1894//1893 1893//1892
f 2678//2674 1168//1167 1167//1166
f 755//755 2678//2674 1167//1166
f 773//773 1898//1897 774//774
f 2815//2811 4276//4265 2816//2812
f 4277//4266 1344//1343 3224//3220
f 4176//4168 3980//3972 3706//3699
f 3140//3136 820//820 4278//4267
f 1443//1442 2578//2574 4279//4268
f 979//979 1443//1442 4279//4268
f 4280//4269 3466//3462 2948//2944
f 4280//4269 2948//2944 4281//4270
f 2623//2619 2714//2710 3133//3129
f 4282//4271 4283//4272 4284//4273
f 355//355 356//356 1178//1177
f 4285//4274 4226//4216 4238//4227
f 1402//1401 73//73 1919//1918
f 2445//2442 4286//4275 2446//2443
f 3109//3105 1217//1216 4216//4208
f 2871//2867 1507//1506 4032//4024
f 2726//2722 3123//3119 920//920
f 1057//1057 4047//4039 2659//2655
f 1057//1057 2659//2655 1055//1055
f 2159//2157 2966//2962 2326//2323
f 3227//3223 4244//4233 500//500
f 1308//1307 68//68 4287//4276
f 1367//1366 833//833 4288//4277
f 3524//3519 1844//1843 4289//4278
f 2472//2468 2474//2470 3169//3165
f 4290//4279 2472//2468 3169//3165
f 1768//1767 1281//1280 382//382
f 3036//3032 2110//2108 2151//2149
f 4291//4280 3354//3350 3244//3240
f 2496//2492 121//121 3879//3871
f 2911//2907 2325//2322 3269//3265
f 1759//1758 2985//2981 231//231
f 1222//1221 3329//3325 2212//2209
f 2128//2126 1738//1737 1740//1739
f 4292//4281 3590//3585 1671//1670
f 2569//2565 4293//4282 4294//4283
f 218//218 412//412 335//335
f 1600//1599 4246//4235 1933//1932
f 549//549 548//548 2552//2548
f 4295//4284 4296//4285 4297//4286
f 4298//4287 4295//4284 4297//4286
f 4299//4288 748//748 2595//2591
f 4300//4289 1300//1299 2601//2597
f 3978//3970 4300//4289 2601//2597
f 115//115 117//117 2//2
f 115//115 2//2 3159//3155
f 3136//3132 1945//1944 2847//2843
f 2798//2794 799//799 4301//4290
f 4302//4291 3476//3472 4303//4292
f 4304//4293 4305//4294 2620//2616
f 871//871 870//870 2625//2621
f 3313//3309 1811//1810 4306//4295
f 124//124 3313//3309 4306//4295
f 2639//2635 3127//3123 2640//2636
f 586//586 545//545 587//587
f 112//112 114//114 215//215
f 1638//1637 112//112 215//215
f 3769//3762 3428//3424 3770//3763
f 2370//2367 2758//2754 4307//4296
f 4308//4297 2370//2367 4307//4296
f 875//875 874//874 3979//3971
f 2207//2204 1567//1566 1407//1406
f 1670//1669 3136//3132 2119//2117
f 2068//2067 2933//2929 4309//4298
f 2727//2723 540//540 4310//4299
f 2727//2723 4310//4299 4311//4300
f 4312//4301 1835//1834 2324//2321
f 4313//4302 4314//4303 3629//3623
f 2591//2587 3477//3473 3347//3343
f 3287//3283 2591//2587 3347//3343
f 4315//4304 3516//3511 4316//4305
f 4317//4306 44//44 47//47
f 2966//2962 2965//2961 1640//1639
f 4318//4307 3410//3406 957//957
f 696//696 2794//2790 2063//2062
f 1492//1491 4319//4308 3995//3987
f 134//134 133//133 4193//4185
f 3432//3428 1848//1847 1849//1848
f 3325//3321 3865//3858 856//856
f 4320//4309 3404//3400 2899//2895
f 758//758 4321//4310 2233//2230
f 4322//4311 4323//4312 681//681
f 3177//3173 3176//3172 922//922
f 1833//1832 1638//1637 215//215
f 1833//1832 215//215 369//369
f 2953//2949 4324//4313 2606//2602
f 2954//2950 2953//2949 2606//2602
f 264//264 2048//2047 265//265
f 3277//3273 4178//4170 2903//2899
f 2655//2651 1956//1955 3170//3166
f 4325//4314 3201//3197 4252//4241
f 2680//2676 2762//2758 2793//2789
f 2839//2835 2838//2834 2742//2738
f 2839//2835 2742//2738 3528//3523
f 3564//3559 2247//2244 3997//3989
f 1766//1765 2054//2053 2055//2054
f 490//490 4192//4184 491//491
f 2979//2975 2980//2976 2826//2822
f 1864//1863 277//277 1865//1864
f 4326//4315 3939//3931 939//939
f 4326//4315 939//939 10//10
f 129//129 3518//3513 3781//3774
f 129//129 3781//3774 3783//3776
f 4327//4316 1726//1725 1577//1576
f 4036//4028 1684//1683 1683//1682
f 2801//2797 3440//3436 3442//3438
f 4328//4317 3700//3693 4329//4318
f 4330//4319 4328//4317 4329//4318
f 374//374 972//972 3489//3485
f 3308//3304 245//245 1216//1215
f 4331//4320 2088//2086 2087//2085
f 4332//4321 4331//4320 2087//2085
f 1666//1665 1871//1870 1500//1499
f 2943//2939 3581//3576 2978//2974
f 3863//3856 2943//2939 2978//2974
f 1575//1574 3116//3112 1576//1575
f 3780//3773 3779//3772 3352//3348
f 3525//3520 3524//3519 4289//4278
f 4333//4322 2201//2199 1945//1944
f 4089//4081 4334//4323 4240//4229
f 3471//3467 4335//4324 2971//2967
f 998//998 2347//2344 4118//4110
f 3921//3913 555//555 4336//4325
f 1371//1370 720//720 4337//4326
f 725//725 3351//3347 726//726
f 4338//4327 1419//1418 1421//1420
f 1352//1351 2617//2613 3125//3121
f 699//699 2454//2450 2291//2288
f 2221//2218 2209//2206 4339//4328
f 1464//1463 4340//4329 2227//2224
f 3479//3475 3481//3477 4097//4089
f 4090//4082 4341//4330 4079//4071
f 4090//4082 4079//4071 4087//4079
f 4342//4331 2367//2364 2369//2366
f 4342//4331 2369//2366 550//550
f 178//178 177//177 1438//1437
f 178//178 1438//1437 4343//4332
f 4344//4333 3486//3482 2546//2542
f 3695//3688 2395//2392 2394//2391
f 1044//1044 3695//3688 2394//2391
f 2990//2986 2119//2117 1547//1546
f 1254//1253 1253//1252 4345//4334
f 4346//4335 368//368 1609//1608
f 4347//4336 1463//1462 731//731
f 4348//4337 1319//1318 4349//4338
f 943//943 3746//3739 1210//1209
f 1959//1958 943//943 1210//1209
f 4289//4278 4350//4339 3777//3770
f 2117//2115 2102//2100 3042//3038
f 1281//1280 473//473 383//383
f 4351//4340 325//325 2169//2167
f 3867//3860 328//328 1328//1327
f 275//275 1927//1926 1934//1933
f 3880//3872 3149//3145 2441//2438
f 1185//1184 3497//3044 1186//1185
f 1911//1910 3362//3358 1001//1001
f 3027//3023 3029//3025 3728//3721
f 765//765 767//767 682//682
f 4352//4341 3511//3506 626//626
f 2101//2099 4353//4342 877//877
f 4354//4343 3231//3227 1993//1992
f 1152//1151 354//354 771//771
f 1901//1900 498//498 2149//2147
f 3254//3250 3253//3249 3820//3813
f 3545//3540 2658//2654 524//524
f 1740//1739 2482//2478 3954//3946
f 4285//4274 3296//3292 4226//4216
f 866//866 2986//2982 4134//4126
f 2352//2349 2351//2348 4355//4344
f 4049//4041 2352//2349 4355//4344
f 2939//2935 3593//3588 1669//1668
f 1360//1359 4309//4298 4356//4345
f 4357//4346 3926//3918 4101//4093
f 4069//4061 4315//4304 1739//1738
f 1738//1737 4069//4061 1739//1738
f 2182//2180 258//258 257//257
f 3539//3534 3015//3011 3737//3730
f 885//885 3651//3644 886//886
f 4358//4347 151//151 1374//1373
f 2100//2098 2074//2073 538//538
f 3288//3284 1798//1797 4359//4348
f 3288//3284 4359//4348 3287//3283
f 616//616 615//615 2192//2190
f 4360//4349 3467//3463 3934//3926
f 2027//2026 3552//3547 2028//2027
f 1815//1814 3974//3966 2355//2352
f 1260//1259 30//30 2301//2298
f 4095//4087 3531//3526 3530//3525
f 3971//3963 979//979 4279//4268
f 3971//3963 4279//4268 3972//3964
f 4361//4350 3840//3833 3644//3638
f 2886//2882 2167//2165 2166//2164
f 134//134 165//165 132//132
f 253//253 4362//4351 4363//4352
f 4364//4353 4086//4078 3155//3151
f 4365//4354 4364//4353 3155//3151
f 2601//2597 2602//2598 3587//3582
f 1503//1502 4000//3992 1504//1503
f 4366//4355 4367//4356 4368//4357
f 3107//3103 4082//4074 277//277
f 4369//4358 3543//3538 3134//3130
f 1102//1101 2285//2282 2287//2284
f 2264//2261 2603//2599 3740//3733
f 4370//4359 2241//2238 2240//2237
f 4371//4360 4370//4359 2240//2237
f 4041//4033 373//373 1527//1526
f 182//182 2145//2143 3168//3164
f 4372//4361 2038//2037 1003//1003
f 317//317 2752//2748 2880//2876
f 2103//2101 206//206 205//205
f 3753//3746 3013//3009 3012//3008
f 3752//3745 3753//3746 3012//3008
f 3673//3666 2258//2255 1364//1363
f 2535//2531 4373//4362 3144//3140
f 1169//1168 3520//3515 4374//4363
f 4375//4364 2952//2948 2954//2950
f 4375//4364 2954//2950 1398//1397
f 1662//1661 4376//4365 853//853
f 578//578 581//581 1419//1418
f 3912//3904 4377//4366 2639//2635
f 4378//4367 1149//1148 4379//4368
f 3559//3554 705//705 704//704
f 4380//4369 3559//3554 704//704
f 4381//4028 3097//3093 334//334
f 2098//2096 2097//2095 1717//1716
f 219//219 4382//4370 4241//4230
f 1574//1573 3064//3060 1849//1848
f 133//133 132//132 2991//2987
f 4365//4354 3155//3151 3154//3150
f 727//727 729//729 2296//2293
f 3242//3238 375//375 3243//3239
f 3468//3464 549//549 2544//2540
f 2543//2539 3468//3464 2544//2540
f 3439//3435 2070//2069 2576//2572
f 2144//2142 3168//3164 2145//2143
f 2649//2645 2991//2987 2650//2646
f 2086//2084 4383//4371 3702//3695
f 2086//2084 3702//3695 4384//4372
f 259//259 4385//4373 4256//4245
f 1387//1386 786//786 788//788
f 4386//4374 3705//3698 1452//1451
f 3622//3616 4386//4374 1452//1451
f 3350//3346 4387//4375 4388//4376
f 3748//3741 3350//3346 4388//4376
f 2315//2312 4389//4377 4390//4378
f 4391//4379 1219//1218 1218//1217
f 4267//4256 4391//4379 1218//1217
f 3298//3294 3562//3557 3299//3295
f 1367//1366 2821//2817 2820//2816
f 833//833 1367//1366 2820//2816
f 4392//4380 3836//3829 4393//4381
f 1035//1035 4394//4382 4326//4315
f 2446//2443 4286//4275 3008//3004
f 681//681 680//680 1711//1710
f 172//172 4182//4174 3663//3656
f 599//599 4395//4383 4396//4384
f 3508//3503 599//599 4396//4384
f 2021//2020 2023//2022 3100//3096
f 211//211 4397//4385 1848//1847
f 1321//1320 26//26 28//28
f 4398//4386 2574//2570 2825//2821
f 3230//3226 4399//4387 4400//4388
f 3688//3681 2332//2329 2331//2328
f 4280//4269 4281//4270 3435//3431
f 3434//3430 4280//4269 3435//3431
f 3711//3704 3918//3910 4401//4389
f 3876//3868 3711//3704 4401//4389
f 3770//3763 3428//3424 4247//4236
f 2228//2225 1835//1834 4312//4301
f 708//708 3827//3820 1071//1071
f 4402//4390 3027//3023 3102//3098
f 1654//1653 999//999 2897//2893
f 2116//2114 4373//4362 2535//2531
f 3784//3777 2892//2888 2353//2350
f 3784//3777 2353//2350 1914//1913
f 4403//4391 3452//3448 3451//3447
f 3610//3605 3188//3184 4104//4096
f 4404//4392 617//617 677//677
f 4405//4393 4406//4394 3339//3335
f 1734//1733 1318//1317 1320//1319
f 2567//2563 4407//4395 3605//3600
f 2567//2563 3605//3600 2568//2564
f 3503//3498 2957//2953 3504//3499
f 1996//1995 1717//1716 2097//2095
f 2029//2028 4016//4008 1466//1465
f 4007//3999 1434//1433 1436//1435
f 1152//1151 771//771 2503//2499
f 4225//4215 1152//1151 2503//2499
f 2792//2788 86//86 88//88
f 442//442 441//441 2375//2372
f 442//442 2375//2372 4408//4396
f 1581//1580 474//474 185//185
f 932//932 337//337 4129//4121
f 2774//2770 2696//2692 1987//1986
f 2217//2214 4409//4397 4410//4398
f 2803//2799 4411//4399 4412//4400
f 3933//3925 2376//2373 329//329
f 2132//2130 3847//3840 1851//1850
f 4413//4401 1471//1470 4414//4402
f 4020//4012 4413//4401 4414//4402
f 111//111 110//110 3150//3146
f 1969//1968 1806//1805 1404//1403
f 1969//1968 1404//1403 1970//1969
f 604//604 174//174 1531//1530
f 605//605 604//604 1531//1530
f 815//815 531//531 1269//1268
f 2445//2442 1715//1714 4415//4403
f 1697//1696 3496//3492 4416//4404
f 522//522 3591//3586 1757//1756
f 4417//4405 2075//2074 3533//3528
f 1899//1898 3962//3954 1900//1899
f 2159//2157 2964//2960 2966//2962
f 2039//2038 2582//2578 3793//3786
f 4418//4406 541//541 4214//4206
f 4419//4407 4418//4406 4214//4206
f 4420//4408 1226//1225 3812//3805
f 4270//4259 1522//1521 4421//4409
f 4422//4410 2270//2267 3310//3306
f 2756//2752 666//666 669//669
f 4423//4411 2894//2890 919//919
f 4424//4412 1271//1270 3601//3596
f 3497//3044 2202//412 451//451
f 1236//1235 3512//3507 3419//3415
f 959//959 1440//1439 4425//4413
f 904//904 4098//4090 2695//2691
f 737//737 1957//1956 650//650
f 517//517 2748//2744 4189//4181
f 126//126 125//125 286//286
f 4426//4414 4427//4415 3284//3280
f 3629//3623 2681//2677 3418//3414
f 2466//2462 3092//3088 2652//2648
f 2466//2462 2652//2648 2467//2463
f 3543//3538 4428//4416 3647//3641
f 2417//2414 3815//3808 2415//2412
f 4429//4417 956//956 4430//4418
f 4431//4419 4429//4417 4430//4418
f 4432//4420 63//63 4433//4421
f 4434//4422 2419//2416 2422//2419
f 4435//4423 965//965 65//65
f 1232//1231 4435//4423 65//65
f 4436//4424 4437//4425 1403//1402
f 3405//3401 933//933 3031//3027
f 3980//3972 4438//4426 3707//3700
f 2889//2885 4439//4427 3911//3903
f 4425//4413 1440//1439 3888//3880
f 3206//3202 2429//2426 2428//2425
f 450//450 1381//1380 3910//3902
f 448//448 450//450 3910//3902
f 3460//3456 4440//4428 3039//3035
f 4441//4429 3208//3204 2926//2922
f 2925//2921 4441//4429 2926//2922
f 4204//4196 2895//2891 4377//4366
f 573//573 1749//1748 4442//4430
f 438//438 2690//2686 1170//1169
f 3987//3979 4443//4431 3988//3980
f 4085//4077 2644//2640 4444//4432
f 4445//4433 4446//4434 2593//2589
f 1651//1650 2184//2182 3716//3709
f 4447//4435 1205//1204 2807//2803
f 1145//1144 4061//4053 4448//4436
f 3886//3878 4449//4437 3862//3855
f 3886//3878 3862//3855 3861//3854
f 2484//2480 4194//4186 3531//3526
f 3668//3661 4290//4279 3169//3165
f 3997//3989 701//701 703//703
f 4450//4341 3063//3059 4451//4438
f 3205//3201 4450//4341 4451//4438
f 2335//2332 1110//1109 2633//2629
f 106//106 3648//107 107//107
f 1797//1796 1796//1795 2767//2763
f 1797//1796 2767//2763 1102//1101
f 4452//4439 4453//4440 2909//2905
f 4452//4439 2909//2905 3526//3521
f 4454//4441 1153//1152 3758//3751
f 2788//2784 1606//1605 3429//3425
f 3200//3196 3199//3195 4455//4442
f 1930//1929 2502//2498 2504//2500
f 3928//3920 2790//2786 3289//3285
f 2639//2635 357//357 3127//3123
f 1971//1970 1620//1619 4417//4405
f 3833//3826 3835//3828 4015//4007
f 4228//2179 4218//3028 3682//3675
f 13//13 4456//4443 11//11
f 3855//3848 1486//1485 1043//1043
f 997//997 2347//2344 998//998
f 171//171 3633//3627 4457//4444
f 4458//4445 2830//2826 3050//3046
f 2928//2924 2360//2357 3688//3681
f 3658//3651 3347//3343 3477//3473
f 3158//3154 2490//2486 2489//2485
f 1090//1089 3924//3916 2981//2977
f 3120//3116 2189//2187 2185//2183
f 3120//3116 2185//2183 4459//4446
f 2683//2679 2682//2678 2947//2943
f 4460//4447 4408//4396 4461//4448
f 4236//4225 4462//4449 4463//4450
f 4081//4073 4236//4225 4463//4450
f 725//725 3465//3461 2312//2309
f 272//272 645//645 644//644
f 3785//3778 3810//3803 4464//4451
f 3785//3778 4464//4451 3786//3779
f 1865//1864 277//277 276//276
f 3258//3254 3297//3293 4465//4452
f 381//381 3643//3637 382//382
f 4399//4387 707//707 4251//4240
f 4399//4387 4251//4240 4400//4388
f 3597//3592 79//79 2813//2809
f 3757//3750 3756//3749 4466//4453
f 645//645 275//275 1936//1935
f 3879//3871 2831//2827 3880//3872
f 3161//3157 2300//2297 940//940
f 4251//4240 3161//3157 940//940
f 535//535 534//534 99//99
f 2402//2399 4467//4454 2539//2535
f 974//974 1623//1622 1622//1621
f 974//974 1622//1621 2389//2386
f 2754//2750 75//75 74//74
f 3581//3576 611//611 4053//4045
f 2559//2555 2042//2041 2560//2556
f 4316//4305 3516//3511 3518//3513
f 204//204 4468//4455 4407//4395
f 204//204 4407//4395 2567//2563
f 3965//3957 672//672 671//671
f 1546//1545 778//778 394//394
f 1847//1846 4469//4456 1974//1973
f 3340//3336 3784//3777 3341//3337
f 3515//3510 879//879 4470//4457
f 3515//3510 4470//4457 689//689
f 2514//2510 2605//2601 3426//3422
f 2252//2249 3091//3087 2752//2748
f 2328//2325 2898//2894 642//642
f 4220//4210 2193//2191 2195//2193
f 4471//4458 4472//4459 2716//2712
f 3806//3799 193//193 495//495
f 3727//3720 1598//1597 1600//1599
f 1763//1762 2529//2525 1764//1763
f 1701//1700 2540//2536 1702//1701
f 2099//2097 2074//2073 2100//2098
f 114//114 4414//4402 213//213
f 1980//1979 246//246 245//245
f 4358//4347 1374//1373 4403//4391
f 2298//2295 2552//2548 2299//2296
f 3081//3077 135//135 4473//4460
f 999//999 1059//1059 1058//1058
f 1325//1324 999//999 1058//1058
f 3631//3625 4474//4461 258//258
f 3624//3618 3746//3739 3625//3619
f 2586//2582 4475//4462 3834//3827
f 3505//3500 263//263 2572//2568
f 1833//1832 4464//4451 3810//3803
f 3067//3063 2343//2340 3314//3310
f 686//686 3067//3063 3314//3310
f 4476//4463 4477//4464 3828//3821
f 1722//1721 4134//4126 902//902
f 1722//1721 902//902 901//901
f 4478//4465 2182//2180 257//257
f 1605//1604 240//240 2581//2577
f 1059//1059 4479//4466 4283//4272
f 1639//1638 1641//1640 453//453
f 4264//4253 3468//3464 2543//2539
f 2459//2455 3817//3810 1773//1772
f 3185//3181 2008//2007 2010//2009
f 3185//3181 2010//2009 916//916
f 1990//1989 1989//1988 4480//4467
f 4481//3981 673//673 4078//4070
f 362//362 3421//3417 2649//2645
f 1998//1997 4482//4468 4483//4469
f 2376//2373 3933//3925 3019//3015
f 629//629 3929//3921 2920//2916
f 487//487 4484//4470 593//593
f 2279//2276 2217//2214 1158//1157
f 4485//4471 4486//4472 4487//4473
f 2204//2201 3235//3231 4488//4474
f 3918//3910 885//885 2879//2875
f 4401//4389 3918//3910 2879//2875
f 4489//4475 4490//4476 2989//2985
f 1890//1889 2449//2446 3832//3825
f 810//810 1890//1889 3832//3825
f 4223//4213 1425//1424 2950//2946
f 3642//3636 381//381 1007//1007
f 2263//2260 2433//2430 2264//2261
f 2998//2994 4491//4477 2607//2603
f 2998//2994 2607//2603 1965//1964
f 2806//2802 3446//3442 1560//1559
f 2615//2611 2437//2434 2436//2433
f 993//993 2628//2624 2627//2623
f 4492//4478 4493//4479 4331//4320
f 804//804 4494//4480 3571//3566
f 4495//4481 4496//4482 4497//4483
f 2335//2332 2633//2629 209//209
f 1685//1684 4498//4484 301//301
f 2247//2244 701//701 3997//3989
f 2287//2284 3432//3428 3017//3013
f 1820//1819 1403//1402 1821//1820
f 140//140 139//139 903//903
f 1049//1049 228//228 1050//1050
f 3928//3920 2789//2785 2790//2786
f 3929//3921 1600//1599 1933//1932
f 1162//1161 4499//4485 3459//3455
f 4500//4486 1547//1546 1549//1548
f 210//210 1028//1028 3061//3057
f 3769//3762 2004//2003 3992//3984
f 3658//3651 864//864 493//493
f 4402//4390 2089//2087 3027//3023
f 3109//3105 4501//4487 3110//3106
f 4502//4488 4257//4246 4503//1740
f 4504//4489 118//118 120//120
f 4505//4490 3888//3880 3890//3882
f 4505//4490 3890//3882 4271//4260
f 3108//3104 3111//3107 4029//4021
f 1862//1861 3108//3104 4029//4021
f 1919//1918 1920//1919 432//432
f 2427//2424 1919//1918 432//432
f 196//196 3809//3802 197//197
f 795//795 794//794 2836//2832
f 2809//2805 2811//2807 4111//4103
f 1228//1227 2692//2688 4506//4491
f 1480//1479 4168//4160 2738//2734
f 414//414 468//468 790//790
f 414//414 790//790 4171//4163
f 3765//3758 863//863 2679//2675
f 2483//2479 246//246 1980//1979
f 4507//4492 4508//4493 4509//4494
f 120//120 119//119 2004//2003
f 1012//1012 873//873 875//875
f 1884//1883 1883//1882 2444//2441
f 4510//4495 3850//3843 3775//3768
f 739//739 741//741 2881//2877
f 4062//4054 4511//4496 2094//2092
f 3767//3760 759//759 1369//1368
f 2372//2369 1890//1889 1889//1888
f 3893//3885 431//431 481//481
f 3975//3967 3978//3970 3586//3581
f 3427//3423 3254//3250 3820//3813
f 2495//2491 2882//2878 4013//4005
f 1135//1134 2495//2491 4013//4005
f 4512//4497 1710//1709 1712//1711
f 4513//4498 4103//4095 3188//3184
f 1647//1646 4513//4498 3188//3184
f 4514//4499 1748//1747 4507//4492
f 4514//4499 4507//4492 3583//3578
f 3782//3775 1178//1177 4515//4500
f 6//6 2678//2674 755//755
f 1938//1937 3357//3353 1939//1938
f 2605//2601 3858//3851 3425//3421
f 2572//2568 401//401 2710//2706
f 3160//3156 3173//3169 1385//1384
f 4516//4501 857//857 4033//4025
f 4406//4394 4516//4501 4033//4025
f 2898//2894 4078//4070 3989//3981
f 4517//4502 3685//3678 3377//3373
f 277//277 4082//4074 1636//1635
f 277//277 1636//1635 278//278
f 3009//3005 3226//3222 499//499
f 1202//1201 3928//3920 1822//1821
f 3475//3471 2713//2709 2623//2619
f 2622//2618 3475//3471 2623//2619
f 445//445 3661//3654 3663//3656
f 4471//4458 2716//2712 2715//2711
f 1381//1380 1380//1379 3910//3902
f 1197//1196 223//223 912//912
f 3784//3777 1914//1913 3811//3804
f 3014//3010 3016//3012 3143//3139
f 4418//4406 3678//3671 541//541
f 3405//3401 3031//3027 2868//2864
f 4082//4074 4463//4450 1637//1636
f 4518//4503 679//679 1118//1117
f 4518//4503 1118//1117 1117//1116
f 354//354 2031//2030 1942//1941
f 880//880 2564//2560 881//881
f 4519//4504 2940//2936 2999//2995
f 896//896 4520//4505 3216//3212
f 492//492 3659//3652 493//493
f 368//368 1954//1953 2654//2650
f 1609//1608 368//368 2654//2650
f 2747//2743 3420//3416 3649//3642
f 2747//2743 3649//3642 4200//4192
f 2496//2492 2007//2006 121//121
f 597//597 4170//4162 3456//3452
f 387//387 3994//3986 388//388
f 3575//3570 3790//3783 3792//3785
f 3576//3571 3575//3570 3792//3785
f 843//843 1224//1223 1226//1225
f 577//577 576//576 2755//2751
f 1032//1032 2547//2543 1590//1589
f 2189//2187 607//607 4521//4506
f 2532//2528 3050//3046 2533//2529
f 4522//4507 3816//3809 2459//2455
f 2497//2493 604//604 4523//4508
f 2159//2157 2326//2323 2418//2415
f 2254//2251 2159//2157 2418//2415
f 1149//1148 1148//1147 4065//4057
f 1272//1271 3248//3244 2231//2228
f 1273//1272 1272//1271 2231//2228
f 633//633 4524//4509 3162//3158
f 3858//3851 4030//4022 3425//3421
f 4091//4083 4450//4341 3205//3201
f 2387//2384 2080//2079 233//233
f 3571//3566 982//982 984//984
f 3640//3634 1606//1605 2580//2576
f 4174//4166 1906//1905 2359//2356
f 4525//4510 4174//4166 2359//2356
f 935//935 934//934 4526//4511
f 3660//3653 4527//4512 658//658
f 3045//3041 2794//2790 3046//3042
f 208//208 210//210 4528//4513
f 587//587 2730//2726 588//588
f 3064//3060 996//996 3696//3689
f 965//965 964//964 2837//2833
f 1978//1977 1977//1976 4529//4514
f 1254//1253 4345//4334 4146//4138
f 2213//2210 1254//1253 4146//4138
f 1295//1294 4530//4515 1296//1295
f 3195//3191 1606//1605 2787//2783
f 2455//2451 2626//2622 2789//2785
f 3789//3782 3788//3781 3836//3829
f 4515//4500 1180//1179 1999//1998
f 4520//4505 3385//3381 3216//3212
f 4448//4436 4061//4053 2093//2091
f 4448//4436 2093//2091 3877//3869
f 4229//4218 2843//2839 1048//1048
f 1047//1047 4229//4218 1048//1048
f 389//389 3291//3287 3951//3943
f 3827//3820 1069//1069 1071//1071
f 4531//4516 108//108 111//111
f 4531//4516 111//111 3152//3148
f 3427//3423 4532//4517 3254//3250
f 4210//4202 928//928 4075//4067
f 3800//3793 1629//1628 3772//3765
f 4123//4115 2802//2798 430//430
f 429//429 4123//4115 430//430
f 1223//1222 3134//3130 808//808
f 114//114 4020//4012 4414//4402
f 2429//2426 2485//2481 2430//2427
f 223//223 4171//4163 4533//4518
f 3149//3145 844//844 1368//1367
f 380//380 3645//3639 1516//1515
f 3070//3066 4534//4519 3141//3137
f 3070//3066 3141//3137 3140//3136
f 2809//2805 2479//2475 2810//2806
f 2768//2764 2727//2723 4535//4520
f 2768//2764 4535//4520 4160//4152
f 1350//1349 4398//4386 2825//2821
f 1732//1731 4536//4521 4537//4522
f 3804//3797 3635//3629 3805//3798
f 2734//2730 2736//2732 345//345
f 1162//1161 1161//1160 4499//4485
f 651//651 352//352 1344//1343
f 2644//2640 443//443 442//442
f 2644//2640 442//442 4444//4432
f 2698//2694 2410//2407 2579//2575
f 2578//2574 2698//2694 2579//2575
f 2163//2161 2162//2160 4459//4446
f 2176//2174 2178//2176 4538//4523
f 4539//4524 3834//3827 4475//4462
f 4540//4525 4541//4526 4035//4027
f 4429//4417 4431//4419 4542//4527
f 4301//4290 426//426 1086//1086
f 2485//2481 1329//1328 2486//2482
f 1219//1218 653//653 1220//1219
f 1295//1294 1380//1379 4530//4515
f 2973//2969 4037//4029 161//161
f 2834//2830 499//499 3717//3710
f 3141//3137 4157//4149 820//820
f 2347//2344 2346//2343 4543//4528
f 2482//2478 3433//3429 3881//3873
f 2482//2478 3881//3873 639//639
f 2899//2895 3405//3401 2868//2864
f 1400//1399 2226//2223 4544//4529
f 2334//2331 2874//2870 2873//2869
f 1739//1738 4315//4304 128//128
f 1739//1738 128//128 131//131
f 752//752 3906//3898 753//753
f 4418//4406 3679//3672 3678//3671
f 3423//3419 4545//4530 1569//1568
f 519//519 4379//4368 4065//4057
f 1789//1788 1177//1176 1573//1572
f 4171//4163 790//790 4533//4518
f 4099//4091 4546//4531 2275//2272
f 260//260 1473//1472 4547//4532
f 4548//4533 4549//4534 3849//3842
f 4548//4533 3849//3842 2293//2290
f 2028//2027 3631//3625 2182//2180
f 3149//3145 1368//1367 2441//2438
f 1408//1407 2887//2883 2886//2882
f 4343//4332 1438//1437 1099//1098
f 1645//1644 1647//1646 3187//3183
f 1645//1644 3187//3183 4517//4502
f 687//687 686//686 4150//4142
f 963//963 3657//3650 964//964
f 864//864 3658//3651 4302//4291
f 4490//4476 1338//1337 2006//2005
f 3165//3161 1939//1938 2894//2890
f 3297//3293 3299//3295 4465//4452
f 2195//2193 2194//2192 3491//3487
f 2775//2771 3106//3102 1828//1827
f 1827//1826 2775//2771 1828//1827
f 195//195 1804//1803 4550//4535
f 195//195 4550//4535 3801//3794
f 2354//2351 1940//1939 1915//1914
f 1013//1013 1869//1868 4551//4536
f 1526//1525 3535//3530 2901//2897
f 3831//3824 4127//4119 2475//2471
f 4552//4537 2417//2414 2416//2413
f 4552//4537 2416//2413 4553//4538
f 2373//2370 3628//3622 3630//3624
f 2373//2370 3630//3624 2374//2371
f 1131//1130 4198//4190 3718//3711
f 2875//2871 2877//2873 4385//4373
f 3138//3134 1626//1625 2154//2152
f 1638//1637 2900//2896 2869//2865
f 1638//1637 2869//2865 112//112
f 1907//1906 1372//1371 1192//1191
f 824//824 4554//4539 4051//4043
f 4555//4540 824//824 4051//4043
f 4031//4023 1203//1202 4447//4435
f 4031//4023 4447//4435 2807//2803
f 1697//1696 1696//1695 4556//4541
f 3496//3492 1697//1696 4556//4541
f 2934//2930 3855//3848 2935//2931
f 2243//2240 2819//2815 2244//2241
f 365//365 4557//4542 2197//2195
f 2537//2533 3777//3770 3247//3243
f 4558//4543 1338//1337 4490//4476
f 4294//4283 3395//3391 4350//4339
f 4355//4344 82//82 2853//2849
f 421//421 4559//4544 2773//2769
f 720//720 421//421 2773//2769
f 4560//4545 910//910 909//909
f 2582//2578 2581//2577 2309//2306
f 589//589 513//513 515//515
f 4561//4546 3988//3980 4062//4054
f 4561//4546 4062//4054 4061//4053
f 1341//1340 1611//1610 1360//1359
f 1341//1340 1360//1359 280//280
f 2410//2407 2197//2195 2196//2194
f 1807//1806 1810//1809 527//527
f 3309//3305 2648//2644 3761//3754
f 4562//4547 3309//3305 3761//3754
f 2695//2691 4163//4155 4318//4307
f 2695//2691 4318//4307 191//191
f 398//398 400//400 4563//4548
f 3375//3371 2047//2046 3376//3372
f 3329//3325 1855//1854 1854//1853
f 1728//1727 744//744 1729//1728
f 3617//3612 4552//4537 1257//1256
f 4099//4091 3408//3404 4546//4531
f 4104//4096 4103//4095 2942//2938
f 4104//4096 2942//2938 2941//2937
f 4105//4097 2292//2289 4564//4549
f 1555//1554 4105//4097 4564//4549
f 2531//2527 4092//4084 684//684
f 2531//2527 684//684 3049//3045
f 313//313 4565//4550 2484//2480
f 3861//3854 2128//2126 3887//3879
f 4566//4551 4303//4292 2190//2188
f 1125//1124 3568//3563 3105//3101
f 496//496 4567//4552 1560//1559
f 2844//2840 1000//1000 1654//1653
f 1929//1928 1975//1974 1935//1934
f 180//180 1625//1624 3757//3750
f 4568//4553 2564//2560 880//880
f 3368//3364 4568//4553 880//880
f 2799//2795 4569//4554 2800//2796
f 698//698 1689//1688 699//699
f 2325//2322 4480//4467 2326//2323
f 1835//1834 1837//1836 2324//2321
f 993//993 4109//4101 2628//2624
f 1603//1602 2443//2440 3615//3610
f 2308//2305 2307//2304 1155//1154
f 2912//2908 4073//4065 4131//4123
f 3755//3748 592//592 2984//2980
f 1759//1758 1758//1757 2985//2981
f 3681//3674 3581//3576 4053//4045
f 3089//3085 3088//3084 1818//1817
f 866//866 3494//3490 2986//2982
f 493//493 3765//3758 494//494
f 1857//1856 2988//2984 458//458
f 3110//3106 4501//4487 3147//3143
f 3110//3106 3147//3143 3146//3142
f 863//863 2512//2508 2679//2675
f 1875//1874 4570//4555 1876//1875
f 232//232 3799//3792 3292//3288
f 2999//2995 2940//2936 3302//3298
f 1644//1643 4114//4106 4324//4313
f 2953//2949 1644//1643 4324//4313
f 1928//1927 1037//1037 1038//1038
f 4189//4181 4560//4545 3614//3609
f 146//146 2195//2193 3491//3487
f 17//17 18//18 1428//1427
f 4571//4556 3020//3016 3019//3015
f 190//190 192//192 4202//4194
f 836//836 2791//2787 3740//3733
f 4572//4557 836//836 3740//3733
f 4371//4360 2240//2237 4035//4027
f 2917//2913 1236//1235 4494//4480
f 683//683 1376//1375 2205//2202
f 4119//4111 3321//3317 647//647
f 3774//3767 1656//1655 4573//4558
f 2946//2942 2945//2941 2041//2040
f 2946//2942 2041//2040 778//778
f 3977//3969 4300//4289 3978//3970
f 891//891 890//890 101//101
f 891//891 101//101 3020//3016
f 1871//1870 2834//2830 1500//1499
f 4574//4559 4575//4560 4576//4561
f 1482//1481 3643//3637 3207//3203
f 4142//4134 4417//4405 4143//4135
f 4577//4562 4578//4563 4579//4564
f 3989//3981 1304//1303 3041//3037
f 3938//3930 4580//4565 4581//4566
f 1472//1471 2395//2392 1473//1472
f 4582//4567 4517//4502 3377//3373
f 4582//4567 3377//3373 3709//3702
f 2673//2669 3772//3765 3773//3766
f 2494//2490 2236//2233 2963//2959
f 4583//4568 4584//4569 921//921
f 965//965 2837//2833 2839//2835
f 3723//3716 4498//4484 1685//1684
f 3989//3981 3041//3037 1485//1484
f 2898//2894 3989//3981 1485//1484
f 1192//1191 3846//3839 1908//1907
f 651//651 1957//1956 1680//1679
f 53//53 52//52 1834//1833
f 1629//1628 1631//1630 3773//3766
f 3453//3449 1557//1556 1556//1555
f 172//172 171//171 4182//4174
f 4155//4147 4154//4146 2722//2718
f 4156//4148 2531//2527 3049//3045
f 1190//1189 1718//1717 1720//1719
f 1398//1397 1400//1399 4544//4529
f 1372//1371 892//892 1192//1191
f 709//709 4164//4156 3787//3780
f 252//252 2703//2699 4362//4351
f 1511//1510 2180//2178 3055//3051
f 2345//2342 2537//2533 475//475
f 1565//1564 3693//3686 1566//1565
f 4462//4449 4320//4309 2899//2895
f 4164//4156 2769//2765 4585//4570
f 4078//4070 3990//3982 3989//3981
f 4207//4199 3320//3316 2040//2039
f 3162//3158 4524//4509 1878//1877
f 3162//3158 1878//1877 1881//1880
f 3556//3551 3485//3481 4209//4201
f 3917//3909 3381//3377 4476//4463
f 2067//2066 1265//1264 1267//1266
f 2407//2404 2067//2066 1267//1266
f 3033//3029 617//617 619//619
f 3033//3029 619//619 3807//3800
f 4553//4538 4007//3999 4586//4571
f 1281//1280 1769//1768 777//777
f 1981//1980 4376//4365 1661//1660
f 259//259 4474//4461 2875//2871
f 1190//1189 1139//1138 1719//1718
f 1190//1189 1719//1718 1718//1717
f 4587//4572 4428//4416 3543//3538
f 4588//4573 4587//4572 3543//3538
f 3440//3436 3732//3725 3441//3437
f 4589//4574 2457//2453 2456//2452
f 3889//3881 4589//4574 2456//2452
f 2082//219 4382//4370 219//219
f 4590//4575 1580//1579 1582//1581
f 4151//4143 4590//4575 1582//1581
f 4465//4452 1852//1851 465//465
f 4179//4171 3942//3934 4340//4329
f 4591//4576 4592//4577 4593//4578
f 4591//4576 4593//4578 4594//4579
f 4595//4580 2308//2305 898//898
f 4528//4513 210//210 3061//3057
f 440//440 1757//1756 441//441
f 3496//3492 1552//1551 3071//3067
f 4416//4404 3496//3492 3071//3067
f 4596//4581 4597//4582 238//238
f 4598//4583 2493//2489 1292//1291
f 4598//4583 1292//1291 1595//1594
f 2614//2610 1377//1376 766//766
f 2749//2745 3784//3777 3340//3336
f 304//304 3685//3678 3684//3677
f 304//304 3684//3677 305//305
f 4599//4584 2906//2902 2085//2083
f 2084//2082 4599//4584 2085//2083
f 3183//3179 4024//4016 4169//4161
f 3007//3003 3183//3179 4169//4161
f 3837//3830 3985//3977 4600//4585
f 2686//2682 4601//4586 3504//3499
f 148//148 1588//1587 3913//3905
f 3299//3295 3562//3557 1853//1852
f 4414//4402 1471//1470 213//213
f 4312//4301 2324//2321 2516//2512
f 3483//3479 3370//3366 3373//3369
f 3474//3470 2817//2813 2713//2709
f 707//707 2141//2139 630//630
f 4602//4587 4058//4050 4059//4051
f 4603//4588 2780//2776 1215//1214
f 658//658 660//660 3218//3214
f 2612//2608 4439//4427 2636//2632
f 1885//1884 83//83 436//436
f 4551//4536 1869//1868 4072//4064
f 2615//2611 2652//2648 2437//2434
f 302//302 4066//4058 2973//2969
f 2900//2896 2868//2864 2869//2865
f 1707//1706 370//370 2260//2257
f 1841//1840 3845//3838 4445//4433
f 1841//1840 4445//4433 2593//2589
f 3211//3207 968//968 2681//2677
f 4604//4589 3637//3631 4434//4422
f 4117//4109 3145//3141 611//611
f 846//846 2143//2141 3142//3138
f 3296//3292 4227//4217 4226//4216
f 688//688 690//690 3144//3140
f 4605//4590 4606//4591 2866//2862
f 2849//2845 4167//4159 3718//3711
f 4198//4190 2849//2845 3718//3711
f 2429//2426 3096//3092 2485//2481
f 3988//3980 4443//4431 4607//4592
f 4511//4496 3988//3980 4607//4592
f 2850//2846 2852//2848 871//871
f 4071//4063 3972//3964 2577//2573
f 1011//1011 2638//2634 1240//1239
f 1011//1011 1240//1239 3748//3741
f 2731//2727 360//360 3365//3361
f 2731//2727 3365//3361 1967//1966
f 394//394 779//779 251//251
f 394//394 251//251 598//598
f 3657//3650 1938//1937 1937//1936
f 3657//3650 1937//1936 3164//3160
f 3957//3949 3131//3127 1394//1393
f 2208//2205 4339//4328 2209//2206
f 4608//4593 4609//4594 3297//3293
f 662//662 1730//1729 663//663
f 4610//4595 4611//4596 3434//3430
f 3291//3287 869//869 1832//1831
f 3291//3287 1832//1831 1213//1212
f 3830//3823 4162//4154 4612//4597
f 4084//4076 4571//4556 3933//3925
f 1561//1560 1454//1453 4580//4565
f 570//570 3178//3174 571//571
f 3627//3621 3626//3620 3179//3175
f 3218//3214 660//660 1426//1425
f 3055//3051 3263//3259 3056//3052
f 2590//2586 3455//3451 3762//3755
f 3631//3625 3295//3291 4474//4461
f 4208//4200 4209//4201 4613//4598
f 294//294 296//296 2042//2041
f 1160//1159 3592//3587 1878//1877
f 2512//2508 862//862 2513//2509
f 4210//4202 3231//3227 3250//3246
f 4211//4203 4210//4202 3250//3246
f 635//635 3126//3122 636//636
f 4614//4599 4472//4459 4471//4458
f 4147//4139 1206//1205 1209//1208
f 3257//3253 2142//2140 3488//3484
f 4615//4600 4616//4601 4522//4507
f 2589//2585 2497//2493 2590//2586
f 1191//1190 1190//1189 3389//3385
f 1584//1583 4153//4145 3545//3540
f 942//942 941//941 4617//4602
f 1713//1712 924//924 1972//1971
f 461//461 3075//3071 1204//1203
f 821//821 4266//4255 2546//2542
f 4239//4228 4200//4192 3652//3645
f 1459//1458 2396//2393 2202//412
f 524//524 2553//2549 525//525
f 1185//1184 2202//412 3497//3044
f 3001//2997 3463//3459 3462//3458
f 2705//2701 4618//4603 4619//4604
f 3654//3647 2443//2440 2521//2517
f 614//614 4421//4409 469//469
f 2596//2592 4147//4139 3703//3696
f 2778//2774 4050//4042 717//717
f 716//716 2778//2774 717//717
f 861//861 860//860 1044//1044
f 3859//3852 4021//4013 3860//3853
f 3255//3251 4308//4297 3038//3034
f 2494//2490 3222//3218 3223//3219
f 2130//2128 2129//2127 4069//4061
f 2130//2128 4069//4061 1738//1737
f 266//266 268//268 4016//4008
f 508//508 510//510 1264//1263
f 2422//2419 3228//3224 3092//3088
f 4106//4098 4108//4100 4620//4605
f 2376//2373 2051//2050 2691//2687
f 117//117 3//3 2//2
f 4565//4550 822//822 1031//1031
f 4465//4452 3299//3295 1852//1851
f 2940//2936 2939//2935 1668//1667
f 1499//1498 1498//1497 4621//4606
f 3540//3535 4622//4607 3015//3011
f 3329//3325 1222//1221 3930//3922
f 2635//2631 1029//1029 1028//1028
f 2139//2137 155//155 154//154
f 394//394 598//598 395//395
f 822//822 821//821 1031//1031
f 2206//2203 1775//1774 1565//1564
f 2206//2203 1565//1564 1567//1566
f 3952//3944 3381//3377 3917//3909
f 2773//2769 2696//2692 2774//2770
f 4623//4608 664//664 4624//4609
f 4298//4287 4196//4188 4295//4284
f 34//34 722//722 35//35
f 2012//2011 3547//3542 2013//2012
f 2636//2632 4439//4427 2889//2885
f 4240//4229 3260//3256 3259//3255
f 4073//4065 2498//2494 4074//4066
f 1352//1351 3125//3121 1353//1352
f 555//555 554//554 4625//4610
f 4626//4611 3739//3732 4627//4612
f 2469//2465 2471//2467 1681//1680
f 1568//1567 4211//4203 3250//3246
f 1568//1567 3250//3246 3213//3209
f 4093//4085 685//685 684//684
f 4238//4227 4237//4226 1111//1110
f 4238//4227 1111//1110 2336//2333
f 571//571 2796//2792 3327//3323
f 845//845 1076//1076 2142//2140
f 4040//4032 2528//2524 2126//2124
f 4628//4613 2057//2056 3457//3453
f 2226//2223 1400//1399 2016//2015
f 4629//4614 4238//4227 2336//2333
f 3625//3619 3721//3714 4630//4615
f 1974//1973 4631//4616 4250//4239
f 2289//2286 3582//3577 2643//2639
f 3103//3099 3729//3722 3732//3725
f 990//990 1864//1863 1863//1862
f 130//130 4610//4595 3434//3430
f 911//911 1797//1796 1101//1100
f 4632//4617 3025//3021 3940//3932
f 4190//4182 1163//1162 3281//3277
f 1986//1985 1985//1984 3181//3177
f 1120//1119 64//64 2993//2989
f 4127//4119 3439//3435 2575//2571
f 4127//4119 2575//2571 506//506
f 4511//4496 3408//3404 2094//2092
f 3115//3111 2476//2472 3116//3112
f 4633//4618 4634//4619 783//783
f 4633//4618 783//783 4635//4620
f 494//494 3765//3758 2680//2676
f 494//494 2680//2676 2793//2789
f 4264//4253 2543//2539 838//838
f 1093//1092 1092//1091 4636//4621
f 3402//3398 3510//3505 3511//3506
f 4403//4391 4637//4622 3927//3919
f 4609//4594 3298//3294 3297//3293
f 3473//3469 3475//3471 2621//2617
f 943//943 3747//3740 3746//3739
f 4638//4623 4639//4624 4576//4561
f 4575//4560 4638//4623 4576//4561
f 876//876 755//755 3870//3862
f 2083//2081 3719//3712 1903//1902
f 4640//4625 4641//4626 4642//4627
f 4240//4229 267//267 4089//4081
f 1786//1785 533//533 536//536
f 32//32 3230//3226 4400//4388
f 32//32 4400//4388 29//29
f 4073//4065 1868//1867 4131//4123
f 230//230 1759//1758 231//231
f 2458//2454 4643//4628 2456//2452
f 692//692 2804//2800 693//693
f 4250//4239 4422//4410 3310//3306
f 4644//4629 4067//4059 2084//2082
f 2242//2239 3307//3303 3306//3302
f 1163//1162 2920//2916 1753//1752
f 3636//3630 1461//1460 1460//1459
f 3336//3332 4017//4009 4019//4011
f 271//271 4645//4630 4060//4052
f 4646//4631 4145//4137 680//680
f 560//560 3120//3116 4459//4446
f 3107//3103 1986//1985 4081//4073
f 321//321 320//320 2692//2688
f 4271//4260 3890//3882 4272//4261
f 4358//4347 4403//4391 3451//3447
f 1358//1357 3262//3258 3264//3260
f 1358//1357 3264//3260 1359//1358
f 4534//4519 855//855 4157//4149
f 1489//1488 2344//2341 3067//3063
f 2615//2611 2616//2612 4212//4204
f 3375//3371 3374//3370 4647//4632
f 1301//1300 3044//3040 1302//1301
f 1788//1787 1343//1342 1789//1788
f 262//262 1519//1518 1921//1920
f 3791//3784 262//262 1921//1920
f 4140//4132 3312//3308 236//236
f 2217//2214 4410//4398 1158//1157
f 2405//2402 4367//4356 4366//4355
f 3280//3276 2405//2402 4366//4355
f 2202//412 2398//2395 2203//2200
f 1545//1544 2676//2672 4049//4041
f 3154//3150 1572//1571 3500//3495
f 2277//2274 4648//4633 3327//3323
f 2277//2274 3327//3323 1164//1163
f 1430//1429 3267//3263 3333//3329
f 1430//1429 3333//3329 570//570
f 3150//3146 110//110 4513//4498
f 3150//3146 4513//4498 1646//1645
f 1424//1423 4649//4634 3976//3968
f 1424//1423 3976//3968 3975//3967
f 3966//3958 1675//1674 3384//3380
f 146//146 4650//4635 2411//2408
f 3505//3500 3504//3499 263//263
f 2808//2804 4270//4259 4651//4636
f 1453//1452 3705//3698 4026//4018
f 1454//1453 1453//1452 4026//4018
f 2643//2639 4110//4102 4168//4160
f 4213//4205 2024//2023 4652//4637
f 4525//4510 4653//4638 4174//4166
f 1756//1755 2021//2020 1754//1753
f 4194//4186 4654//4639 1031//1031
f 3620//3028 1348//1347 4228//2179
f 2495//2491 1135//1134 1134//1133
f 4655//4640 1703//1702 4174//4166
f 4653//4638 4655//4640 4174//4166
f 1500//1499 2664//2660 1501//1500
f 4130//4122 1045//1045 4413//4401
f 4020//4012 4130//4122 4413//4401
f 3061//3057 1028//1028 3062//3058
f 1681//1680 711//711 710//710
f 1405//1404 2862//2858 4133//4125
f 61//61 1892//1891 62//62
f 3147//3143 1391//1390 2929//2925
f 4656//4641 4647//4632 3374//3370
f 4656//4641 3374//3370 1444//1443
f 2948//2944 1393//1392 217//217
f 4281//4270 2948//2944 217//217
f 1948//1947 2441//2438 2785//2781
f 4654//4639 4565//4550 1031//1031
f 4426//4414 3284//3280 4657//4642
f 2089//2087 2088//2086 3028//3024
f 3174//3170 3666//3659 3175//3171
f 4249//4238 3002//2998 2989//2985
f 171//171 377//377 3633//3627
f 4658//4643 4372//4361 1002//1002
f 3261//3257 4658//4643 1002//1002
f 4173//4165 2574//2570 4398//4386
f 1536//1535 3909//3901 1537//1536
f 53//53 1834//1833 85//85
f 2246//2243 3825//3818 701//701
f 3900//3892 4348//4337 878//878
f 2846//2842 2201//2199 98//98
f 181//181 4175//4167 4659//4644
f 4426//4414 3633//3627 3632//3626
f 4426//4414 3632//3626 1712//1711
f 564//564 1575//1574 1574//1573
f 2167//2165 2887//2883 3367//3363
f 2167//2165 3367//3363 2168//2166
f 688//688 3144//3140 4373//4362
f 1153//1152 1152//1151 338//338
f 83//83 85//85 436//436
f 3861//3854 4068//4060 2129//2127
f 2397//2394 2306//2303 3048//3044
f 2230//2227 2229//2226 1884//1883
f 1461//1460 4054//4046 3400//3396
f 3587//3582 2602//2598 3742//3735
f 4222//4212 3323//3319 3601//3596
f 4222//4212 3601//3596 2281//2278
f 2039//2038 3793//3786 4207//4199
f 2039//2038 4207//4199 2040//2039
f 4660//4645 1354//1353 4509//4494
f 2056//2055 4660//4645 4509//4494
f 3897//3889 1926//1925 3865//3858
f 285//285 4605//4590 2958//2954
f 840//840 3941//3933 3677//3670
f 649//649 840//840 3677//3670
f 2461//2457 3688//3681 2331//2328
f 1508//1507 2931//2927 3424//3420
f 3392//3388 2924//2920 2923//2919
f 4017//4009 1479//1478 2234//2231
f 1835//1834 2630//2626 1836//1835
f 450//450 2150//2148 1724//1723
f 450//450 1724//1723 1381//1380
f 3131//3127 1949//1948 1394//1393
f 2148//2146 2147//2145 480//480
f 1266//1265 4230//4219 3416//3412
f 4242//4231 4661//4646 4243//4232
f 2692//2688 320//320 4662//4647
f 3327//3323 3357//3353 3328//3324
f 2109//2107 2943//2939 3863//3856
f 1873//1872 931//931 3404//3400
f 2885//2881 1262//1261 2230//2227
f 2885//2881 2230//2227 1602//1601
f 894//894 4663//4648 2169//2167
f 2375//2372 1725//1724 4408//4396
f 3119//3115 4664//4649 1309//1308
f 4231//4220 4104//4096 2941//2937
f 325//325 327//327 1786//1785
f 4665//4650 4372//4361 4658//4643
f 4334//4323 4665//4650 4658//4643
f 1389//1388 3962//3954 1899//1898
f 4516//4501 1086//1086 857//857
f 1146//1145 3444//3440 4666//4651
f 1146//1145 4666//4651 797//797
f 1244//1243 4667//4652 452//452
f 3823//3816 742//742 2359//2356
f 650//650 652//652 4277//4266
f 2902//2898 650//650 4277//4266
f 3478//3474 2995//2991 4668//4653
f 3936//3928 3478//3474 4668//4653
f 3876//3868 2297//2294 3711//3704
f 2758//2754 2757//2753 4307//4296
f 4532//4517 3252//3248 3254//3250
f 415//415 414//414 1197//1196
f 889//889 99//99 890//890
f 696//696 2063//2062 4669//4654
f 4607//4592 4487//4473 4670//4655
f 4590//4575 3315//3311 1580//1579
f 2869//2865 791//791 113//113
f 1407//1406 4094//4086 3001//2997
f 4375//4364 1398//1397 4544//4529
f 274//274 1928//1927 1927//1926
f 4670//4655 3554//3549 3553//3548
f 2233//2230 4321//4310 4056//4048
f 4671//4656 4672//4657 3196//3192
f 4195//4187 4196//4188 4298//4287
f 4268//4257 4195//4187 4298//4287
f 3839//3832 4673//4658 3023//3019
f 4057//4049 4321//4310 4212//4204
f 4003//3995 1036//1036 906//906
f 1042//1042 4003//3995 906//906
f 2776//2772 439//439 4674//4659
f 4566//4551 3950//3942 1323//1322
f 3385//3381 1232//1231 4675//4660
f 4192//4184 1893//1892 491//491
f 2980//2976 3431//3427 2826//2822
f 4676//4661 3524//3519 2344//2341
f 3615//3610 3654//3647 3616//3611
f 2472//2468 2439//2436 3736//3729
f 2402//2399 2404//2401 4467//4454
f 130//130 3434//3430 3433//3429
f 1585//1584 3546//3541 4677//4662
f 2226//2223 3361//3357 4544//4529
f 2834//2830 2833//2829 499//499
f 3744//3737 4529//4514 3113//3109
f 3366//3362 165//165 404//404
f 2173//2171 4008//4000 1587//1586
f 2155//2153 3361//3357 2226//2223
f 1569//1568 4545//4530 1570//1569
f 3905//3897 4465//4452 465//465
f 2279//2276 1158//1157 1157//1156
f 2978//2974 3581//3576 583//583
f 1242//1241 4678//4663 4679//4664
f 1242//1241 4679//4664 4680//4665
f 4681//4666 802//802 1792//1791
f 601//601 1247//1246 602//602
f 3412//3408 2363//2360 1230//1229
f 4682//4667 3751//3744 2255//2252
f 4682//4667 2255//2252 2366//2363
f 3095//3091 4084//4076 3867//3860
f 2267//2264 2269//2266 4683//4668
f 3151//3147 2506//2502 4021//4013
f 2846//2842 3963//3955 2847//2843
f 4035//4027 1684//1683 4036//4028
f 4497//4483 3474//3470 3473//3469
f 3884//3876 1626//1625 3967//3959
f 1583//1582 1585//1584 4618//4603
f 2737//2733 1481//1480 2738//2734
f 486//486 488//488 3755//3748
f 3246//3242 486//486 3755//3748
f 1310//1309 698//698 4273//4262
f 3257//3253 3488//3484 2156//2154
f 4684//4669 4127//4119 3831//3824
f 4430//4418 4684//4669 3831//3824
f 1616//1615 852//852 2660//2656
f 757//757 3856//3849 4321//4310
f 4052//4044 4685//4670 1514//1513
f 2194//2192 231//231 3184//3180
f 2194//2192 3184//3180 3491//3487
f 497//497 3446//3442 3445//3441
f 4686//4671 555//555 3921//3913
f 879//879 4687//4672 4470//4457
f 3881//3873 3435//3431 3204//3200
f 2117//2115 3042//3038 2118//2116
f 3848//3841 567//567 3480//3476
f 4688//4673 4360//4349 4689//4674
f 1328//1327 328//328 331//331
f 534//534 4690//4675 4691//4676
f 198//198 1387//1386 2608//2604
f 4692//4677 4693//4678 4504//4489
f 1761//1760 1617//1616 1616//1615
f 3728//3721 3029//3025 1877//1876
f 3327//3323 2796//2792 3357//3353
f 4471//4458 2715//2711 349//349
f 3307//3303 4471//4458 349//349
f 4354//4343 1993//1992 4201//4193
f 4694//4679 3464//3460 1189//1188
f 2122//2120 2121//2119 4695//4680
f 3306//3302 348//348 4498//4484
f 1596//1595 3117//3113 4696//4681
f 3523//3518 4677//4662 526//526
f 4503//1740 4257//4246 3898//3890
f 4407//4395 3332//3328 3605//3600
f 4175//4167 3757//3750 4466//4453
f 4697//2492 4563//4548 4261//4250
f 4697//2492 4261//4250 4260//4249
f 2360//2357 992//992 994//994
f 2792//2788 88//88 4120//4112
f 4061//4053 2094//2092 2093//2091
f 2702//2698 4698//4682 4699//4683
f 3199//3195 4700//4684 4701//4685
f 1390//1389 1771//1770 2929//2925
f 4702//4686 4703//4687 4704//4688
f 260//260 4547//4532 261//261
f 2259//2256 2756//2752 669//669
f 2631//2627 3207//3203 3695//3688
f 4214//4206 4137//4129 4092//4084
f 991//991 1863//1862 4705//4689
f 2431//2428 2250//2247 749//749
f 4706//4690 3191//3187 1963//1962
f 4613//4598 4707//4691 4708//4692
f 3979//3971 229//229 2193//2191
f 3979//3971 2193//2191 4220//4210
f 855//855 854//854 4266//4255
f 2303//2300 4329//4318 3540//3535
f 2303//2300 3540//3535 3539//3534
f 4096//4088 4097//4089 4709//4693
f 3970//3962 2255//2252 2257//2254
f 3796//3789 600//600 603//603
f 4710//4694 1983//1982 1691//1690
f 712//712 1977//1976 1976//1975
f 2491//2487 712//712 1976//1975
f 1298//1297 457//457 3550//3545
f 4443//4431 4696//4681 4485//4471
f 241//241 609//609 242//242
f 2681//2677 3629//3623 4314//4303
f 2681//2677 4314//4303 3211//3207
f 3551//3546 3558//3553 3559//3554
f 2855//2851 3905//3897 464//464
f 4650//4635 1741//1740 4711//4695
f 796//796 795//795 4712//4696
f 796//796 4712//4696 2367//2364
f 4713//4697 2215//2212 3563//3558
f 3946//3938 3567//3562 1486//1485
f 618//618 1089//1088 3774//3767
f 2846//2842 98//98 2548//2544
f 70//70 69//69 4714//4698
f 4374//4363 3520//3515 1357//1356
f 4715//4699 4354//4343 4201//4193
f 3350//3346 1242//1241 4387//4375
f 3070//3066 3140//3136 1633//1632
f 212//212 562//562 564//564
f 1981//1980 1983//1982 4710//4694
f 4716//4700 3864//3857 3148//3144
f 4610//4595 3783//3776 4611//4596
f 563//563 1909//1908 3115//3111
f 4444//4432 4460//4447 4461//4448
f 13//13 10//10 939//939
f 3339//3335 4406//4394 2687//2683
f 1403//1402 1402//1401 3589//3584
f 2989//2985 2006//2005 4249//4238
f 958//958 2765//2761 4717//4701
f 1414//1413 1413//1412 2849//2845
f 3812//3805 508//508 4718//4702
f 3561//3556 3806//3799 495//495
f 1090//1089 1089//1088 618//618
f 799//799 4719//4703 4301//4290
f 137//137 4453//4440 4452//4439
f 835//835 3852//3845 4720//4704
f 3825//3818 3824//3817 702//702
f 4522//4507 2459//2455 4615//4600
f 3115//3111 3846//3839 2476//2472
f 2109//2107 2941//2937 2943//2939
f 2847//2843 3963//3955 3137//3133
f 4281//4270 217//217 3435//3431
f 4721//4705 3596//3591 3595//3590
f 110//110 3495//3491 3354//3350
f 2112//2110 2265//2262 4545//4530
f 919//919 3358//3354 1521//1520
f 708//708 1071//1071 2769//2765
f 4722//4706 4181//4173 1296//1295
f 1858//1857 1860//1859 3895//3887
f 3999//3991 2793//2789 2762//2758
f 3390//3386 4135//4127 3838//3831
f 1679//1678 2998//2994 1965//1964
f 3753//3746 4448//4436 3877//3869
f 3753//3746 3877//3869 3013//3009
f 1714//1713 4688//4673 4689//4674
f 1805//1804 669//669 668//668
f 2412//2409 3052//3048 1599//1598
f 4456//4443 2717//2713 4198//4190
f 1137//1136 2145//2143 1134//1133
f 4150//4142 686//686 3314//3310
f 48//48 4054//4046 3635//3629
f 2445//2442 4415//4403 4286//4275
f 2790//2786 2626//2622 3607//3602
f 1285//1284 2611//2607 1143//1142
f 773//773 4723//4707 1898//1897
f 690//690 2173//2171 1587//1586
f 3647//3641 482//482 2379//2376
f 2468//2464 70//70 4714//4698
f 2468//2464 4714//4698 1237//1236
f 4724//4708 737//737 3130//3126
f 1549//1548 4724//4708 3130//3126
f 3694//3687 4077//4069 2328//2325
f 586//586 588//588 4244//4233
f 4391//4379 3471//3467 1219//1218
f 3000//2996 4725//4709 1017//1017
f 2910//2906 3578//3573 2911//2907
f 2306//2303 600//600 3048//3044
f 3981//3973 3983//3975 4487//4473
f 4486//4472 3981//3973 4487//4473
f 862//862 864//864 3135//3131
f 1786//1785 1787//1786 533//533
f 4726//4710 1187//1186 3464//3460
f 646//646 4494//4480 804//804
f 274//274 1037//1037 1928//1927
f 4468//4455 3332//3328 4407//4395
f 3924//3916 4357//4346 842//842
f 1442//1441 2697//2693 2698//2694
f 1249//1248 4727//4711 77//77
f 3351//3347 2538//2534 4728//4712
f 393//393 4570//4555 1875//1874
f 978//978 393//393 1875//1874
f 3764//3757 4729//4713 2648//2644
f 2647//2643 3764//3757 2648//2644
f 2525//2521 2524//2520 1468//1467
f 2967//2963 3167//3163 3406//3402
f 4599//4584 4067//4059 4022//4014
f 4599//4584 4022//4014 2906//2902
f 830//830 829//829 3234//3230
f 1532//1531 3066//3062 2853//2849
f 3634//3628 3805//3798 3635//3629
f 4204//4196 4505//4490 2895//2891
f 4730//4714 3968//3960 3945//3937
f 3935//3927 695//695 2719//2715
f 416//416 2462//2458 417//417
f 3473//3469 2621//2617 2541//2537
f 4335//4324 3399//3395 4731//4715
f 4732//4716 4694//4679 745//745
f 232//232 1467//1466 3799//3792
f 3286//3282 3896//3888 512//512
f 511//511 3286//3282 512//512
f 3284//3280 4427//4415 2861//2857
f 3017//3013 3432//3428 1556//1555
f 2359//2356 742//742 950//950
f 1872//1871 4043//4035 1497//1496
f 4371//4360 4733//4717 4370//4359
f 2990//2986 1670//1669 2119//2117
f 4506//4491 4734//4718 1129//1128
f 2349//2346 3797//3790 616//616
f 2522//2518 2179//2177 2181//2179
f 326//326 4351//4340 2955//2951
f 340//340 339//339 4735//4719
f 3040//3036 2184//2182 2183//2181
f 4435//4423 962//962 965//965
f 3531//3526 3655//3648 2076//2075
f 1478//1477 150//150 4027//4019
f 4736//4720 1478//1477 4027//4019
f 567//567 927//927 1065//1065
f 3298//3294 3667//3660 3562//3557
f 2401//2398 1665//1664 2862//2858
f 2558//2554 4528//4513 4091//4083
f 4737//4721 1941//1940 3507//3502
f 3959//3951 4737//4721 3507//3502
f 2510//2506 4091//4083 106//106
f 2276//2273 3745//3738 4319//4308
f 1749//1748 1751//1750 4442//4430
f 4216//4208 4215//4207 1389//1388
f 703//703 3668//3661 3667//3660
f 465//465 54//54 56//56
f 4738//4722 4328//4317 4330//4319
f 4041//4033 2901//2897 972//972
f 4041//4033 972//972 374//374
f 1935//1934 4739//4723 1936//1935
f 3454//3450 3206//3202 3675//3668
f 404//404 1968//1967 1967//1966
f 3366//3362 404//404 1967//1966
f 2561//2557 433//433 1181//1180
f 4740//4724 3854//3847 3853//3846
f 4002//3994 4741//4725 1034//1034
f 2612//2608 2611//2607 4742//4726
f 3758//3751 1153//1152 2238//2235
f 1751//1750 3214//3210 565//565
f 3257//3253 2156//2154 2015//2014
f 2143//2141 3257//3253 2015//2014
f 4363//4352 2218//2215 3715//3708
f 4743//4727 4363//4352 3715//3708
f 1710//1709 681//681 1711//1710
f 1690//1689 2454//2450 699//699
f 176//176 2233//2230 177//177
f 2341//2338 491//491 589//589
f 357//357 3714//3707 3128//3124
f 357//357 3128//3124 3127//3123
f 2915//2911 2732//2728 2211//2208
f 1979//1978 245//245 3308//3304
f 446//446 445//445 4740//4724
f 3139//3135 1685//1684 301//301
f 3492//3488 3493//3489 4671//4656
f 2557//2553 2749//2745 3340//3336
f 512//512 3896//3888 3892//3884
f 1320//1319 1319//1318 4348//4337
f 1063//1063 3296//3292 4285//4274
f 4685//4670 4555//4540 2777//2773
f 1514//1513 4685//4670 2777//2773
f 2813//2809 79//79 2814//2810
f 1735//1734 2563//2559 4744//4728
f 3447//3443 4539//4524 4037//4029
f 13//13 938//938 4456//4443
f 3199//3195 4701//4685 2893//2889
f 417//417 3868//2329 4077//4069
f 417//417 4077//4069 3694//3687
f 3162//3158 1881//1880 2300//2297
f 4390//4378 783//783 4634//4619
f 1295//1294 163//163 4193//4185
f 2912//2908 4131//4123 2913//2909
f 4689//4674 4360//4349 3934//3926
f 2993//2989 67//67 345//345
f 3579//3574 4745//4729 1383//1382
f 2805//2801 3087//3083 2237//2234
f 1782//1781 4340//4329 1464//1463
f 116//116 33//33 2784//2780
f 116//116 2784//2780 117//117
f 871//871 3618//3613 872//872
f 1505//1504 1119//1118 1121//1120
f 2560//2556 2260//2257 4746//4730
f 4153//4145 2658//2654 3545//3540
f 4606//4591 1113//1112 2866//2862
f 2507//2503 1645//1644 4517//4502
f 2507//2503 4517//4502 4582//4567
f 349//349 2715//2711 350//350
f 2281//2278 1273//1272 4527//4512
f 3958//3950 3507//3502 3506//3501
f 4461//4448 4408//4396 1726//1725
f 1639//1638 453//453 4667//4652
f 1090//1089 4747//4731 3924//3916
f 2742//2738 2838//2834 2743//2739
f 2660//2656 852//852 851//851
f 2660//2656 851//851 1290//1289
f 4607//4592 4546//4531 3408//3404
f 4324//4313 2604//2600 2606//2602
f 2352//2349 4049//4041 2676//2672
f 2502//2498 1930//1929 2518//2514
f 4176//4168 3706//3699 3665//3658
f 4748//4732 3573//3568 2666//2662
f 2888//2884 133//133 621//621
f 60//60 4432//4420 781//781
f 780//780 60//60 781//781
f 4619//4604 4618//4603 4749//4733
f 4157//4149 855//855 821//821
f 3412//3408 1230//1229 1229//1228
f 1141//1140 1140//1139 44//44
f 737//737 2153//2151 1957//1956
f 1663//1662 386//386 665//665
f 1663//1662 665//665 1051//1051
f 4707//4691 3872//3864 4234//4223
f 3176//3172 1268//1267 1270//1269
f 832//832 4624//4609 487//487
f 2014//2013 2013//2012 2090//2088
f 1648//1647 2468//2464 1649//1648
f 1379//1378 1381//1380 1723//1722
f 4750//4734 1379//1378 1723//1722
f 4751//4735 4158//4150 4655//4640
f 3039//3035 2972//2968 817//817
f 3461//3457 3039//3035 817//817
f 3929//3921 1933//1932 1753//1752
f 2920//2916 3929//3921 1753//1752
f 1662//1661 853//853 3741//3734
f 4597//4582 2212//2209 239//239
f 2058//2057 3413//3409 2056//2055
f 2989//2985 4490//4476 2006//2005
f 908//908 907//907 2480//2476
f 1943//1942 2365//2362 1944//1943
f 1210//1209 3746//3739 4752//4736
f 1210//1209 4752//4736 1096//1095
f 2292//2289 2294//2291 3752//3745
f 2288//2285 592//592 594//594
f 1770//1769 1772//1771 992//992
f 4740//4724 3944//3936 3854//3847
f 1799//1798 1080//1080 1081//1081
f 1152//1151 1151//1150 354//354
f 4080//4072 4079//4071 4341//4330
f 2703//2699 4753//4737 2219//2216
f 4362//4351 2703//2699 2219//2216
f 4711//4695 1741//1740 1742//1741
f 4711//4695 1742//1741 3082//3078
f 1221//1220 3930//3922 1222//1221
f 3079//3075 3078//3074 3416//3412
f 3343//3339 2809//2805 4111//4103
f 4497//4483 4496//4482 3474//3470
f 2371//2368 4284//4273 2372//2369
f 4063//4055 1564//1563 674//674
f 2615//2611 2467//2463 2652//2648
f 4499//4485 4655//4640 4653//4638
f 3459//3455 4499//4485 4653//4638
f 4155//4147 2722//2718 3114//3110
f 493//493 864//864 3765//3758
f 4754//4738 870//870 3871//3863
f 3838//3831 4135//4127 3839//3832
f 4755//4739 1077//1077 1079//1079
f 1303//1302 1302//1301 3935//3927
f 1303//1302 3935//3927 3617//3612
f 3940//3932 1198//1197 1199//1198
f 363//363 1933//1932 364//364
f 4029//4021 3111//3107 3864//3857
f 4029//4021 3864//3857 1447//1446
f 1940//1939 4389//4377 2315//2312
f 2452//2395 1947//1946 4005//3997
f 2527//2523 3997//3989 4609//4594
f 3734//3727 3229//3225 3441//3437
f 1999//1998 2001//2000 4515//4500
f 568//568 2567//2563 2566//2562
f 1812//1811 127//127 790//790
f 468//468 1812//1811 790//790
f 4695//4680 2121//2119 290//290
f 1178//1177 1180//1179 4515//4500
f 4756//4740 4418//4406 4419//4407
f 515//515 514//514 2977//2973
f 170//170 172//172 3662//3655
f 3914//3906 170//170 3662//3655
f 1902//1901 528//528 2083//2081
f 2038//2037 2040//2039 1003//1003
f 3654//3647 2521//2517 4757//4741
f 2867//2863 4038//4030 4039//4031
f 2958//2954 2867//2863 4039//4031
f 1476//1475 4026//4018 4758//4742
f 1114//1113 2222//2219 2221//2218
f 4759//4743 3752//3745 3012//3008
f 4759//4743 3012//3008 1706//1705
f 79//79 78//78 2814//2810
f 874//874 229//229 3979//3971
f 4545//4530 2266//2263 2248//2245
f 333//333 4381//4028 334//334
f 1754//1753 2021//2020 3100//3096
f 530//530 3239//3235 96//96
f 4267//4256 1218//1217 4195//4187
f 2122//2120 2487//2483 1023//1023
f 1733//1732 4537//4522 4484//4470
f 663//663 1733//1732 4484//4470
f 3262//3258 1358//1357 3802//3795
f 1445//1444 332//332 2496//2492
f 2365//2362 4682//4667 2366//2363
f 1626//1625 3884//3876 2154//2152
f 4120//4112 3787//3780 3789//3782
f 4082//4074 1637//1636 1636//1635
f 4760//4744 3557//3552 751//751
f 4761//4745 1571//1570 4165//4157
f 4761//4745 4165//4157 1249//1248
f 3604//3599 2026//2025 4478//4465
f 4723//4707 4762//4746 4763//4747
f 4325//4314 3105//3101 692//692
f 4325//4314 692//692 694//694
f 2127//2125 3905//3897 2855//2851
f 2120//2118 3136//3132 3138//3134
f 1558//1557 4764//4748 3850//3843
f 393//393 395//395 4570//4555
f 4694//4679 2400//2397 745//745
f 1423//1422 1951//1950 4649//4634
f 1710//1709 4322//4311 681//681
f 4765//4749 4221//4211 2950//2946
f 2835//2831 2192//2190 2599//2595
f 3118//3114 4664//4649 3119//3115
f 187//187 4736//4720 3099//3095
f 2023//2022 187//187 3099//3095
f 4766//4750 4531//4516 3152//3148
f 3797//3790 4651//4636 614//614
f 2584//2580 2029//2028 1465//1464
f 1522//1521 3803//3796 4767//4751
f 2917//2913 1234//1233 1236//1235
f 1618//1617 4097//4089 4274//4263
f 627//627 4748//4732 628//628
f 2866//2862 1113//1112 1115//1114
f 3446//3442 496//496 1560//1559
f 1755//1754 1754//1753 3757//3750
f 1625//1624 1755//1754 3757//3750
f 4083//4075 257//257 259//259
f 2564//2560 2563//2559 1735//1734
f 2169//2167 2170//2168 3383//3379
f 4716//4700 3148//3144 3147//3143
f 3916//3908 3915//3907 3279//3275
f 629//629 628//628 2667//2663
f 4569//4554 3101//3097 2800//2796
f 2359//2356 1906//1905 3823//3816
f 3757//3750 4175//4167 180//180
f 3105//3101 3568//3563 692//692
f 4132//4124 1871//1870 1666//1665
f 4243//4232 4661//4646 3198//3194
f 3079//3075 3416//3412 4230//4219
f 1937//1936 1939//1938 3165//3161
f 4768//4752 4769//4753 2530//2526
f 4770//4754 4768//4752 2530//2526
f 4771//4755 68//68 721//721
f 4136//4128 4772//4756 4028//4020
f 4000//3992 3317//3313 234//234
f 2066//2065 3079//3075 4230//4219
f 1304//1303 2223//2220 1305//1304
f 3818//3811 2549//2545 3444//3440
f 3575//3570 1005//1005 4128//4120
f 3215//3211 4098//4090 904//904
f 954//954 3472//3468 955//955
f 1880//1879 1879//1878 2307//2304
f 4091//4083 4528//4513 4450//4341
f 3840//3833 4032//4024 3841//3834
f 4101//4093 1074//1074 1820//1819
f 4773//4757 2743//2739 2838//2834
f 2454//2450 2850//2846 2624//2620
f 1011//1011 873//873 1012//1012
f 3063//3059 4541//4526 4451//4438
f 4774//4758 4775//4759 4776//4760
f 3220//3216 4774//4758 4776//4760
f 2645//2641 4617//4602 941//941
f 514//514 2978//2974 2977//2973
f 4747//4731 2669//2665 1072//1072
f 4747//4731 1072//1072 3925//3917
f 4409//4397 3004//3000 2131//2129
f 1359//1358 2913//2909 2400//2397
f 4777//4761 4440//4428 3460//3456
f 1692//1691 4777//4761 3460//3456
f 3247//3243 3937//3929 2618//2614
f 2639//2635 358//358 357//357
f 3407//3403 3427//3423 3820//3813
f 4604//4589 4434//4422 3771//3764
f 4386//4374 2960//2956 3705//3698
f 1966//1965 4682//4667 1943//1942
f 2797//2793 269//269 4778//4762
f 240//240 3468//3464 4264//4253
f 1005//1005 1004//1004 260//260
f 1005//1005 260//260 4128//4120
f 4499//4485 1161//1160 4751//4735
f 4499//4485 4751//4735 4655//4640
f 4051//4043 4554//4539 3907//3899
f 4779//4763 1075//1075 845//845
f 589//589 515//515 590//590
f 4780//4764 1024//1024 4139//4131
f 4138//4130 4780//4764 4139//4131
f 2778//2774 2777//2773 4555//4540
f 2778//2774 4555//4540 4050//4042
f 1894//1893 2152//2150 1895//1894
f 4781//4765 4453//4440 137//137
f 3085//3081 952//952 2732//2728
f 56//56 55//55 683//683
f 4782//4766 1808//1807 1810//1809
f 2486//2482 1329//1328 1496//1495
f 2982//2978 107//107 601//601
f 41//41 39//39 4309//4298
f 2933//2929 41//41 4309//4298
f 3245//3241 486//486 3246//3242
f 976//976 2518//2514 2517//2513
f 4713//4697 3563//3558 3873//3865
f 95//95 2501//2497 4684//4669
f 4358//4347 3502//3497 2884//2880
f 3853//3846 3855//3848 447//447
f 446//446 3853//3846 447//447
f 3164//3160 3165//3161 2894//2890
f 2464//2460 4477//4464 3381//3377
f 596//596 3007//3003 4169//4161
f 596//596 4169//4161 597//597
f 4117//4109 611//611 3581//3576
f 753//753 3906//3898 4708//4692
f 753//753 4708//4692 4233//4222
f 594//594 593//593 3922//3914
f 2522//2518 615//615 471//471
f 3803//3796 1386//1385 3804//3797
f 2607//2603 4491//4477 2608//2604
f 1110//1109 1112//1111 4783//4767
f 2455//2451 2624//2620 2626//2622
f 4439//4427 2612//2608 4742//4726
f 3447//3443 4784//4768 4539//4524
f 2182//2180 3631//3625 258//258
f 182//182 1624//1623 180//180
f 3813//3806 1342//1341 2000//1999
f 1338//1337 1337//1336 2006//2005
f 4478//4465 257//257 3016//3012
f 35//35 70//70 37//37
f 414//414 422//422 468//468
f 4374//4363 1356//1355 2320//2317
f 1169//1168 4374//4363 2320//2317
f 1444//1443 1443//1442 979//979
f 4785//4769 2155//2153 1700//1699
f 1702//1701 4785//4769 1700//1699
f 3952//3944 3917//3909 1339//1338
f 1340//1339 3952//3944 1339//1338
f 931//931 3821//3814 3404//3400
f 1103//1102 1102//1101 2287//2284
f 1103//1102 2287//2284 3722//3715
f 3972//3964 4071//4063 2186//2184
f 1828//1827 990//990 989//989
f 1390//1389 1106//1105 1771//1770
f 2573//2569 2166//2164 3891//3883
f 4786//4770 2161//2159 2163//2161
f 904//904 2695//2691 905//905
f 3286//3282 3285//3281 3895//3887
f 3430//3426 3429//3425 3641//3635
f 3430//3426 3641//3635 4665//4650
f 4787//4771 723//723 2271//2268
f 2517//2513 4098//4090 3215//3211
f 4788//4772 2997//2993 2117//2115
f 4691//4676 3899//3891 100//100
f 99//99 4691//4676 100//100
f 1969//1968 1971//1970 4142//4134
f 2555//2551 2557//2553 3814//3807
f 1503//1502 2516//2512 4000//3992
f 4437//4425 4436//4424 2670//2666
f 2469//2465 1681//1680 3334//3330
f 3395//3391 3397//3393 4350//4339
f 4056//4048 1040//1040 4025//4017
f 4789//4773 2059//2058 3947//3939
f 4790//4774 4791//4775 4780//4764
f 1227//1226 1228//1227 3274//3270
f 909//909 3614//3609 4560//4545
f 2981//2977 3924//3916 842//842
f 4792//4776 3623//3617 376//376
f 4792//4776 376//376 3680//3673
f 3916//3908 4793//4777 2504//2500
f 3875//3867 2409//2406 2297//2294
f 631//631 2280//2277 632//632
f 4794//4778 2483//2479 1980//1979
f 1331//1330 4794//4778 1980//1979
f 3091//3087 739//739 2752//2748
f 1523//1522 957//957 959//959
f 1523//1522 959//959 4425//4413
f 2181//2179 2180//2178 1511//1510
f 1003//1003 2040//2039 849//849
f 2414//2411 3611//3606 3182//3178
f 1749//1748 2239//2236 1750//1749
f 4795//4779 3921//3913 2111//2109
f 158//158 4795//4779 2111//2109
f 2583//2579 935//935 4526//4511
f 4028//4020 2961//2957 2062//2061
f 1604//1603 238//238 1605//1604
f 1039//1039 4652//4637 1477//1476
f 4758//4742 1039//1039 1477//1476
f 3317//3313 1465//1464 1467//1466
f 2930//2926 2358//2355 2931//2927
f 1170//1169 1992//1991 1171//1170
f 2136//2134 4242//4231 2137//2135
f 4436//4424 1403//1402 1820//1819
f 4796//4780 4797//4781 4612//4597
f 1008//1008 4796//4780 4612//4597
f 2291//2288 2789//2785 1450//1449
f 4618//4603 1585//1584 4677//4662
f 1397//1396 2125//2123 264//264
f 3114//3110 2722//2718 3638//3632
f 3224//3220 4454//4441 3758//3751
f 4601//4586 1395//1394 1397//1396
f 706//706 705//705 4798//4782
f 4423//4411 918//918 3074//3070
f 3076//3072 4423//4411 3074//3070
f 2356//2353 4143//4135 3766//3759
f 4428//4416 481//481 482//482
f 2856//2852 4429//4417 4542//4527
f 4799//4783 2856//2852 4542//4527
f 261//261 4547//4532 4800//4784
f 261//261 4800//4784 1518//1517
f 3078//3074 4786//4770 4801//4785
f 2512//2508 3121//3117 283//283
f 2679//2675 2512//2508 283//283
f 3939//3931 4632//4617 3940//3932
f 3366//3362 2650//2646 132//132
f 3366//3362 132//132 165//165
f 1986//1985 3181//3177 4081//4073
f 2703//2699 2702//2698 4699//4683
f 1748//1747 1384//1383 4508//4493
f 1748//1747 4508//4493 4507//4492
f 3083//3079 4802//4786 3420//3416
f 4425//4413 4203//4195 1524//1523
f 4483//4469 4482//4468 4803//4787
f 4042//4034 2671//2667 2674//2670
f 872//872 3850//3843 4510//4495
f 2999//2995 3302//3298 1193//1192
f 3288//3284 1799//1798 1798//1797
f 2448//2445 4804//4788 2445//2442
f 1382//1381 1748//1747 4514//4499
f 3109//3105 4216//4208 4501//4487
f 1119//1118 4675//4660 1120//1119
f 4805//4789 1861//1860 4806//4790
f 4753//4737 4699//4683 4807//4791
f 4184//4176 4804//4788 2448//2445
f 4185//4177 4184//4176 2448//2445
f 2925//2921 413//413 415//415
f 3093//3089 3528//3523 25//25
f 2332//2329 3965//3957 3964//3956
f 4797//4781 3830//3823 4612//4597
f 3091//3087 3903//3895 4176//4168
f 2569//2565 4808//4792 1846//1845
f 4390//4378 4389//4377 2760//2756
f 4183//4175 3283//3279 3968//3960
f 803//803 1346//1345 4809//4793
f 4411//4399 1825//1824 1824//1823
f 1158//1157 4410//4398 1159//1158
f 1780//1779 2576//2572 1781//1780
f 2684//2680 1076//1076 2720//2716
f 2133//2131 2132//2130 4458//4445
f 3398//3394 937//937 4338//4327
f 1889//1888 1287//1286 2759//2755
f 4791//4775 379//379 378//378
f 4780//4764 4791//4775 378//378
f 3167//3163 4532//4517 3427//3423
f 3416//3412 4801//4785 1840//1839
f 3787//3780 4164//4156 4585//4570
f 3787//3780 4585//4570 3788//3781
f 4181//4173 901//901 903//903
f 4181//4173 903//903 2440//2437
f 2460//2456 1775//1774 90//90
f 1470//1469 1469//1468 677//677
f 3953//3945 4683//4668 1900//1899
f 1985//1984 3179//3175 3181//3177
f 3133//3129 1923//1922 762//762
f 3133//3129 762//762 3923//3915
f 3510//3505 4361//4350 624//624
f 3135//3131 2513//2509 862//862
f 1565//1564 1775//1774 1774//1773
f 987//987 986//986 4765//4749
f 848//848 3993//3985 1664//1663
f 3124//3120 4180//4172 299//299
f 4810//4794 1655//1654 2766//2762
f 4482//4468 4396//4384 4803//4787
f 4586//4571 4007//3999 1069//1069
f 3883//3875 1631//1630 3303//3299
f 3883//3875 3303//3299 1617//1616
f 713//713 4378//4367 805//805
f 1074//1074 4436//4424 1820//1819
f 4741//4725 4394//4382 1035//1035
f 1459//1458 1779//1778 2396//2393
f 2811//2807 2797//2793 559//559
f 345//345 2857//2853 4811//4795
f 4487//4473 3983//3975 4670//4655
f 4624//4609 4484//4470 487//487
f 4594//4579 4593//4578 4574//4559
f 1204//1203 1520//1519 4269//4258
f 1090//1089 2981//2977 1091//1090
f 1803//1802 1608//1607 1607//1606
f 1803//1802 1607//1606 4812//4796
f 4383//4371 4177//4169 3703//3696
f 4383//4371 3703//3696 3702//3695
f 629//629 2667//2663 3929//3921
f 4033//4025 859//859 1396//1395
f 464//464 466//466 4813//4797
f 3696//3689 998//998 3697//3690
f 4814//4798 4588//4573 4815//4799
f 4816//4800 4582//4567 4817//4801
f 4069//4061 4816//4800 4817//4801
f 4169//4161 4024//4016 4023//4015
f 4326//4315 10//10 9//9
f 907//907 4326//4315 9//9
f 3967//3959 3809//3802 1687//1686
f 3985//3977 1653//1652 4600//4585
f 723//723 4144//4136 4700//4684
f 2271//2268 723//723 4700//4684
f 632//632 2280//2277 4524//4509
f 3038//3034 4308//4297 1802//1801
f 4069//4061 4817//4801 4315//4304
f 4034//4026 4540//4525 4035//4027
f 4818//4802 4760//4744 4819//4803
f 2390//2387 3843//3836 1251//1250
f 3490//3486 2390//2387 1251//1250
f 3786//3779 4464//4451 455//455
f 2011//2010 4782//4766 1810//1809
f 4129//4121 337//337 3338//3334
f 1468//1467 1470//1469 4820//4804
f 955//955 3472//3468 1874//1873
f 3833//3826 4016//4008 2029//2028
f 2275//2272 4546//4531 3553//3548
f 4821//4805 2253//2250 1988//1987
f 3637//3631 4822//4806 4434//4422
f 3066//3062 1531//1530 174//174
f 3879//3871 121//121 123//123
f 3191//3187 3190//3186 4686//4671
f 3191//3187 4686//4671 1963//1962
f 4823//4807 4824//4808 4757//4741
f 131//131 130//130 3433//3429
f 664//664 663//663 4624//4609
f 2693//2689 1047//1047 1660//1659
f 845//845 2142//2140 846//846
f 2284//2281 4825//4809 4058//4050
f 1653//1652 1652//1651 1412//1411
f 1635//1634 1274//1273 1276//1275
f 4826//4810 3362//3358 1278//1277
f 4188//4180 4187//4179 620//620
f 912//912 223//223 222//222
f 4534//4519 4157//4149 3141//3137
f 3285//3281 1858//1857 3895//3887
f 1356//1355 3276//3272 2321//2318
f 1263//1262 3411//3407 2377//2374
f 4827//4811 3909//3901 1725//1724
f 732//732 2228//2225 4312//4301
f 732//732 4312//4301 2516//2512
f 2910//2906 2729//2725 3578//3573
f 3342//3338 1241//1240 2638//2634
f 1182//1181 433//433 4070//4062
f 1420//1419 3919//3911 2121//2119
f 3981//3973 4820//4804 4828//4812
f 3981//3973 4828//4812 3982//3974
f 606//606 2718//2714 4551//4536
f 1082//1082 1084//1084 1955//1954
f 1551//1550 4359//4348 1798//1797
f 1551//1550 1798//1797 3730//3723
f 24//24 2744//2740 4829//4813
f 2772//2768 4004//3996 3584//3579
f 2462//2458 3868//2329 417//417
f 4594//4579 4574//4559 4046//4038
f 2528//2524 2527//2523 4608//4593
f 3274//3270 1228//1227 4830//4814
f 3653//3646 3535//3530 1525//1524
f 2304//2301 3653//3646 1525//1524
f 3907//3899 4554//4539 4831//4815
f 4145//4137 3838//3831 2213//2210
f 4749//4733 4618//4603 4677//4662
f 4749//4733 4677//4662 3523//3518
f 2842//2838 3278//3274 4084//4076
f 4485//4471 4487//4473 4443//4431
f 4685//4670 4052//4044 823//823
f 4685//4670 823//823 4555//4540
f 4003//3995 1034//1034 1036//1036
f 3069//3065 2694//2690 1660//1659
f 3069//3065 1660//1659 4832//4816
f 1143//1142 2611//2607 2610//2606
f 1143//1142 2610//2606 57//57
f 385//385 1540//1539 3713//3706
f 385//385 3713//3706 3714//3707
f 268//268 267//267 4240//4229
f 3202//3198 4143//4135 4833//4817
f 4665//4650 3641//3635 2038//2037
f 4665//4650 2038//2037 4372//4361
f 3420//3416 4380//4369 3650//3643
f 2451//2448 1312//1311 1314//1313
f 2820//2816 1366//1365 724//724
f 4834//4818 550//550 2312//2309
f 793//793 4834//4818 2312//2309
f 2533//2529 3005//3001 596//596
f 4385//4373 2877//2873 4180//4172
f 1044//1044 2394//2391 4413//4401
f 3098//3094 4835//4819 3671//3664
f 436//436 435//435 3080//3076
f 4836//4820 1650//1649 2338//2335
f 3519//3514 4514//4499 3583//3578
f 576//576 3537//3532 1813//1812
f 4293//4282 2423//2420 3561//3556
f 2574//2570 2573//2569 3891//3883
f 4132//4124 1666//1665 1665//1664
f 4837//4821 4132//4124 1665//1664
f 1009//1009 3778//3771 3780//3773
f 602//602 1052//1052 603//603
f 4094//4086 1566//1565 3189//3185
f 4094//4086 3189//3185 3463//3459
f 4838//4822 1547//1546 4500//4486
f 4839//4823 1824//1823 4305//4294
f 4839//4823 4305//4294 4304//4293
f 1977//1976 2934//2930 2936//2932
f 4785//4769 4100//4092 3361//3357
f 2155//2153 4785//4769 3361//3357
f 3003//2999 1424//1423 3975//3967
f 3003//2999 3975//3967 554//554
f 1316//1315 3922//3914 3750//3743
f 2697//2693 365//365 2197//2195
f 364//364 4246//4235 2745//2741
f 4840//4824 1823//1822 1493//1492
f 4840//4824 1493//1492 1282//1281
f 4484//4470 3897//3889 3324//3320
f 3232//3228 4841//4825 3233//3229
f 4081//4073 4463//4450 4082//4074
f 1554//1553 2380//2377 1555//1554
f 2380//2377 4112//4104 4105//4097
f 4842//4826 313//313 312//312
f 1305//1304 4843//4827 2918//2914
f 1791//1790 3955//3947 1788//1787
f 4425//4413 3888//3880 4505//4490
f 3530//3525 3532//3527 4844//4828
f 3716//3709 1226//1225 4420//4408
f 3445//3441 2806//2802 1746//1745
f 2912//2908 2499//2495 2498//2494
f 4073//4065 2912//2908 2498//2494
f 4274//4263 4845//4829 1619//1618
f 4846//4830 4109//4101 993//993
f 2643//2639 3582//3577 1315//1314
f 2643//2639 1315//1314 4110//4102
f 4595//4580 1880//1879 2308//2305
f 3246//3242 3755//3748 3754//3747
f 1843//1842 3343//3339 2065//2064
f 1955//1954 1141//1140 2463//2459
f 4522//4507 3958//3950 3506//3501
f 4522//4507 3506//3501 3816//3809
f 2995//2991 2914//2910 2996//2992
f 4847//4831 4848//4832 4332//4321
f 971//971 4218//3028 1348//1347
f 2176//2174 1181//1180 1183//1182
f 4291//4280 3244//3240 2942//2938
f 4103//4095 4291//4280 2942//2938
f 2604//2600 4116//4108 2539//2535
f 2604//2600 2539//2535 3060//3056
f 1321//1320 2513//2509 1322//1321
f 3160//3156 1385//1384 3358//3354
f 4547//4532 2395//2392 4849//4833
f 4547//4532 4849//4833 4800//4784
f 3963//3955 2846//2842 2549//2545
f 1649//1648 1239//1238 2799//2795
f 4850//4834 3792//3785 3689//3682
f 4851//4835 2688//2684 786//786
f 197//197 4851//4835 786//786
f 2057//2056 4018//4010 2058//2057
f 1557//1556 3454//3450 4764//4748
f 4836//4820 2338//2335 2337//2334
f 4631//4616 4787//4771 4422//4410
f 4250//4239 4631//4616 4422//4410
f 2294//2291 2293//2290 1145//1144
f 2214//2211 3839//3832 4126//4118
f 1990//1989 4480//4467 2325//2322
f 728//728 1609//1608 1611//1610
f 1799//1798 3288//3284 250//250
f 3036//3032 2151//2149 4642//4627
f 4370//4359 4852//4836 2241//2238
f 4244//4233 588//588 2818//2814
f 958//958 2763//2759 2765//2761
f 1729//1728 4814//4798 4815//4799
f 1013//1013 3671//3664 1014//1014
f 4495//4481 3760//3753 4496//4482
f 2942//2938 4117//4109 2943//2939
f 4134//4126 2986//2982 2987//2983
f 4821//4805 670//670 2253//2250
f 563//563 3115//3111 1575//1574
f 966//966 4138//4130 967//967
f 66//66 25//25 2735//2731
f 137//137 4452//4439 4473//4460
f 1422//1421 2408//2405 291//291
f 1422//1421 291//291 1423//1422
f 4028//4020 4798//4782 2961//2957
f 1806//1805 1969//1968 4141//4133
f 1582//1581 1581//1580 185//185
f 1142//1141 1285//1284 1143//1142
f 3720//3713 3098//3094 3097//3093
f 3809//3802 4124//4116 4851//4835
f 680//680 4145//4137 2858//2854
f 3173//3169 754//754 876//876
f 1165//1164 3328//3324 1938//1937
f 3577//3572 456//456 3574//3569
f 1538//1537 1537//1536 1546//1545
f 3432//3428 3453//3449 1556//1555
f 4155//4147 2936//2932 3238//3234
f 4647//4632 244//244 4158//4150
f 1330//1329 4583//4568 1331//1330
f 1284//1283 2669//2665 4742//4726
f 677//677 3033//3029 678//678
f 3396//3392 4293//4282 3561//3556
f 4663//4648 3970//3962 4351//4340
f 1365//1364 80//80 4258//4247
f 4757//4741 4824//4808 188//188
f 2420//2417 3449//3445 3228//3224
f 2823//2819 2879//2875 3977//3969
f 2863//2859 2823//2819 3977//3969
f 1261//1260 1880//1879 4595//4580
f 2611//2607 1284//1283 4742//4726
f 4047//4039 1616//1615 2659//2655
f 3309//3305 1299//1298 2648//2644
f 7//7 6//6 755//755
f 2870//2866 4844//4828 2871//2867
f 2040//2039 3322//3318 850//850
f 849//849 2040//2039 850//850
f 4353//4342 3132//3128 3900//3892
f 2302//2299 4329//4318 2303//2300
f 4814//4798 4587//4572 4588//4573
f 2800//2796 3103//3099 3440//3436
f 3084//3080 2358//2355 3085//3081
f 4110//4102 3759//3752 4168//4160
f 1809//1808 4382//4370 2082//219
f 3363//3359 323//323 3685//3678
f 2753//2749 135//135 1834//1833
f 3677//3670 3388//3384 542//542
f 4734//4718 4353//4342 2101//2099
f 971//971 970//970 4218//3028
f 4524//4509 1157//1156 1160//1159
f 154//154 156//156 3902//3894
f 4299//4288 2595//2591 4177//4169
f 4331//4320 4853//4837 2088//2086
f 3112//3108 4854//4838 3995//3987
f 4319//4308 3112//3108 3995//3987
f 3561//3556 495//495 960//960
f 3702//3695 3704//3697 4384//4372
f 1529//1528 4855//4839 4598//4583
f 4283//4272 4479//4466 4826//4810
f 3002//2998 4249//4238 4248//4237
f 2895//2891 4505//4490 4271//4260
f 3980//3972 156//156 4438//4426
f 3092//3088 3771//3764 2422//2419
f 878//878 4348//4337 4721//4705
f 1194//1193 2990//2986 1547//1546
f 1194//1193 1547//1546 4838//4822
f 1782//1781 299//299 4179//4171
f 4622//4607 4478//4465 3016//3012
f 1054//1054 4036//4028 1683//1682
f 1849//1848 3089//3085 3432//3428
f 4659//4644 4175//4167 4856//4840
f 3251//3247 4354//4343 4715//4699
f 2211//2208 1222//1221 2212//2209
f 2118//2116 3042//3038 688//688
f 1346//1345 804//804 3570//3565
f 3011//3007 1361//1360 3513//3508
f 2626//2622 4754//4738 3607//3602
f 4262//4251 3461//3457 817//817
f 4262//4251 817//817 819//819
f 934//934 2953//2949 2952//2948
f 4526//4511 934//934 2952//2948
f 2849//2845 2848//2844 4857//4841
f 408//408 2754//2750 1252//1251
f 3865//3858 1926//1925 333//333
f 3901//3893 3157//3153 3156//3152
f 3598//3593 3539//3534 3737//3730
f 3421//3417 2992//2988 2649//2645
f 520//520 2646//2642 2699//2695
f 4858//4842 4191//4183 490//490
f 4859//4843 4858//4842 490//490
f 4860//4844 4339//4328 911//911
f 2234//2231 1479//1478 2235//2232
f 3968//3960 3969//3961 4001//3993
f 3912//3904 4204//4196 4377//4366
f 617//617 2890//2886 618//618
f 4801//4785 2163//2161 3845//3838
f 1046//1046 2329//2326 1981//1980
f 4511//4496 4607//4592 3408//3404
f 4861//4845 4347//4336 4862//4846
f 2037//2036 1452//1451 1454//1453
f 4377//4366 2895//2891 358//358
f 3793//3786 2309//2306 4207//4199
f 2057//2056 2056//2055 4509//4494
f 2057//2056 4509//4494 3456//3452
f 3557//3552 3556//3551 4208//4200
f 275//275 1934//1933 1936//1935
f 4152//4144 4863//4847 4788//4772
f 4702//4686 1346//1345 4703//4687
f 4210//4202 929//929 928//928
f 797//797 4666//4651 577//577
f 561//561 560//560 2162//2160
f 3345//3341 167//167 4717//4701
f 2765//2761 3345//3341 4717//4701
f 2509//2505 2904//2900 2340//2337
f 2034//2033 2036//2035 4814//4798
f 3271//3267 1243//1242 1674//1673
f 2085//2083 2906//2902 2908//2904
f 4864//4848 1873//1872 4320//4309
f 4822//4806 4063//4055 674//674
f 3677//3670 3941//3933 1191//1190
f 4820//4804 1470//1469 4828//4812
f 3565//3560 3421//3417 362//362
f 4272//4261 3565//3560 362//362
f 1529//1528 4598//4583 3277//3273
f 614//614 4651//4636 4421//4409
f 307//307 310//310 4865//4849
f 3923//3915 307//307 4865//4849
f 3143//3139 4083//4075 3123//3119
f 646//646 4866//4850 4494//4480
f 3243//3239 4867//4851 1250//1249
f 4637//4622 2025//2024 2436//2433
f 2438//2435 4637//4622 2436//2433
f 3550//3545 3960//3952 3764//3757
f 3196//3192 4672//4657 3901//3893
f 4489//4475 4558//4543 4490//4476
f 4124//4116 3819//3812 1146//1145
f 4408//4396 1725//1724 1726//1725
f 1196//1195 4809//4793 3735//3728
f 2715//2711 2283//2280 350//350
f 820//820 822//822 2587//2583
f 3207//3203 3642//3636 4849//4833
f 1053//1053 4036//4028 1054//1054
f 744//744 2034//2033 4814//4798
f 744//744 4814//4798 1729//1728
f 4698//4682 3873//3865 4807//4791
f 4698//4682 4807//4791 4699//4683
f 1846//1845 4350//4339 4289//4278
f 4232//4221 4231//4220 2108//2106
f 4667//4652 453//453 452//452
f 4122//4114 1451//1450 1200//1199
f 4814//4798 4868//4852 4587//4572
f 3599//3594 1803//1802 4812//4796
f 3599//3594 4812//4796 3600//3595
f 1230//1229 391//391 1231//1230
f 4869//4853 1243//1242 93//93
f 2175//2173 2814//2810 3072//3068
f 2175//2173 3072//3068 3623//3617
f 3761//3754 2648//2644 4729//4713
f 4473//4460 4452//4439 3526//3521
f 4473//4460 3526//3521 4870//4854
f 4825//4809 948//948 4341//4330
f 870//870 4510//4495 3871//3863
f 3675//3668 2428//2425 4818//4802
f 4297//4286 3887//3879 4871//4855
f 2849//2845 4857//4841 2144//2142
f 1662//1661 1661//1660 4376//4365
f 3852//3845 3851//3844 4115//4107
f 3456//3452 4170//4162 3457//3453
f 164//164 163//163 1297//1296
f 110//110 3354//3350 4291//4280
f 4513//4498 110//110 4291//4280
f 1965//1964 3751//3744 1966//1965
f 4872//4856 1025//1025 2701//2697
f 4872//4856 2701//2697 2703//2699
f 3817//3810 4634//4619 4633//4618
f 152//152 2883//2879 4659//4644
f 4856//4840 152//152 4659//4644
f 2274//2271 3384//3380 1375//1374
f 2927//2923 46//46 4648//4633
f 2579//2575 2409//2406 3875//3867
f 2928//2924 1770//1769 2360//2357
f 1953//1952 772//772 774//774
f 1073//1073 2670//2666 4436//4424
f 293//293 3417//3413 1842//1841
f 2928//2924 3688//3681 2461//2457
f 4735//4719 339//339 976//976
f 1383//1382 595//595 597//597
f 1383//1382 597//597 1384//1383
f 2260//2257 2565//2561 4746//4730
f 2592//2588 3749//3742 4254//4243
f 2784//2780 2592//2588 4254//4243
f 4873//4857 3394//3390 3393//3389
f 1359//1358 3264//3260 3762//3755
f 1274//1273 3580//3575 1275//1274
f 2244//2241 2729//2725 2245//2242
f 2338//2335 3572//3567 115//115
f 2339//2336 2338//2335 115//115
f 542//542 3388//3384 1720//1719
f 4874//4858 1792//1791 4875//4859
f 3387//3383 3383//3379 3382//3378
f 4498//4484 348//348 351//351
f 4586//4571 1069//1069 3827//3820
f 1327//1326 3867//3860 1328//1327
f 4491//4477 198//198 2608//2604
f 1259//1258 2434//2431 2433//2430
f 3605//3600 3332//3328 3334//3330
f 1926//1925 1904//1903 4381//4028
f 994//994 3965//3957 2332//2329
f 517//517 4189//4181 2992//2988
f 4060//4052 2850//2846 3676//3669
f 2197//2195 4239//4228 2198//2196
f 4704//4688 4703//4687 4790//4774
f 1726//1725 1578//1577 1577//1576
f 4876//4860 4288//4277 833//833
f 4877//4861 4876//4860 833//833
f 2225//2222 4260//4249 4843//4827
f 1256//1255 1255//1254 4126//4118
f 1256//1255 4126//4118 4394//4382
f 3541//3536 2511//2507 4878//4862
f 3846//3839 894//894 3387//3383
f 4156//4148 3049//3045 1591//1590
f 1594//1593 4156//4148 1591//1590
f 3763//3756 915//915 4173//4165
f 3763//3756 4173//4165 1349//1348
f 342//342 4577//4562 3973//3965
f 2553//2549 149//149 2554//2550
f 1801//1800 1803//1802 3599//3594
f 4640//4625 4642//4627 4275//4264
f 4650//4635 146//146 1741//1740
f 2603//2599 2433//2430 2435//2432
f 2603//2599 2435//2432 4572//4557
f 4668//4653 2995//2991 2994//2990
f 3937//3929 4668//4653 2994//2990
f 2319//2316 4031//4023 1109//1108
f 3953//3945 3406//3402 2267//2264
f 2807//2803 4269//4258 2808//2804
f 4805//4789 828//828 831//831
f 1979//1978 1862//1861 1861//1860
f 4358//4347 2884//2880 151//151
f 1288//1287 2556//2552 1607//1606
f 1441//1440 2047//2046 1442//1441
f 2327//2324 2326//2323 1640//1639
f 3222//3218 780//780 782//782
f 3663//3656 4730//4714 3944//3936
f 2364//2361 4879//4863 392//392
f 3692//3685 2872//2868 4361//4350
f 4642//4627 2151//2149 4275//4264
f 4144//4136 4106//4098 4620//4605
f 3459//3455 4653//4638 4880//4864
f 3650//3643 704//704 886//886
f 3651//3644 3650//3643 886//886
f 770//770 769//769 2786//2782
f 3055//3051 3412//3408 3263//3259
f 3728//3721 1877//1876 1998//1997
f 4870//4854 2661//2657 1675//1674
f 1633//1632 3140//3136 4278//4267
f 4254//4243 4253//4242 3//3
f 61//61 1891//1890 1892//1891
f 400//400 4330//4319 3547//3542
f 3305//3301 2115//2113 3466//3462
f 3305//3301 3466//3462 4280//4269
f 1953//1952 774//774 3522//3517
f 4881//4865 2584//2580 1465//1464
f 2621//2617 2623//2619 3133//3129
f 482//482 3219//3215 2379//2376
f 3904//3896 948//948 4825//4809
f 3070//3066 1633//1632 1697//1696
f 4416//4404 3070//3066 1697//1696
f 4253//4242 1//1 3//3
f 3052//3048 3083//3079 3053//3049
f 3312//3308 1416//1415 236//236
f 3668//3661 3169//3165 3669//3662
f 55//55 2274//2271 1375//1374
f 2387//2384 2671//2667 2388//2385
f 2361//2358 4882//4866 4744//4728
f 2563//2559 2361//2358 4744//4728
f 4695//4680 290//290 734//734
f 952//952 4369//4358 3134//3130
f 952//952 3134//3130 1223//1222
f 2215//2212 1361//1360 2216//2213
f 2668//2664 636//636 4883//4867
f 1674//1673 1243//1242 4869//4853
f 388//388 869//869 3291//3287
f 1246//1245 4540//4525 4034//4026
f 702//702 2472//2468 4290//4279
f 3921//3913 4292//4281 2265//2262
f 520//520 523//523 443//443
f 2646//2642 520//520 443//443
f 4861//4845 1463//1462 4347//4336
f 4663//4648 4351//4340 2169//2167
f 4463//4450 4462//4449 2899//2895
f 4463//4450 2899//2895 1637//1636
f 1235//1234 3011//3007 3512//3507
f 779//779 1025//1025 4872//4856
f 3963//3955 1626//1625 3138//3134
f 548//548 4293//4282 2569//2565
f 2500//2496 452//452 2069//2068
f 3656//3649 3371//3367 3370//3366
f 1598//1597 2412//2409 1599//1598
f 3022//3018 3021//3017 3621//3615
f 2341//2338 589//589 591//591
f 4205//4197 2341//2338 591//591
f 4048//4040 4049//4041 4355//4344
f 4048//4040 4355//4344 2171//2169
f 3657//3650 3164//3160 4773//4757
f 3657//3650 4773//4757 2838//2834
f 2624//2620 871//871 2625//2621
f 4543//4528 2651//2647 2841//2837
f 2346//2343 535//535 4543//4528
f 2147//2145 4011//4003 4010//4002
f 1541//1540 1544//1543 4883//4867
f 4454//4441 1151//1150 1153//1152
f 3665//3658 3706//3699 3666//3659
f 1973//1972 544//544 768//768
f 3876//3868 4401//4389 2823//2819
f 4213//4205 4212//4204 2616//2612
f 1787//1786 4690//4675 533//533
f 3051//3047 3754//3747 3183//3179
f 1333//1332 4805//4789 1808//1807
f 497//497 496//496 3446//3442
f 4301//4290 1086//1086 4516//4501
f 2932//2928 2933//2929 2068//2067
f 1133//1132 2812//2808 1564//1563
f 4145//4137 2213//2210 4146//4138
f 3394//3390 4732//4716 747//747
f 455//455 456//456 3577//3572
f 4884//4868 455//455 3577//3572
f 4340//4329 3942//3934 2630//2626
f 4442//4430 3848//3841 3479//3475
f 4096//4088 4442//4430 3479//3475
f 4472//4459 949//949 2716//2712
f 153//153 152//152 4466//4453
f 3945//3937 3968//3960 4001//3993
f 4731//4715 3399//3395 2304//2301
f 3611//3606 1777//1776 1779//1778
f 3935//3927 2417//2414 4552//4537
f 3617//3612 3935//3927 4552//4537
f 2276//2273 4319//4308 1492//1491
f 3780//3773 3352//3348 3538//3533
f 3874//3866 4071//4063 3875//3867
f 4257//4246 1209//1208 527//527
f 3234//3230 829//829 3864//3857
f 3234//3230 3864//3857 4716//4700
f 4530//4515 1379//1378 4722//4706
f 1296//1295 4530//4515 4722//4706
f 2711//2707 4518//4503 1117//1116
f 1873//1872 3404//3400 4320//4309
f 2844//2840 1081//1081 502//502
f 1910//1909 2844//2840 502//502
f 4021//4013 2506//2502 2505//2501
f 2166//2164 2168//2166 2979//2975
f 4046//4038 3319//3315 4885//4869
f 4594//4579 4046//4038 4885//4869
f 918//918 4423//4411 919//919
f 69//69 4885//4869 4714//4698
f 3488//3484 2684//2680 1701//1700
f 1406//1405 2708//2704 1407//1406
f 1431//1430 2201//2199 4333//4322
f 3891//3883 2979//2975 2826//2822
f 3030//3026 638//638 656//656
f 1243//1242 3270//3266 4667//4652
f 1243//1242 4667//4652 1244//1243
f 4727//4711 1792//1791 4874//4858
f 78//78 4727//4711 4874//4858
f 3824//3817 3682//3675 3683//3676
f 657//657 1766//1765 1765//1764
f 851//851 850//850 3724//3717
f 2661//2657 3526//3521 3065//3061
f 106//106 4091//4083 3648//107
f 2515//2511 1503//1502 1992//1991
f 4446//4434 3874//3866 2822//2818
f 3396//3392 3560//3555 3478//3474
f 4886//4870 1978//1977 3744//3737
f 1626//1625 1628//1627 3967//3959
f 4607//4592 4443//4431 4487//4473
f 4773//4757 2894//2890 4423//4411
f 4563//4548 400//400 3547//3542
f 3713//3706 2923//2919 2922//2918
f 3590//3585 3739//3732 3740//3733
f 3523//3518 2471//2467 2470//2466
f 4224//4214 1136//1135 3718//3711
f 3963//3955 3818//3811 1627//1626
f 1379//1378 4750//4734 4722//4706
f 837//837 87//87 86//86
f 2541//2537 3923//3915 4865//4849
f 3333//3329 3221//3217 2795//2791
f 521//521 4887//4871 3591//3586
f 426//426 428//428 1087//1087
f 4555//4540 4051//4043 4050//4042
f 1711//1710 4426//4414 1712//1711
f 935//935 2583//2579 309//309
f 387//387 386//386 1663//1662
f 4510//4495 3775//3768 2975//2971
f 3832//3825 2451//2448 2354//2351
f 3832//3825 2354//2351 2891//2887
f 1123//1122 4202//4194 4227//4217
f 2189//2187 3120//3116 607//607
f 4358//4347 3451//3447 3502//3497
f 800//800 765//765 682//682
f 3691//3684 989//989 991//991
f 1513//1512 4871//4855 4888//4872
f 639//639 3881//3873 3204//3200
f 4829//4813 2744//2740 460//460
f 553//553 3003//2999 554//554
f 3407//3403 2381//2378 3664//3657
f 1377//1376 2792//2788 1378//1377
f 533//533 4690//4675 534//534
f 4199//4191 2717//2713 1198//1197
f 2823//2819 3874//3866 3876//3868
f 4539//4524 4475//4462 2585//2581
f 4037//4029 4539//4524 2585//2581
f 1717//1716 1996//1995 1716//1715
f 419//419 421//421 720//720
f 992//992 4846//4830 993//993
f 1960//1959 1715//1714 4804//4788
f 452//452 454//454 297//297
f 3067//3063 2344//2341 2343//2340
f 587//587 4821//4805 2730//2726
f 2347//2344 4543//4528 4118//4110
f 956//956 4684//4669 4430//4418
f 2880//2876 4889//4873 318//318
f 317//317 2880//2876 318//318
f 2550//2546 1101//1100 1103//1102
f 2655//2651 3170//3166 2932//2928
f 1739//1738 2482//2478 1740//1739
f 2031//2030 1966//1965 1943//1942
f 1972//1971 1973//1972 768//768
f 4890//4874 1582//1581 3798//3791
f 3924//3916 3926//3918 4357//4346
f 896//896 3216//3212 1505//1504
f 4741//4725 1256//1255 4394//4382
f 1594//1593 1593//1592 71//71
f 2537//2533 3247//3243 2617//2613
f 3645//3639 4891//4875 3646//3640
f 3573//3568 1598//1597 3727//3720
f 2666//2662 3573//3568 3727//3720
f 2926//2922 4314//4303 4313//4302
f 3357//3353 2339//2336 3160//3156
f 2798//2794 4405//4393 788//788
f 2364//2361 1460//1459 1462//1461
f 3032//3028 4892//4876 2180//2178
f 4803//4787 4893//4877 3733//3726
f 4483//4469 4803//4787 3733//3726
f 4403//4391 3927//3919 3452//3448
f 3356//3352 287//287 4009//4001
f 69//69 1307//1306 4591//4576
f 3586//3581 3978//3970 2601//2597
f 3586//3581 2601//2597 3587//3582
f 154//154 3903//3895 2251//2248
f 3367//3363 3948//3940 3368//3364
f 1596//1595 59//59 3117//3113
f 4894//4878 4793//4777 4366//4355
f 801//801 800//800 4323//4312
f 2781//2777 4502//4488 4503//1740
f 3055//3051 2363//2360 3412//3408
f 4895//4879 3750//3743 4245//4234
f 4321//4310 4057//4049 4056//4048
f 4711//4695 3082//3078 3052//3048
f 4641//4626 3036//3032 4642//4627
f 4843//4827 2012//2011 2014//2013
f 4843//4827 2014//2013 2918//2914
f 1426//1425 875//875 145//145
f 1374//1373 150//150 3054//3050
f 1708//1707 3196//3192 1709//1708
f 4446//4434 2822//2818 2593//2589
f 1002//1002 4372//4361 1003//1003
f 1325//1324 1058//1058 4896//4880
f 1326//1325 1325//1324 4896//4880
f 3483//3479 3557//3552 4760//4744
f 4793//4777 3916//3908 3280//3276
f 1613//1612 1193//1192 1195//1194
f 4897//4881 4311//4300 4310//4299
f 540//540 4897//4881 4310//4299
f 4876//4860 4877//4861 4763//4747
f 4876//4860 4763//4747 4762//4746
f 1180//1179 4148//4140 3813//3806
f 4790//4774 966//966 3210//3206
f 3090//3086 3541//3536 4878//4862
f 4111//4103 561//561 2161//2159
f 3064//3060 3696//3689 3088//3084
f 1849//1848 3064//3060 3088//3084
f 1500//1499 2834//2830 2663//2659
f 2203//2200 3048//3044 2739//2735
f 1509//1508 4597//4582 4596//4581
f 3502//3497 3450//3446 4013//4005
f 1597//1596 4898//4882 3987//3979
f 2960//2956 4025//4017 3705//3698
f 1948//1947 3880//3872 2441//2438
f 4899//4883 4151//4143 4890//4874
f 1789//1788 1573//1572 1790//1789
f 1521//1520 3803//3796 1522//1521
f 4900//4884 4901//4885 3024//3020
f 3151//3147 3150//3146 2506//2502
f 3039//3035 3038//3034 1802//1801
f 1365//1364 4258//4247 2836//2832
f 1751//1750 1750//1749 3214//3210
f 1922//1921 763//763 1923//1922
f 2355//2352 3974//3966 3943//3935
f 2085//2083 2908//2904 4383//4371
f 2085//2083 4383//4371 2086//2084
f 4789//4773 1411//1410 2059//2058
f 4287//4276 68//68 4771//4755
f 1056//1056 1055//1055 3484//3480
f 3379//3375 1056//1056 3484//3480
f 1654//1653 2897//2893 2329//2326
f 1048//1048 1654//1653 2329//2326
f 4045//4037 491//491 2341//2338
f 634//634 2542//2538 635//635
f 1859//1858 700//700 2290//2287
f 825//825 827//827 4568//4553
f 3397//3393 3478//3474 3936//3928
f 4284//4273 4283//4272 4902//4886
f 211//211 212//212 4397//4385
f 4068//4060 2505//2501 4816//4800
f 4068//4060 4816//4800 4069//4061
f 1706//1705 3012//3008 1707//1706
f 4146//4138 4345//4334 2860//2856
f 4146//4138 2860//2856 2859//2855
f 1909//1908 3846//3839 3115//3111
f 1631//1630 1630//1629 3259//3255
f 4611//4596 4280//4269 3434//3430
f 2814//2810 78//78 4874//4858
f 3659//3652 492//492 2793//2789
f 3659//3652 2793//2789 3999//3991
f 4793//4777 3280//3276 4366//4355
f 4072//4064 1869//1868 1868//1867
f 4073//4065 4072//4064 1868//1867
f 3391//3387 3390//3386 4903//4887
f 2125//2123 1396//1395 2126//2124
f 3129//3125 3692//3685 4783//4767
f 4066//4058 351//351 3447//3443
f 2425//2422 2173//2171 690//690
f 689//689 2425//2422 690//690
f 1974//1973 4469//4456 4631//4616
f 3173//3169 5//5 4//4
f 4835//4819 2545//2541 4184//4176
f 554//554 3588//3583 4625//4610
f 1640//1639 2965//2961 1641//1640
f 3866//3859 1403//1402 4437//4425
f 1498//1497 2674//2670 4621//4606
f 2217//2214 2216//2213 4409//4397
f 2545//2541 1960//1959 4804//4788
f 4307//4296 2757//2753 2759//2755
f 3600//3595 4904//4888 4424//4412
f 3601//3596 3600//3595 4424//4412
f 4223//4213 4222//4212 3660//3653
f 3217//3213 4223//4213 3660//3653
f 738//738 650//650 2902//2898
f 1900//1899 4683//4668 1901//1900
f 223//223 4533//4518 224//224
f 2040//2039 3320//3316 3322//3318
f 3915//3907 770//770 1373//1372
f 2926//2922 4313//4302 995//995
f 109//109 612//612 3495//3491
f 776//776 4905//4889 777//777
f 2254//2251 2157//2155 2159//2157
f 2738//2734 1891//1890 61//61
f 4059//4051 3482//3478 266//266
f 4015//4007 4059//4051 266//266
f 4656//4641 1444//1443 981//981
f 4906//4890 4656//4641 981//981
f 4800//4784 1007//1007 1518//1517
f 4492//4478 4331//4320 4848//4832
f 897//897 1261//1260 4595//4580
f 4336//4325 4626//4611 4627//4612
f 3961//3953 2967//2963 3953//3945
f 3640//3634 2582//2578 2039//2038
f 3932//3924 3577//3572 3576//3571
f 1653//1652 2183//2181 1651//1650
f 4786//4770 3078//3074 3077//3073
f 2161//2159 4786//4770 3077//3073
f 4243//4232 3198//3194 2921//2917
f 1435//1434 4243//4232 2921//2917
f 1527//1526 373//373 3242//3238
f 4690//4675 3505//3500 2572//2568
f 2190//2188 4303//4292 3476//3472
f 2591//2587 2190//2188 3476//3472
f 4080//4072 4341//4330 948//948
f 4488//4474 2462//2458 416//416
f 297//297 4907//4891 2070//2069
f 4801//4785 3845//3838 1840//1839
f 1549//1548 1548//1547 4724//4708
f 758//758 757//757 4321//4310
f 4426//4414 1711//1710 4427//4415
f 4133//4125 2862//2858 52//52
f 922//922 1172//1171 1174//1173
f 60//60 63//63 4432//4420
f 4282//4271 1059//1059 4283//4272
f 1096//1095 4752//4736 1985//1984
f 465//465 1852//1851 54//54
f 772//772 4762//4746 4723//4707
f 1494//1493 2046//2045 4908//4892
f 4565//4550 4654//4639 2484//2480
f 4438//4426 3797//3790 2349//2346
f 3970//3962 2257//2254 4351//4340
f 934//934 1642//1641 1644//1643
f 934//934 1644//1643 2953//2949
f 947//947 4080//4072 948//948
f 3117//3113 2523//2519 2525//2521
f 148//148 3913//3905 3661//3654
f 1853//1852 1886//1885 437//437
f 2367//2364 2675//2671 2677//2673
f 4654//4639 4194//4186 2484//2480
f 1973//1972 926//926 396//396
f 1115//1114 4339//4328 4860//4844
f 3738//3731 3014//3010 2726//2722
f 3738//3731 2726//2722 2965//2961
f 26//26 4010//4002 4012//4004
f 702//702 4290//4279 3668//3661
f 551//551 550//550 2369//2366
f 551//551 2369//2366 1736//1735
f 3602//3597 3743//3736 3555//3550
f 1855//1854 2559//2555 2199//2197
f 523//523 1757//1756 440//440
f 443//443 523//523 440//440
f 3624//3618 3627//3621 1985//1984
f 4752//4736 3624//3618 1985//1984
f 4185//4177 1014//1014 3671//3664
f 3171//3167 2457//2453 4379//4368
f 2620//2616 1285//1284 1142//1141
f 4891//4875 4909//4893 3646//3640
f 1421//1420 1420//1419 2121//2119
f 887//887 886//886 3534//3529
f 4318//4307 957//957 1523//1522
f 3606//3601 3043//3039 2490//2486
f 3157//3153 3606//3601 2490//2486
f 4118//4110 2841//2837 2840//2836
f 4378//4367 2457//2453 805//805
f 3309//3305 4562//4547 1229//1228
f 1231//1230 3309//3305 1229//1228
f 2690//2686 2689//2685 1991//1990
f 1772//1771 2414//2411 4846//4830
f 3479//3475 3848//3841 3480//3476
f 4221//4211 4223//4213 2950//2946
f 3356//3352 1307//1306 1306//1305
f 4517//4502 3363//3359 3685//3678
f 4458//4445 2132//2130 2830//2826
f 4837//4821 1665//1664 2401//2398
f 1421//1420 2122//2120 1022//1022
f 1008//1008 4612//4597 3778//3771
f 1850//1849 4623//4608 832//832
f 3734//3727 4893//4877 3230//3226
f 3734//3727 3230//3226 3229//3225
f 1298//1297 1857//1856 457//457
f 827//827 2362//2359 2562//2558
f 4194//4186 3655//3648 3531//3526
f 3529//3524 1749//1748 573//573
f 1859//1858 698//698 700//700
f 3603//3598 4886//4870 3744//3737
f 3603//3598 3744//3737 3743//3736
f 3873//3865 3437//3433 4807//4791
f 4365//4354 3500//3495 4858//4842
f 4364//4353 4365//4354 4858//4842
f 4545//4530 2248//2245 1905//1904
f 1682//1681 444//444 447//447
f 2617//2613 2619//2615 3125//3121
f 4309//4298 39//39 3612//3607
f 2528//2524 3297//3293 3258//3254
f 4796//4780 4799//4783 4542//4527
f 4796//4780 4542//4527 4797//4781
f 3381//3377 4477//4464 4476//4463
f 4552//4537 4553//4538 1258//1257
f 1933//1932 4246//4235 364//364
f 895//895 4910//4894 896//896
f 1495//1494 1494//1493 4908//4892
f 1345//1344 4454//4441 3224//3220
f 4878//4862 2513//2509 4911//4895
f 2316//2313 4390//4378 4634//4619
f 3303//3299 3261//3257 1002//1002
f 620//620 3614//3609 621//621
f 4017//4009 3336//3332 1479//1478
f 580//580 3469//3465 930//930
f 929//929 580//580 930//930
f 4539//4524 4784//4768 3834//3827
f 1899//1898 1901//1900 2295//2292
f 235//235 237//237 4810//4794
f 4316//4305 3518//3513 129//129
f 128//128 4316//4305 129//129
f 2232//2229 1747//1746 1018//1018
f 2508//2504 3277//3273 2903//2899
f 2383//2380 1125//1124 3104//3100
f 4037//4029 2585//2581 2828//2824
f 4571//4556 3019//3015 3933//3925
f 4296//4285 3886//3878 3887//3879
f 1903//1902 3720//3713 3097//3093
f 768//768 546//546 3467//3463
f 2245//2242 2910//2906 2909//2905
f 4453//4440 2245//2242 2909//2905
f 2388//2385 2671//2667 4042//4034
f 4616//4601 3958//3950 4522//4507
f 2073//2072 2074//2073 2099//2097
f 4097//4089 3481//3477 4845//4829
f 819//819 3323//3319 4221//4211
f 4263//4252 819//819 4221//4211
f 4165//4157 4166//4158 1249//1248
f 2251//2248 2138//2136 154//154
f 4897//4881 539//539 1118//1117
f 4897//4881 1118//1117 4311//4300
f 1743//1742 2365//2362 1744//1743
f 3711//3704 3710//3703 3918//3910
f 162//162 2827//2823 2597//2593
f 162//162 2597//2593 1078//1078
f 173//173 2432//2429 2172//2170
f 4898//4882 4696//4681 4443//4431
f 3987//3979 4898//4882 4443//4431
f 2962//2958 2737//2733 60//60
f 2962//2958 60//60 780//780
f 1548//1547 2153//2151 4724//4708
f 1346//1345 3570//3565 4703//4687
f 4578//4563 3203//3199 4579//4564
f 2026//2025 2182//2180 4478//4465
f 2812//2808 675//675 1564//1563
f 234//234 3317//3313 232//232
f 679//679 678//678 4311//4300
f 218//218 335//335 3472//3468
f 3858//3851 3060//3056 4030//4022
f 746//746 51//51 747//747
f 165//165 164//164 404//404
f 2570//2566 3104//3100 2071//2070
f 2393//2390 2335//2332 208//208
f 4427//4415 680//680 2858//2854
f 4427//4415 2858//2854 2861//2857
f 3693//3686 4635//4620 4912//4896
f 3693//3686 4912//4896 3190//3186
f 4820//4804 2525//2521 1468//1467
f 975//975 4225//4215 2503//2499
f 469//469 4767//4751 3634//3628
f 2559//2555 1855//1854 294//294
f 3657//3650 2838//2834 2837//2833
f 964//964 3657//3650 2837//2833
f 4845//4829 3481//3477 4913//4897
f 1144//1143 1143//1142 1277//1276
f 2032//2031 3530//3525 4844//4828
f 1287//1286 1890//1889 810//810
f 3204//3200 216//216 954//954
f 2489//2485 2613//2609 1117//1116
f 4189//4181 3614//3609 4187//4179
f 4914//4898 3920//3912 1693//1692
f 4914//4898 1693//1692 3372//3368
f 2875//2871 4474//4461 2876//2872
f 510//510 4915//471 4538//4523
f 1561//1560 2037//2036 1454//1453
f 4916//4899 4500//4486 4532//4517
f 4917//4900 4396//4384 4482//4468
f 2775//2771 2774//2770 3106//3102
f 1221//1220 808//808 3930//3922
f 226//226 228//228 1049//1049
f 2908//2904 2907//2903 4299//4288
f 1241//1240 3527//3522 1242//1241
f 1502//1501 1501//1500 4781//4765
f 3788//3781 4161//4153 3795//3788
f 3449//3445 4918//4901 3450//3446
f 1263//1262 1756//1755 4718//4702
f 1961//1960 2059//2058 1411//1410
f 3871//3863 1401//1400 3359//3355
f 3716//3709 4420//4408 1624//1623
f 4798//4782 705//705 1867//1866
f 4919//4902 4920//4903 4921//4904
f 4919//4902 4921//4904 4853//4837
f 3715//3708 707//707 4399//4387
f 4743//4727 3715//3708 4399//4387
f 3371//3367 1499//1498 4914//4898
f 4922//4905 585//585 3892//3884
f 4922//4905 3892//3884 3893//3885
f 826//826 157//157 159//159
f 826//826 159//159 199//199
f 3314//3310 3315//3311 4590//4575
f 4150//4142 3314//3310 4590//4575
f 3884//3876 1686//1685 1917//1916
f 4923//4906 2452//2395 4005//3997
f 4628//4613 3337//3333 4019//4011
f 2054//2053 944//944 1959//1958
f 907//907 906//906 1036//1036
f 661//661 4796//4780 1008//1008
f 2503//2499 3915//3907 2504//2500
f 3420//3416 4802//4786 4380//4369
f 559//559 2797//2793 4664//4649
f 4038//4030 911//911 1101//1100
f 4038//4030 1101//1100 2550//2546
f 4545//4530 2265//2262 2266//2263
f 1750//1749 4735//4719 3214//3210
f 4369//4358 4588//4573 3543//3538
f 4218//3028 1839//1838 3682//3675
f 2090//2088 2013//2012 2302//2299
f 3949//3941 3950//3942 4556//4541
f 3949//3941 4556//4541 1696//1695
f 4749//4733 3523//3518 2470//2466
f 4924//4907 3859//3852 3862//3855
f 4449//4437 4924//4907 3862//3855
f 4348//4337 4349//4338 4721//4705
f 3037//3033 1061//1061 3255//3251
f 766//766 3390//3386 767//767
f 1596//1595 4696//4681 4898//4882
f 1597//1596 1596//1595 4898//4882
f 3608//3603 3607//3602 2045//2044
f 88//88 3787//3780 4120//4112
f 2218//2215 2141//2139 707//707
f 4008//4000 4792//4776 3913//3905
f 1587//1586 4008//4000 3913//3905
f 3328//3324 3357//3353 1938//1937
f 2403//2400 4925//4908 2404//2401
f 3331//3327 4749//4733 2470//2466
f 3304//3300 3782//3775 4515//4500
f 3304//3300 4515//4500 2001//2000
f 1570//1569 2944//2940 4166//4158
f 2830//2826 3245//3241 3051//3047
f 1396//1395 4040//4032 2126//2124
f 1909//1908 1908//1907 3846//3839
f 4809//4793 1346//1345 4926//4909
f 306//306 355//355 3782//3775
f 3781//3774 306//306 3782//3775
f 2633//2629 4783//4767 2634//2630
f 581//581 929//929 4211//4203
f 581//581 4211//4203 1568//1567
f 4335//4324 2968//2964 2971//2967
f 4485//4471 4820//4804 4486//4472
f 501//501 2426//2423 2664//2660
f 811//811 3832//3825 2891//2887
f 3398//3394 4338//4327 1421//1420
f 3398//3394 1421//1420 1022//1022
f 1185//1184 1457//1456 1459//1458
f 3915//3907 1373//1372 3279//3275
f 655//655 2983//2979 4554//4539
f 824//824 655//655 4554//4539
f 2284//2281 4602//4587 4927//4910
f 2282//2279 2284//2281 4927//4910
f 4421//4409 4767//4751 469//469
f 3295//3291 3294//3290 4474//4461
f 4237//4226 4928//4911 1112//1111
f 2140//2138 3436//3432 631//631
f 3261//3257 3260//3256 4658//4643
f 3993//3985 4929//4912 4705//4689
f 364//364 4557//4542 365//365
f 1872//1871 2776//2772 4043//4035
f 1029//1029 4352//4341 1030//1030
f 4611//4596 3304//3300 3305//3301
f 3400//3396 4205//4197 1075//1075
f 246//246 4519//4504 247//247
f 1374//1373 2384//2381 4403//4391
f 4771//4755 721//721 4631//4616
f 1268//1267 815//815 1269//1268
f 187//187 1478//1477 4736//4720
f 2481//2477 12//12 1563//1562
f 2759//2755 1287//1286 1286//1285
f 3534//3529 4136//4128 3045//3041
f 2911//2907 2662//2658 3065//3061
f 3528//3523 24//24 25//25
f 1970//1969 1620//1619 1971//1970
f 2208//2205 909//909 911//911
f 4339//4328 2208//2205 911//911
f 1074//1074 4101//4093 3926//3918
f 1644//1643 1643//1642 4114//4106
f 1026//1026 2128//2126 1740//1739
f 4537//4522 4503//1740 3898//3890
f 366//366 368//368 4346//4335
f 727//727 366//366 4346//4335
f 3990//3982 3316//3312 2223//2220
f 335//335 1418//1417 336//336
f 2913//2909 4131//4123 4837//4821
f 984//984 983//983 379//379
f 3856//3849 4212//4204 4321//4310
f 2262//2259 3587//3582 3742//3735
f 2262//2259 3742//3735 2263//2260
f 4793//4777 4894//4878 2764//2760
f 4930//4913 4793//4777 2764//2760
f 612//612 4731//4715 2304//2301
f 3220//3216 2803//2799 4774//4758
f 3725//3718 3679//3672 4418//4406
f 4931//4914 1865//1864 276//276
f 4798//4782 1867//1866 2961//2957
f 931//931 933//933 3821//3814
f 4742//4726 4747//4731 1090//1089
f 4742//4726 1090//1089 3911//3903
f 4560//4545 4189//4181 2748//2744
f 3069//3065 3741//3734 4534//4519
f 3069//3065 4534//4519 3070//3066
f 2654//2650 1610//1609 1609//1608
f 1296//1295 2440//2437 1297//1296
f 1994//1993 1113//1112 4606//4591
f 4431//4419 3830//3823 4797//4781
f 4542//4527 4431//4419 4797//4781
f 1963//1962 4686//4671 4795//4779
f 3534//3529 3045//3041 3044//3040
f 1802//1801 4308//4297 4307//4296
f 1802//1801 4307//4296 1803//1802
f 623//623 1005//1005 3575//3570
f 3574//3569 623//623 3575//3570
f 666//666 3996//3988 667//667
f 3513//3508 2215//2212 4932//4915
f 3763//3756 916//916 915//915
f 2383//2380 1126//1125 1125//1124
f 2163//2161 4459//4446 2187//2185
f 2829//2825 832//832 3245//3241
f 4915//471 2561//2557 4538//4523
f 4192//4184 4275//4264 1893//1892
f 131//131 3433//3429 2482//2478
f 4218//3028 1838//1837 1839//1838
f 2814//2810 4874//4858 3072//3068
f 2377//2374 3411//3407 3615//3610
f 2779//2775 584//584 1051//1051
f 1691//1690 1983//1982 4777//4761
f 1691//1690 4777//4761 1692//1691
f 1122//1121 190//190 4202//4194
f 3900//3892 878//878 877//877
f 3167//3163 3427//3423 3406//3402
f 4215//4207 884//884 4933//4916
f 2121//2119 3919//3911 288//288
f 1867//1866 1866//1865 3686//3679
f 1137//1136 4167//4159 2144//2142
f 4125//4117 2407//2404 2408//2405
f 3126//3122 2619//2615 1542//1541
f 3326//3322 4840//4824 4305//4294
f 1824//1823 3326//3322 4305//4294
f 2201//2199 1433//1432 98//98
f 1473//1472 2395//2392 4547//4532
f 3402//3398 3511//3506 4352//4341
f 4851//4835 1147//1146 2688//2684
f 4934//4917 4153//4145 1584//1583
f 1316//1315 4895//4879 1317//1316
f 2083//2081 219//219 3719//3712
f 1907//1906 1192//1191 1908//1907
f 679//679 4311//4300 1118//1117
f 1136//1135 2812//2808 1132//1131
f 3237//3233 4438//4426 156//156
f 4822//4806 674//674 2419//2416
f 4434//4422 4822//4806 2419//2416
f 121//121 2750//2746 122//122
f 4392//4380 3024//3020 4673//4658
f 4135//4127 4392//4380 4673//4658
f 3469//3465 580//580 579//579
f 2210//2207 3424//3420 2915//2911
f 4935//4918 4936//4919 4639//4624
f 4638//4623 4935//4918 4639//4624
f 823//823 824//824 4555//4540
f 2019//2018 3894//3886 552//552
f 1131//1130 4456//4443 4198//4190
f 3436//3432 3438//3434 631//631
f 2096//2094 2209//2206 2097//2095
f 4725//4709 1121//1120 344//344
f 4725//4709 344//344 1017//1017
f 876//876 3870//3862 49//49
f 599//599 253//253 4395//4383
f 4833//4817 4143//4135 3943//3935
f 1518//1517 4206//4198 1519//1518
f 3585//3580 4006//3998 4937//4920
f 4808//4792 2569//2565 4294//4283
f 4808//4792 4294//4283 4350//4339
f 3731//3724 3734//3727 3441//3437
f 3732//3725 3731//3724 3441//3437
f 4643//4628 3566//3561 3565//3560
f 3890//3882 4643//4628 3565//3560
f 1055//1055 1289//1288 4209//4201
f 3431//3427 1227//1226 3273//3269
f 882//882 247//247 883//883
f 4349//4338 1248//1247 3596//3591
f 4802//4786 3082//3078 3551//3546
f 4132//4124 1868//1867 1871//1870
f 4632//4617 3023//3019 3025//3021
f 565//565 3215//3211 904//904
f 565//565 904//904 566//566
f 1520//1519 1522//1521 4270//4259
f 4269//4258 1520//1519 4270//4259
f 352//352 3498//3493 353//353
f 2902//2898 4277//4266 1127//1126
f 1126//1125 2902//2898 1127//1126
f 554//554 3975//3967 3586//3581
f 602//602 1247//1246 1053//1053
f 1316//1315 3750//3743 4895//4879
f 139//139 4095//4087 3530//3525
f 238//238 4597//4582 239//239
f 3689//3682 2816//2812 4850//4834
f 4863//4847 1128//1127 2997//2993
f 4440//4428 4938//4921 3037//3033
f 3855//3848 1043//1043 2935//2931
f 4596//4581 238//238 1604//1603
f 4902//4886 4826//4810 1887//1886
f 3419//3415 3514//3509 4939//4922
f 3419//3415 4939//4922 983//983
f 1264//1263 1263//1262 4718//4702
f 3195//3191 3842//3835 1606//1605
f 3760//3753 2780//2776 4276//4265
f 4940//4923 296//296 295//295
f 2926//2922 3208//3204 4314//4303
f 4648//4633 571//571 3327//3323
f 4163//4155 3410//3406 4318//4307
f 3795//3788 4160//4152 4172//4164
f 2984//2980 4941//4924 3337//3333
f 4023//4015 2984//2980 3337//3333
f 2686//2682 1395//1394 4601//4586
f 2237//2234 2239//2236 3529//3524
f 2805//2801 2237//2234 3529//3524
f 743//743 1704//1703 2034//2033
f 3794//3787 4172//4164 3986//3978
f 3794//3787 3986//3978 3985//3977
f 1688//1687 4491//4477 2998//2994
f 399//399 2740//2736 4738//4722
f 1560//1559 4567//4552 4343//4332
f 3659//3652 3999//3991 3998//3990
f 4002//3994 1256//1255 4741//4725
f 2805//2801 3529//3524 572//572
f 2730//2726 1988//1987 1990//1989
f 2247//2244 2246//2243 701//701
f 4942//4925 3105//3101 4325//4314
f 745//745 2400//2397 1405//1404
f 4894//4878 4368//4357 3346//3342
f 3345//3341 4894//4878 3346//3342
f 4173//4165 4398//4386 1350//1349
f 2975//2971 3775//3768 2873//2869
f 2464//2460 4317//4306 4477//4464
f 891//891 3020//3016 4571//4556
f 3024//3020 4901//4885 3025//3021
f 750//750 749//749 4943//4926
f 3829//3822 1067//1067 4435//4423
f 2375//2372 2374//2371 4827//4811
f 2375//2372 4827//4811 1725//1724
f 259//259 258//258 4474//4461
f 4306//4295 4944//4927 4936//4919
f 4935//4918 4306//4295 4936//4919
f 1333//1332 1332//1331 1861//1860
f 4593//4578 4575//4560 4574//4559
f 4803//4787 4743//4727 4893//4877
f 1140//1139 1429//1428 45//45
f 4279//4268 2578//2574 2577//2573
f 2072//2071 4252//4241 4578//4563
f 2072//2071 4578//4563 4577//4562
f 421//421 420//420 4945//4928
f 421//421 4945//4928 4559//4544
f 1323//1322 3950//3942 4010//4002
f 2802//2798 1825//1824 4411//4399
f 4587//4572 3893//3885 4428//4416
f 4461//4448 1726//1725 4327//4316
f 378//378 380//380 1517//1516
f 1684//1683 3723//3716 1685//1684
f 2305//2302 2397//2394 2396//2393
f 3595//3590 3597//3592 4470//4457
f 4687//4672 3595//3590 4470//4457
f 3216//3212 4675//4660 1119//1118
f 4107//4099 34//34 36//36
f 4107//4099 36//36 4946//4929
f 4902//4886 2449//2446 1890//1889
f 707//707 633//633 3161//3157
f 4251//4240 707//707 3161//3157
f 1838//1837 4217//859 1510//1509
f 3899//3891 2710//2706 1010//1010
f 3899//3891 1010//1010 2050//2049
f 4761//4745 1249//1248 1248//1247
f 1367//1366 4288//4277 4876//4860
f 1368//1367 1367//1366 4876//4860
f 4649//4634 1950//1949 2594//2590
f 4649//4634 2594//2590 3976//3968
f 237//237 1655//1654 4810//4794
f 673//673 3990//3982 4078//4070
f 2876//2872 4474//4461 4755//4739
f 4247//4236 3428//3424 311//311
f 3744//3737 1978//1977 4529//4514
f 232//232 3292//3288 233//233
f 4947//4930 4948//4931 2529//2525
f 1763//1762 4947//4930 2529//2525
f 3816//3809 3506//3501 3817//3810
f 4831//4815 3318//3314 719//719
f 3907//3899 4831//4815 719//719
f 4300//4289 2878//2874 1301//1300
f 4300//4289 1301//1300 1300//1299
f 187//187 1476//1475 1478//1477
f 984//984 379//379 4791//4775
f 3214//3210 2517//2513 3215//3211
f 1808//1807 831//831 1809//1808
f 1318//1317 4744//4728 1319//1318
f 4353//4342 3900//3892 877//877
f 2443//2440 2444//2441 2521//2517
f 4733//4717 1030//1030 4852//4836
f 3309//3305 390//390 1299//1298
f 771//771 770//770 3915//3907
f 2810//2806 2959//2955 2797//2793
f 2810//2806 2797//2793 2811//2807
f 2711//2707 2712//2708 3983//3975
f 3982//3974 2711//2707 3983//3975
f 663//663 4484//4470 4624//4609
f 731//731 2228//2225 732//732
f 4139//4131 1024//1024 779//779
f 2041//2040 4139//4131 779//779
f 1432//1431 530//530 96//96
f 4253//4242 1260//1259 897//897
f 996//996 998//998 3696//3689
f 4261//4250 4563//4548 3547//3542
f 1953//1952 3522//3517 557//557
f 3209//3205 4949//4932 4704//4688
f 4826//4810 1278//1277 1887//1886
f 920//920 3124//3120 298//298
f 147//147 1588//1587 148//148
f 2836//2832 4258//4247 4712//4696
f 795//795 2836//2832 4712//4696
f 650//650 1957//1956 651//651
f 3995//3987 4854//4838 3996//3988
f 4340//4329 2630//2626 2227//2224
f 3101//3097 2087//2085 4402//4390
f 3546//3541 524//524 526//526
f 3067//3063 1490//1489 1489//1488
f 3225//3221 1269//1268 531//531
f 4009//4001 125//125 4950//4933
f 4009//4001 4950//4933 4592//4577
f 3311//3307 2272//2269 3200//3196
f 2901//2897 2488//2484 973//973
f 4218//3028 4217//859 1838//1837
f 923//923 2938//2934 4519//4504
f 2483//2479 923//923 4519//4504
f 4477//4464 4055//4047 3828//3821
f 584//584 1049//1049 1051//1051
f 668//668 667//667 756//756
f 2566//2562 3157//3153 3901//3893
f 4672//4657 2566//2562 3901//3893
f 2957//2953 2686//2682 3504//3499
f 1703//1702 4159//4151 1704//1703
f 3542//3537 4606//4591 4605//4590
f 3122//3118 3542//3537 4605//4590
f 3206//3202 3094//3090 3096//3092
f 3206//3202 3096//3092 2429//2426
f 2127//2125 2855//2851 2854//2850
f 2048//2047 2127//2125 2854//2850
f 2411//2408 3052//3048 2412//2409
f 1066//1066 634//634 2668//2664
f 475//475 1352//1351 476//476
f 1252//1251 3844//3837 409//409
f 408//408 1252//1251 409//409
f 2251//2248 3903//3895 3091//3087
f 2999//2995 1193//1192 883//883
f 4086//4078 4859//4843 489//489
f 2053//2052 4086//4078 489//489
f 8//8 899//899 1635//1634
f 206//206 2092//2090 2157//2155
f 3956//3948 3131//3127 3957//3949
f 954//954 218//218 3472//3468
f 4521//4506 609//609 241//241
f 2527//2523 4609//4594 4608//4593
f 2024//2023 4213//4205 2616//2612
f 2024//2023 2616//2612 2025//2024
f 4508//4493 3456//3452 4509//4494
f 4502//4488 3704//3697 4257//4246
f 3285//3281 1311//1310 1858//1857
f 1285//1284 1284//1283 2611//2607
f 2431//2428 749//749 748//748
f 2907//2903 2431//2428 748//748
f 1931//1930 2763//2759 3410//3406
f 1932//1931 1931//1930 3410//3406
f 1761//1760 3883//3875 1617//1616
f 4751//4735 4647//4632 4158//4150
f 4951//2836 2842//2838 3094//3090
f 3428//3424 3769//3762 2020//2019
f 3413//3409 3415//3411 1528//1527
f 3413//3409 1528//1527 2056//2055
f 4912//4896 4635//4620 4686//4671
f 2520//2516 4823//4807 2521//2517
f 1108//1107 2319//2316 1109//1108
f 4952//4934 3960//3952 3549//3544
f 459//459 4952//4934 3549//3544
f 1626//1625 3963//3955 1627//1626
f 4598//4583 4178//4170 3277//3273
f 1773//1772 3817//3810 4633//4618
f 4415//4403 4689//4674 4286//4275
f 1762//1761 1594//1593 2976//2972
f 2873//2869 1762//1761 2976//2972
f 1812//1811 1811//1810 3313//3309
f 2787//2783 2788//2784 4080//4072
f 4788//4772 4863//4847 2997//2993
f 921//921 2483//2479 4794//4778
f 4583//4568 921//921 4794//4778
f 3346//3342 4953//4935 167//167
f 538//538 1708//1707 1533//1532
f 3098//3094 3671//3664 3673//3666
f 1847//1846 1308//1307 4287//4276
f 2744//2740 3076//3072 3075//3071
f 2744//2740 3075//3071 461//461
f 395//395 598//598 599//599
f 4583//4568 4794//4778 1331//1330
f 2432//2429 175//175 3764//3757
f 3960//3952 2432//2429 3764//3757
f 2695//2691 4098//4090 4163//4155
f 1811//1810 4617//4602 4954//4936
f 3790//3783 4128//4120 262//262
f 3790//3783 262//262 3791//3784
f 1742//1741 1349//1348 4955//4937
f 4349//4338 3596//3591 4721//4705
f 2577//2573 2579//2575 3875//3867
f 4697//2492 4260//4249 2225//2222
f 2224//2221 4697//2492 2225//2222
f 2020//2019 2609//2605 2019//2018
f 4614//4599 626//626 4472//4459
f 3317//3313 4881//4865 1465//1464
f 2327//2324 1640//1639 1639//1638
f 2908//2904 4299//4288 4177//4169
f 1382//1381 4514//4499 3519//3514
f 2442//2439 1382//1381 3519//3514
f 2285//2282 4064//4056 2286//2283
f 1918//1917 1686//1685 1680//1679
f 3888//3880 1440//1439 3889//3881
f 4484//4470 3324//3320 593//593
f 4498//4484 351//351 301//301
f 3018//3014 2051//2050 2376//2373
f 3019//3015 3018//3014 2376//2373
f 1123//1122 4227//4217 3296//3292
f 4343//4332 1099//1098 1098//1097
f 1560//1559 4343//4332 1098//1097
f 4411//4399 1824//1823 4412//4400
f 4329//4318 3699//3692 4622//4607
f 4329//4318 4622//4607 3540//3535
f 3608//3603 2045//2044 2378//2375
f 3289//3285 3608//3603 2378//2375
f 3843//3836 1621//1620 3035//3031
f 3480//3476 1064//1064 3481//3477
f 4625//4610 3588//3583 2262//2259
f 4625//4610 2262//2259 2261//2258
f 2661//2657 1673//1672 1675//1674
f 4558//4543 4692//4677 4504//4489
f 4302//4291 1322//1321 3135//3131
f 2802//2798 2317//2314 1825//1824
f 3395//3391 4294//4283 4293//4282
f 2756//2752 3995//3987 666//666
f 4868//4852 3893//3885 4587//4572
f 4261//4250 3547//3542 2012//2011
f 3219//3215 4112//4104 2380//2377
f 2379//2376 3219//3215 2380//2377
f 2223//2220 4843//4827 1305//1304
f 4137//4129 685//685 4093//4085
f 4092//4084 4137//4129 4093//4085
f 4422//4410 4787//4771 2270//2267
f 2330//2327 1324//1323 1326//1325
f 1832//1831 1833//1832 3810//3803
f 2524//2520 2523//2519 2637//2633
f 2524//2520 2637//2633 4404//4392
f 2985//2981 2008//2007 3185//3181
f 462//462 1204//1203 1203//1202
f 4090//4082 267//267 3482//3478
f 2846//2842 2548//2544 2549//2545
f 4956//4938 4593//4578 4592//4577
f 4950//4933 4956//4938 4592//4577
f 3678//3671 3677//3670 542//542
f 699//699 2291//2288 700//700
f 4382//4370 4488//4474 4241//4230
f 4818//4802 2428//2425 3656//3649
f 4818//4802 3656//3649 4760//4744
f 3747//3740 3721//3714 3625//3619
f 1053//1053 4034//4026 4036//4028
f 4941//4924 2288//2285 2289//2286
f 776//776 775//775 4957//4939
f 2800//2796 3101//3097 3103//3099
f 1977//1976 2936//2932 4529//4514
f 76//76 75//75 610//610
f 1995//1994 3541//3536 2134//2132
f 1843//1842 1279//1278 3343//3339
f 1289//1288 1291//1290 4209//4201
f 4440//4428 3037//3033 3039//3035
f 4513//4498 4291//4280 4103//4095
f 2609//2605 3351//3347 2019//2018
f 842//842 4102//4094 843//843
f 884//884 1613//1612 1612//1611
f 1924//1923 1923//1922 2714//2710
f 982//982 4494//4480 1236//1235
f 369//369 623//623 3574//3569
f 456//456 369//369 3574//3569
f 4904//4888 1272//1271 1271//1270
f 3474//3470 2815//2811 2817//2813
f 300//300 1334//1333 3293//3289
f 412//412 1949//1948 3594//3589
f 4387//4375 4680//4665 3378//3374
f 383//383 472//472 381//381
f 2959//2955 2958//2954 4039//4031
f 1388//1387 3339//3335 2956//2952
f 4012//4004 4011//4003 27//27
f 1886//1885 3384//3380 437//437
f 2698//2694 2197//2195 2410//2407
f 953//953 3747//3740 943//943
f 4124//4116 1147//1146 4851//4835
f 4956//4938 4638//4623 4575//4560
f 4593//4578 4956//4938 4575//4560
f 1239//1238 4958//4940 4569//4554
f 4733//4717 4852//4836 4370//4359
f 156//156 155//155 2808//2804
f 105//105 107//107 2982//2978
f 814//814 3604//3599 3700//3693
f 3002//2998 311//311 3256//3252
f 1538//1537 1546//1545 977//977
f 2493//2489 2492//2488 1292//1291
f 2457//2453 4589//4574 805//805
f 590//590 582//582 4495//4481
f 115//115 3572//3567 116//116
f 2162//2160 560//560 4459//4446
f 2761//2757 3999//3991 2762//2758
f 1923//1922 763//763 762//762
f 1997//1996 3508//3503 4917//4900
f 2735//2731 4067//4059 4644//4629
f 706//706 4798//4782 4772//4756
f 704//704 706//706 4772//4756
f 4224//4214 1137//1136 1136//1135
f 4882//4866 1571//1570 4761//4745
f 4709//4693 4097//4089 1618//1617
f 4001//3993 3946//3938 3945//3937
f 142//142 311//311 3428//3424
f 270//270 4645//4630 271//271
f 682//682 4646//4631 680//680
f 2506//2502 1645//1644 2507//2503
f 4126//4118 4632//4617 4394//4382
f 3009//3005 499//499 2833//2829
f 3010//3006 3009//3005 2833//2829
f 3573//3568 2951//2947 2413//2410
f 2227//2224 2630//2626 1835//1834
f 500//500 4244//4233 2426//2423
f 460//460 2744//2740 461//461
f 145//145 2195//2193 146//146
f 3741//3734 855//855 4534//4519
f 2281//2278 4527//4512 3660//3653
f 469//469 471//471 615//615
f 4693//4678 4779//4763 4504//4489
f 2396//2393 2398//2395 2202//412
f 2435//2432 3826//3819 837//837
f 4572//4557 2435//2432 837//837
f 4748//4732 2666//2662 628//628
f 1423//1422 293//293 1951//1950
f 4532//4517 4500//4486 3252//3248
f 2496//2492 334//334 2007//2006
f 1109//1108 4031//4023 155//155
f 4361//4350 4032//4024 3840//3833
f 2869//2865 113//113 112//112
f 4957//4939 4720//4704 4114//4106
f 3112//3108 4319//4308 3113//3109
f 3911//3903 1090//1089 618//618
f 1196//1195 803//803 4809//4793
f 702//702 3683//3676 2472//2468
f 4880//4864 4653//4638 4525//4510
f 2146//2144 2148//2146 312//312
f 2146//2144 312//312 315//315
f 4126//4118 3023//3019 4632//4617
f 1731//1730 946//946 1732//1731
f 4622//4607 3016//3012 3015//3011
f 4565//4550 2587//2583 822//822
f 2521//2517 4823//4807 4757//4741
f 4598//4583 1595//1594 4178//4170
f 3547//3542 4330//4319 2302//2299
f 1392//1391 1391//1390 3147//3143
f 4501//4487 1392//1391 3147//3143
f 1438//1437 1437//1436 3622//3616
f 3504//3499 4601//4586 264//264
f 3504//3499 264//264 263//263
f 4109//4101 1457//1456 3212//3208
f 2323//2320 2598//2594 4881//4865
f 1335//1334 161//161 160//160
f 3568//3563 3086//3082 2804//2800
f 364//364 2745//2741 4557//4542
f 717//717 3907//3899 1370//1369
f 1449//1448 1451//1450 4122//4114
f 4844//4828 3532//3527 2871//2867
f 1528//1527 3415//3411 3414//3410
f 1528//1527 3414//3410 1529//1528
f 1193//1192 3302//3298 1194//1193
f 1129//1128 4734//4718 2101//2099
f 1129//1128 2101//2099 1130//1129
f 3205//3201 4451//4438 4540//4525
f 1755//1754 4718//4702 1756//1755
f 3895//3887 1449//1448 3896//3888
f 4397//4385 1574//1573 1848//1847
f 3351//3347 2313//2310 3894//3886
f 3187//3183 3363//3359 4517//4502
f 1896//1895 4937//4920 2864//2860
f 52//52 2862//2858 2753//2749
f 3900//3892 1320//1319 4348//4337
f 3382//3378 2346//2343 997//997
f 3170//3166 1956//1955 3380//3376
f 3170//3166 3380//3376 1535//1534
f 636//636 1541//1540 4883//4867
f 4484//4470 4537//4522 3897//3889
f 4882//4866 4219//4209 1571//1570
f 4934//4917 4152//4144 4153//4145
f 4441//4429 4926//4909 4949//4932
f 1570//1569 4545//4530 1905//1904
f 2152//2150 2109//2107 3863//3856
f 2152//2150 3863//3856 1895//1894
f 2586//2582 3833//3826 2584//2580
f 3652//3645 3710//3703 2198//2196
f 4048//4040 2171//2169 2172//2170
f 143//143 4048//4040 2172//2170
f 92//92 91//91 1758//1757
f 4829//4813 460//460 3674//3667
f 24//24 4829//4813 3674//3667
f 3837//3830 3794//3787 3985//3977
f 3118//3114 559//559 4664//4649
f 278//278 1636//1635 1233//1232
f 2509//2505 2342//2339 3166//3162
f 284//284 4605//4590 285//285
f 649//649 648//648 840//840
f 3919//3911 3251//3247 4715//4699
f 3919//3911 4715//4699 288//288
f 2399//2396 2931//2927 1508//1507
f 410//410 847//847 1785//1784
f 4018//4010 4017//4009 2234//2231
f 1197//1196 414//414 4171//4163
f 2905//2901 4815//4799 4588//4573
f 4533//4518 126//126 1037//1037
f 4657//4642 3284//3280 3283//3279
f 3302//3298 2990//2986 1194//1193
f 1172//1171 1270//1269 2030//2029
f 2108//2106 4231//4220 2109//2107
f 3494//3490 314//314 2986//2982
f 3733//3726 4893//4877 3734//3727
f 2305//2302 2306//2303 2397//2394
f 3308//3304 1216//1215 3109//3105
f 3804//3797 48//48 3635//3629
f 3707//3700 4438//4426 2348//2345
f 4054//4046 3166//3162 3400//3396
f 2111//2109 2265//2262 2112//2110
f 327//327 2957//2953 3503//3498
f 1642//1641 777//777 4905//4889
f 1642//1641 4905//4889 1643//1642
f 4396//4384 4743//4727 4803//4787
f 4088//4080 3430//3426 4665//4650
f 4088//4080 4665//4650 4334//4323
f 4959//4941 3422//3418 1207//1206
f 4960//4942 4959//4941 1207//1206
f 35//35 68//68 70//70
f 1105//1104 1814//1813 1816//1815
f 3353//3349 4862//4846 1991//1990
f 403//403 402//402 1010//1010
f 1837//1836 2629//2625 4961//4943
f 2280//2277 2279//2276 1157//1156
f 2280//2277 1157//1156 4524//4509
f 4256//4245 4385//4373 4180//4172
f 4750//4734 1723//1722 4722//4706
f 383//383 382//382 1281//1280
f 3819//3812 3444//3440 1146//1145
f 654//654 613//613 108//108
f 654//654 108//108 4531//4516
f 1773//1772 4633//4618 1774//1773
f 3614//3609 3613//3608 621//621
f 4864//4848 4320//4309 3180//3176
f 3179//3175 4864//4848 3180//3176
f 4811//4795 2084//2082 2086//2084
f 4811//4795 2086//2084 2782//2778
f 3394//3390 747//747 51//51
f 4767//4751 3805//3798 3634//3628
f 936//936 1281//1280 1642//1641
f 2693//2689 3730//3723 1047//1047
f 1882//1881 2632//2628 1883//1882
f 2018//2017 2514//2510 3426//3422
f 4834//4818 4342//4331 550//550
f 1607//1606 2556//2552 2555//2551
f 4812//4796 1607//1606 2555//2551
f 3153//3149 2060//2059 19//19
f 1544//1543 1543//1542 2232//2229
f 1544//1543 2232//2229 4070//4062
f 4315//4304 4316//4305 128//128
f 4825//4809 3482//3478 4058//4050
f 192//192 1524//1523 4203//4195
f 1673//1672 2662//2658 3271//3267
f 1673//1672 3271//3267 1674//1673
f 3683//3676 2439//2436 2472//2468
f 1681//1680 526//526 1682//1681
f 1970//1969 4709//4693 1618//1617
f 4577//4562 4579//4564 3973//3965
f 3478//3474 3560//3555 961//961
f 2156//2154 2155//2153 2226//2223
f 1095//1094 1097//1096 1987//1986
f 2696//2692 1095//1094 1987//1986
f 1742//1741 4955//4937 3558//3553
f 2944//2940 802//802 4681//4666
f 601//601 1245//1244 1247//1246
f 841//841 843//843 2184//2182
f 3626//3620 3625//3619 4630//4615
f 4747//4731 3925//3917 3924//3916
f 2364//2361 4692//4677 4879//4863
f 4830//4814 1128//1127 4934//4917
f 485//485 4962//4944 2224//2221
f 3993//3985 4705//4689 3994//3986
f 4957//4939 4114//4106 4963//4945
f 1400//1399 1399//1398 2016//2015
f 4680//4665 89//89 92//92
f 2556//2552 809//809 2749//2745
f 3089//3085 1818//1817 1817//1816
f 2135//2133 4669//4654 2136//2134
f 2799//2795 2801//2797 2338//2335
f 433//433 4883//4867 4070//4062
f 3963//3955 2549//2545 3818//3811
f 3800//3793 4259//4248 1629//1628
f 2921//2917 3198//3194 3197//3193
f 2921//2917 3197//3193 2074//2073
f 4964//4946 1583//1582 4618//4603
f 4888//4872 1027//1027 4052//4044
f 2047//2046 365//365 2697//2693
f 1442//1441 2047//2046 2697//2693
f 2600//2596 814//814 4328//4317
f 3270//3266 1639//1638 4667//4652
f 4865//4849 310//310 3360//3356
f 1513//1512 4888//4872 4052//4044
f 1513//1512 4052//4044 1514//1513
f 4607//4592 4670//4655 4546//4531
f 3894//3886 2019//2018 3351//3347
f 783//783 555//555 4686//4671
f 2880//2876 2881//2877 4889//4873
f 270//270 4039//4031 4645//4630
f 2792//2788 4120//4112 1378//1377
f 135//135 137//137 4473//4460
f 4928//4911 2641//2637 2640//2636
f 167//167 4953//4935 168//168
f 576//576 4965//4947 2002//2001
f 4745//4729 2532//2528 595//595
f 4745//4729 595//595 1383//1382
f 1160//1159 1159//1158 2133//2131
f 4616//4601 3959//3951 3958//3950
f 4323//4312 800//800 682//682
f 3355//3351 3242//3238 3244//3240
f 110//110 109//109 3495//3491
f 2306//2303 2982//2978 600//600
f 2822//2818 2824//2820 2594//2590
f 2593//2589 2822//2818 2594//2590
f 4735//4719 976//976 3214//3210
f 4481//3981 671//671 673//673
f 4227//4217 4202//4194 4204//4196
f 4227//4217 4204//4196 3912//3904
f 4962//4944 4563//4548 4697//2492
f 4845//4829 4966//4948 1619//1618
f 1770//1769 992//992 2360//2357
f 1017//1017 945//945 946//946
f 4142//4134 1971//1970 4417//4405
f 3646//3640 4698//4682 2702//2698
f 1211//1210 1096//1095 1095//1094
f 4728//4712 726//726 3351//3347
f 1213//1212 3785//3778 1214//1213
f 1490//1489 1720//1719 1487//1486
f 4378//4367 713//713 715//715
f 2568//2564 3606//3601 3157//3153
f 2566//2562 2568//2564 3157//3153
f 4852//4836 4614//4599 2241//2238
f 741//741 3666//3659 3174//3170
f 2501//2497 2069//2068 3439//3435
f 4257//4246 527//527 1925//1924
f 4159//4151 243//243 2188//2186
f 3537//3532 3619//3614 2246//2243
f 4768//4752 4419//4407 4769//4753
f 4787//4771 721//721 723//723
f 3843//3836 3035//3031 3844//3837
f 3189//3185 3191//3187 4706//4690
f 3541//3536 3542//3537 3122//3118
f 2511//2507 3541//3536 3122//3118
f 837//837 3826//3819 708//708
f 837//837 708//708 87//87
f 1450//1449 3928//3920 1201//1200
f 1451//1450 1450//1449 1201//1200
f 2366//2363 2255//2252 3970//3962
f 3380//3376 3952//3944 1534//1533
f 1535//1534 3380//3376 1534//1533
f 769//769 1944//1943 2786//2782
f 1862//1861 4029//4021 1446//1445
f 4967//4949 3437//3433 3436//3432
f 4968//4950 712//712 2491//2487
f 3043//3039 4968//4950 2491//2487
f 4030//4022 3060//3056 2020//2019
f 3182//3178 1779//1778 1458//1457
f 84//84 51//51 53//53
f 1219//1218 2970//2966 653//653
f 1220//1219 653//653 1888//1887
f 2100//2098 538//538 537//537
f 2963//2959 780//780 3222//3218
f 4274//4263 4097//4089 4845//4829
f 3533//3528 2392//2389 2558//2554
f 2588//2584 2590//2586 3762//3755
f 3761//3754 2588//2584 3762//3755
f 4181//4173 4722//4706 1723//1722
f 4181//4173 1723//1722 901//901
f 1711//1710 680//680 4427//4415
f 1725//1724 3909//3901 1536//1535
f 212//212 564//564 4397//4385
f 4716//4700 3147//3143 2928//2924
f 3241//3237 2003//2002 2002//2001
f 3930//3922 294//294 1855//1854
f 2996//2992 2914//2910 3882//3874
f 2750//2746 2836//2832 794//794
f 2664//2660 2426//2423 2819//2815
f 4368//4357 562//562 212//212
f 3180//3176 4320//4309 4462//4449
f 4591//4576 4594//4579 4885//4869
f 3208//3204 4441//4429 4949//4932
f 3208//3204 4949//4932 3209//3205
f 4064//4056 1148//1147 2286//2283
f 2890//2886 617//617 4404//4392
f 3292//3288 3799//3792 2672//2668
f 3024//3020 4393//4381 4600//4585
f 4969//4951 2293//2290 2292//2289
f 4105//4097 4969//4951 2292//2289
f 4324//4313 4114//4106 4113//4105
f 585//585 512//512 3892//3884
f 2146//2144 2916//2912 4011//4003
f 3264//3260 4562//4547 3761//3754
f 3698//3691 1530//1529 2258//2255
f 4970//4952 2798//2794 4301//4290
f 1249//1248 4166//4158 4681//4666
f 1249//1248 4681//4666 4727//4711
f 701//701 3825//3818 702//702
f 1991//1990 4862//4846 1992//1991
f 4148//4140 4149//4141 1176//1175
f 3813//3806 4148//4140 1176//1175
f 4971//4953 3241//3237 4965//4947
f 3108//3104 3308//3304 3109//3105
f 4409//4397 2131//2129 4410//4398
f 3760//3753 4276//4265 4496//4482
f 4568//4553 827//827 2564//2560
f 2650//2646 3365//3361 360//360
f 4240//4229 4334//4323 3260//3256
f 3205//3201 4540//4525 1246//1245
f 24//24 3674//3667 23//23
f 3554//3549 3983//3975 2712//2708
f 4738//4722 2600//2596 4328//4317
f 4231//4220 2941//2937 2109//2107
f 2881//2877 4972//4954 4973//4955
f 4701//4685 4620//4605 2893//2889
f 4008//4000 3623//3617 4792//4776
f 3114//3110 3637//3631 4604//4589
f 3112//3108 3114//3110 4604//4589
f 2109//2107 2152//2150 2110//2108
f 1445//1444 2496//2492 3879//3871
f 2346//2343 536//536 535//535
f 1614//1613 4916//4899 3167//3163
f 1461//1460 3400//3396 3401//3397
f 2598//2594 2584//2580 4881//4865
f 4903//4887 3390//3386 3838//3831
f 2294//2291 1145//1144 4448//4436
f 2294//2291 4448//4436 3753//3746
f 3969//3961 1253//1252 1256//1255
f 3969//3961 1256//1255 4002//3994
f 4087//4079 3430//3426 4088//4080
f 938//938 2717//2713 4456//4443
f 2060//2059 1961//1960 19//19
f 3480//3476 1065//1065 1064//1064
f 1055//1055 2659//2655 1289//1288
f 2916//2912 637//637 27//27
f 2916//2912 27//27 4011//4003
f 2080//2079 2387//2384 2081//2080
f 4267//4256 928//928 930//930
f 129//129 3783//3776 4610//4595
f 4118//4110 4543//4528 2841//2837
f 107//107 1245//1244 601//601
f 2835//2831 2191//2189 2192//2190
f 4324//4313 4113//4105 4116//4108
f 4324//4313 4116//4108 2604//2600
f 4702//4686 4926//4909 1346//1345
f 3770//3763 4974//4956 2005//2004
f 176//176 1958//1957 2233//2230
f 4236//4225 3180//3176 4462//4449
f 2913//2909 2401//2398 2400//2397
f 1780//1779 1463//1462 507//507
f 2856//2852 4813//4797 4429//4417
f 4216//4208 1392//1391 4501//4487
f 4846//4830 3182//3178 1457//1456
f 4846//4830 1457//1456 4109//4101
f 397//397 670//670 545//545
f 544//544 397//397 545//545
f 4468//4455 3330//3326 3332//3328
f 3741//3734 4832//4816 1659//1658
f 1830//1829 3265//3261 1429//1428
f 3448//3444 4927//4910 4784//4768
f 1075//1075 591//591 1076//1076
f 2512//2508 863//863 862//862
f 4975//4957 1135//1134 3450//3446
f 3250//3246 3231//3227 4354//4343
f 1244//1243 452//452 2500//2496
f 624//624 4361//4350 3644//3638
f 4810//4794 2766//2762 1234//1233
f 4739//4723 4810//4794 1234//1233
f 4162//4154 3830//3823 2475//2471
f 2154//2152 3884//3876 1917//1916
f 4182//4174 3968//3960 4730//4714
f 1302//1301 695//695 3935//3927
f 834//834 726//726 4925//4908
f 834//834 4925//4908 835//835
f 4976//4958 4694//4679 4732//4716
f 2381//2378 2383//2380 3104//3100
f 3664//3657 2381//2378 3104//3100
f 2699//2695 2645//2641 941//941
f 3553//3548 3555//3550 2275//2272
f 3237//3233 2808//2804 4651//4636
f 4264//4253 838//838 2310//2307
f 4974//4956 2006//2005 2005//2004
f 4765//4749 2950//2946 4344//4333
f 4170//4162 3337//3333 3457//3453
f 750//750 4943//4926 4960//4942
f 2036//2035 256//256 4922//4905
f 2036//2035 4922//4905 4868//4852
f 1599//1598 2746//2742 4246//4235
f 1600//1599 1599//1598 4246//4235
f 4102//4094 1820//1819 1224//1223
f 253//253 4363//4352 4395//4383
f 2142//2140 2684//2680 3488//3484
f 4609//4594 3667//3660 3298//3294
f 1740//1739 3954//3946 638//638
f 1026//1026 1740//1739 638//638
f 4282//4271 4284//4273 2371//2368
f 2088//2086 4853//4837 3192//3188
f 2088//2086 3192//3188 3028//3024
f 2938//2934 2940//2936 4519//4504
f 77//77 4727//4711 78//78
f 229//229 3378//3374 230//230
f 3369//3365 3368//3364 691//691
f 4450//4341 3061//3057 3063//3059
f 3555//3550 3743//3736 3745//3738
f 3555//3550 3745//3738 2276//2273
f 4044//4036 4977//4959 4978//4960
f 1985//1984 3627//3621 3179//3175
f 4550//4535 1804//1803 1958//1957
f 3090//3086 448//448 2134//2132
f 44//44 4317//4306 2464//2460
f 1141//1140 44//44 2464//2460
f 2816//2812 3576//3571 4850//4834
f 2691//2687 2690//2686 789//789
f 4001//3993 3969//3961 4002//3994
f 4910//4894 4520//4505 896//896
f 3189//3185 3693//3686 3190//3186
f 1324//1323 999//999 1325//1324
f 2658//2654 2534//2530 149//149
f 3343//3339 4111//4103 3344//3340
f 4979//4961 1736//1735 2368//2365
f 2677//2673 4979//4961 2368//2365
f 4550//4535 1958//1957 176//176
f 3271//3267 3270//3266 1243//1242
f 3689//3682 2713//2709 2817//2813
f 4700//4684 4620//4605 4701//4685
f 1617//1616 3303//3299 1002//1002
f 1617//1616 1002//1002 852//852
f 2825//2821 3891//3883 2826//2822
f 504//504 2478//2474 1279//1278
f 1028//1028 1030//1030 4733//4717
f 4862//4846 730//730 2515//2511
f 4862//4846 2515//2511 1992//1991
f 2222//2219 2974//2970 2209//2206
f 3332//3328 2469//2465 3334//3330
f 3147//3143 2929//2925 2928//2924
f 2565//2561 194//194 3806//3799
f 4486//4472 4820//4804 3981//3973
f 1445//1444 3879//3871 3878//3870
f 1014//1014 3010//3006 1015//1015
f 460//460 463//463 2318//2315
f 3674//3667 460//460 2318//2315
f 3766//3759 4143//4135 4417//4405
f 4824//4808 4980//4962 189//189
f 1317//1316 4895//4879 4923//4906
f 4978//4960 4977//4959 4924//4907
f 4978//4960 4924//4907 4449//4437
f 1088//115 1087//1087 3564//3559
f 1244//1243 94//94 93//93
f 1067//1067 1166//1165 1068//1068
f 4645//4630 2550//2546 2551//2547
f 3551//3546 3559//3554 4380//4369
f 4802//4786 3551//3546 4380//4369
f 2798//2794 4970//4952 4405//4393
f 4641//4626 322//322 3036//3032
f 1946//1945 1945//1944 1669//1668
f 2705//2701 4964//4946 4618//4603
f 2042//2041 2260//2257 2560//2556
f 2004//2003 2685//2681 3992//3984
f 471//471 470//470 2179//2177
f 4162//4154 2475//2471 505//505
f 2882//2878 4659//4644 2883//2879
f 3460//3456 3461//3457 985//985
f 3811//3804 1914//1913 1916//1915
f 3811//3804 1916//1915 3959//3951
f 71//71 4899//4883 72//72
f 324//324 3364//3360 4232//4221
f 2856//2852 464//464 4813//4797
f 152//152 4856//4840 4466//4453
f 622//622 1474//1473 1004//1004
f 3799//3792 3800//3793 2672//2668
f 4938//4921 1061//1061 3037//3033
f 4933//4916 1612//1611 3961//3953
f 2270//2267 4787//4771 2271//2268
f 4602//4587 4059//4051 3835//3828
f 3448//3444 350//350 2283//2280
f 3448//3444 2283//2280 2282//2279
f 3487//3483 3573//3568 4748//4732
f 1380//1379 133//133 2888//2884
f 1030//1030 626//626 4852//4836
f 4845//4829 4629//4614 4966//4948
f 4703//4687 3570//3565 4791//4775
f 4703//4687 4791//4775 4790//4774
f 4927//4910 3835//3828 3834//3827
f 55//55 1375//1374 683//683
f 1737//1736 142//142 3428//3424
f 3833//3826 2029//2028 2584//2580
f 84//84 53//53 85//85
f 3916//3908 3279//3275 3280//3276
f 4048//4040 143//143 1545//1544
f 2723//2719 4981//4963 2480//2476
f 792//792 3031//3027 4130//4122
f 792//792 4130//4122 4020//4012
f 899//899 1154//1153 1274//1273
f 2964//2960 2158//2156 3737//3730
f 3687//3680 4619//4604 3330//3326
f 3387//3383 2169//2167 3383//3379
f 714//714 169//169 168//168
f 714//714 168//168 211//211
f 937//937 4335//4324 3470//3466
f 2832//2828 122//122 3465//3461
f 3656//3649 3370//3366 3483//3479
f 3656//3649 3483//3479 4760//4744
f 1144//1143 1277//1276 4561//4546
f 4061//4053 1144//1143 4561//4546
f 4726//4710 3056//3052 1187//1186
f 4315//4304 4817//4801 3516//3511
f 2960//2956 2233//2230 4056//4048
f 3348//3344 2459//2455 2460//2456
f 3272//3268 3163//3159 4676//4661
f 3725//3718 3724//3717 3679//3672
f 2123//2121 300//300 3293//3289
f 2123//2121 3293//3289 3295//3291
f 4262//4251 819//819 4263//4252
f 1428//1427 1790//1789 1573//1572
f 17//17 1428//1427 1573//1572
f 4756//4740 3725//3718 4418//4406
f 3621//3615 1020//1020 1882//1881
f 3014//3010 3123//3119 2726//2722
f 4581//4566 4980//4962 2520//2516
f 4764//4748 4819//4803 3850//3843
f 4904//4888 4812//4796 2555//2551
f 4904//4888 2555//2551 1272//1271
f 445//445 3663//3656 3944//3936
f 445//445 3944//3936 4740//4724
f 4559//4544 4945//4928 1211//1210
f 4559//4544 1211//1210 2696//2692
f 4728//4712 2404//2401 4925//4908
f 726//726 4728//4712 4925//4908
f 2669//2665 1073//1073 1072//1072
f 4774//4758 2803//2799 4412//4400
f 4774//4758 4412//4400 4775//4759
f 3152//3148 3151//3147 4021//4013
f 4148//4140 1180//1179 3501//3496
f 4003//3995 1042//1042 3567//3562
f 3282//3278 2860//2856 4345//4334
f 2659//2655 1290//1289 1289//1288
f 2113//2111 2115//2113 2000//1999
f 1342//1341 2113//2111 2000//1999
f 442//442 4408//4396 4460//4447
f 4444//4432 442//442 4460//4447
f 1814//1813 3973//3965 1815//1814
f 2848//2844 3168//3164 4857//4841
f 812//812 2026//2025 813//813
f 1669//1668 1945//1944 1670//1669
f 2398//2395 3048//3044 2203//2200
f 3172//3168 3171//3167 519//519
f 3172//3168 519//519 518//518
f 4941//4924 2289//2286 2642//2638
f 3815//3808 697//697 2135//2133
f 1564//1563 4063//4055 1562//1561
f 470//470 469//469 3634//3628
f 2453//2449 3880//3872 1948//1947
f 4975//4957 1136//1135 1135//1134
f 1317//1316 4923//4906 2771//2767
f 2687//2683 4033//4025 1396//1395
f 2687//2683 1396//1395 1395//1394
f 3849//3842 2620//2616 1142//1141
f 1083//1083 1829//1828 1831//1830
f 1898//1897 4723//4707 4720//4704
f 1898//1897 4720//4704 4957//4939
f 3948//3940 888//888 825//825
f 1624//1623 4420//4408 1625//1624
f 1975//1974 3310//3306 3268//3264
f 926//926 2918//2914 2103//2101
f 396//396 926//926 2103//2101
f 4329//4318 3700//3693 3699//3692
f 4128//4120 260//260 262//262
f 3022//3018 3621//3615 1882//1881
f 4900//4884 1414//1413 4901//4885
f 3961//3953 3953//3945 1900//1899
f 2052//2051 489//489 4045//4037
f 801//801 4323//4312 4322//4311
f 1793//1792 801//801 4322//4311
f 3337//3333 3336//3332 4019//4011
f 3242//3238 373//373 375//375
f 4835//4819 4184//4176 3671//3664
f 2151//2149 1894//1893 4275//4264
f 3801//3794 4550//4535 176//176
f 4564//4549 3752//3745 4759//4743
f 3885//3877 4564//4549 4759//4743
f 4664//4649 2797//2793 4778//4762
f 1235//1234 281//281 3011//3007
f 4936//4919 4847//4831 4639//4624
f 2035//2034 256//256 2036//2035
f 1818//1817 3697//3690 4951//2836
f 3917//3909 4520//4505 4910//4894
f 895//895 3917//3909 4910//4894
f 4827//4811 2683//2679 2947//2943
f 4827//4811 2947//2943 3909//3901
f 2968//2964 4731//4715 2969//2965
f 4415//4403 1714//1713 4689//4674
f 1253//1252 3969//3961 4345//4334
f 1585//1584 3545//3540 3546//3541
f 2487//2483 4695//4680 734//734
f 2487//2483 734//734 733//733
f 2271//2268 4700//4684 2272//2269
f 694//694 1806//1805 3201//3197
f 4982//4964 483//483 672//672
f 4931//4914 276//276 868//868
f 4931//4914 868//868 388//388
f 1803//1802 4307//4296 1608//1607
f 2640//2636 3129//3125 1112//1111
f 2045//2044 3607//3602 3866//3859
f 1425//1424 144//144 2951//2947
f 4779//4763 845//845 118//118
f 3913//3905 4792//4776 3680//3673
f 1200//1199 1451//1450 1201//1200
f 3159//3155 2//2 5//5
f 3159//3155 5//5 3173//3169
f 3842//3835 4596//4581 1606//1605
f 2819//2815 2818//2814 2244//2241
f 3955//3947 3957//3949 2114//2112
f 2113//2111 3955//3947 2114//2112
f 2775//2771 720//720 2773//2769
f 3612//3607 1731//1730 1730//1729
f 2634//2630 4783//4767 3510//3505
f 4908//4892 2670//2666 1495//1494
f 2827//2823 2584//2580 2597//2593
f 546//546 545//545 586//586
f 893//893 1744//1743 4663//4648
f 145//145 4220//4210 2195//2193
f 1866//1865 2706//2702 3686//3679
f 3949//3941 1696//1695 1632//1631
f 3949//3941 1632//1631 3908//3900
f 4441//4429 2925//2921 3735//3728
f 4441//4429 3735//3728 4809//4793
f 3611//3606 1815//1814 1777//1776
f 4927//4910 4602//4587 3835//3828
f 2007//2006 1362//1361 2750//2746
f 2591//2587 3287//3283 4359//4348
f 4077//4069 4481//3981 4078//4070
f 796//796 2367//2364 4342//4331
f 4784//4768 4927//4910 3834//3827
f 2547//2543 4748//4732 627//627
f 3570//3565 984//984 4791//4775
f 4853//4837 4921//4904 4327//4316
f 4853//4837 4327//4316 3192//3188
f 1458//1457 1779//1778 1459//1458
f 1537//1536 2946//2942 778//778
f 4266//4255 4344//4333 2546//2542
f 1368//1367 4762//4746 772//772
f 4476//4463 3385//3381 4520//4505
f 3917//3909 4476//4463 4520//4505
f 764//764 308//308 307//307
f 1514//1513 2777//2773 1993//1992
f 668//668 756//756 1804//1803
f 1898//1897 4957//4939 775//775
f 3202//3198 4141//4133 4143//4135
f 4085//4077 4444//4432 4921//4904
f 4920//4903 4085//4077 4921//4904
f 2484//2480 3531//3526 4095//4087
f 138//138 2484//2480 4095//4087
f 2907//2903 748//748 4299//4288
f 3203//3199 4833//4817 4579//4564
f 886//886 704//704 4772//4756
f 886//886 4772//4756 4136//4128
f 2067//2066 2066//2065 4230//4219
f 3990//3982 2223//2220 1304//1303
f 3248//3244 3814//3807 3249//3245
f 4875//4859 1792//1791 1710//1709
f 4875//4859 1710//1709 4512//4497
f 1019//1019 1559//1558 1020//1020
f 1606//1605 3640//3634 3429//3425
f 2665//2661 1746//1745 1745//1744
f 1247//1246 4034//4026 1053//1053
f 4347//4336 730//730 4862//4846
f 2298//2295 549//549 2552//2548
f 4745//4729 3579//3574 1156//1155
f 2532//2528 4745//4729 1156//1155
f 3464//3460 4694//4679 4976//4958
f 1576//1575 3116//3112 3064//3060
f 3674//3667 1108//1107 21//21
f 2849//2845 4198//4190 4197//4189
f 1621//1620 1371//1370 4337//4326
f 1621//1620 4337//4326 3035//3031
f 1860//1859 1859//1858 2290//2287
f 3921//3913 4336//4325 4292//4281
f 542//542 1720//1719 1490//1489
f 4379//4368 1149//1148 4065//4057
f 2425//2422 2813//2809 2174//2172
f 2650//2646 2991//2987 132//132
f 313//313 2587//2583 4565//4550
f 1314//1313 2760//2756 4389//4377
f 3435//3431 217//217 216//216
f 1702//1701 2541//2537 4100//4092
f 4785//4769 1702//1701 4100//4092
f 2530//2526 4214//4206 4092//4084
f 2531//2527 2530//2526 4092//4084
f 3085//3081 950//950 952//952
f 3717//3710 501//501 2663//2659
f 3226//3222 500//500 499//499
f 525//525 444//444 1682//1681
f 4278//4267 820//820 478//478
f 3240//3236 2003//2002 3241//3237
f 3697//3690 2840//2836 4951//2836
f 2526//2522 2528//2524 4040//4032
f 832//832 486//486 3245//3241
f 3098//3094 3673//3666 1363//1362
f 4538//4523 2561//2557 2176//2174
f 730//730 4347//4336 731//731
f 3072//3068 4874//4858 3073//3069
f 3263//3259 4562//4547 3264//3260
f 3062//3058 1028//1028 4733//4717
f 1179//1178 4641//4626 4640//4625
f 1179//1178 4640//4625 4983//4965
f 4277//4266 3224//3220 3086//3082
f 2943//2939 4117//4109 3581//3576
f 548//548 2424//2421 4293//4282
f 1214//1213 3786//3779 4884//4868
f 3931//3923 1214//1213 4884//4868
f 1847//1846 4287//4276 4469//4456
f 1385//1384 3173//3169 876//876
f 489//489 491//491 4045//4037
f 4439//4427 4742//4726 3911//3903
f 2504//2500 4793//4777 4930//4913
f 1000//1000 2844//2840 1910//1909
f 3123//3119 4256//4245 3124//3120
f 4913//4897 4285//4274 4238//4227
f 2528//2524 4608//4593 3297//3293
f 2651//2647 891//891 3278//3274
f 4840//4824 1282//1281 2620//2616
f 4305//4294 4840//4824 2620//2616
f 2690//2686 1991//1990 1170//1169
f 4984//4966 4492//4478 4617//4602
f 2146//2144 315//315 865//865
f 300//300 2124//2122 301//301
f 2087//2085 2089//2087 4402//4390
f 1931//1930 1930//1929 4930//4913
f 2781//2777 2783//2779 4502//4488
f 733//733 735//735 973//973
f 2488//2484 733//733 973//973
f 4436//4424 1074//1074 1073//1073
f 4768//4752 4770//4754 2529//2525
f 4948//4931 4768//4752 2529//2525
f 1727//1726 4206//4198 2700//2696
f 4894//4878 4366//4355 4368//4357
f 2537//2533 2617//2613 1352//1351
f 475//475 2537//2533 1352//1351
f 49//49 3870//3862 3034//3030
f 4629//4614 2336//2333 4985//4967
f 3766//3759 3533//3528 2510//2506
f 1409//1408 4789//4773 3947//3939
f 3596//3591 1248//1247 77//77
f 3594//3589 2785//2781 1953//1952
f 3704//3697 1209//1208 4257//4246
f 22//22 21//21 4022//4014
f 1615//1614 2967//2963 3961//3953
f 1365//1364 81//81 80//80
f 4781//4765 2243//2240 2245//2242
f 4781//4765 2245//2242 4453//4440
f 3509//3504 451//451 398//398
f 869//869 1233//1232 1832//1831
f 2049//2048 4799//4783 661//661
f 476//476 1353//1352 2542//2538
f 2273//2270 476//476 2542//2538
f 484//484 3509//3504 4962//4944
f 1565//1564 4635//4620 3693//3686
f 2449//2446 4902//4886 2450//2447
f 2147//2145 2146//2144 4011//4003
f 193//193 3801//3794 2657//2653
f 3701//3694 1597//1596 3987//3979
f 1800//1799 4229//4218 1047//1047
f 3730//3723 1800//1799 1047//1047
f 1014//1014 2447//2444 3010//3006
f 474//474 476//476 2273//2270
f 2935//2931 1043//1043 1475//1474
f 2712//2708 3602//3597 3554//3549
f 179//179 178//178 4567//4552
f 1499//1498 4621//4606 4914//4898
f 509//509 4915//471 510//510
f 3057//3053 1530//1529 1532//1531
f 3698//3691 1013//1013 4551//4536
f 3709//3702 303//303 3517//3512
f 2478//2474 3998//3990 2761//2757
f 1809//1808 2204//2201 4382//4370
f 4276//4265 2780//2776 4603//4588
f 4871//4855 3887//3879 1026//1026
f 3794//3787 3795//3788 4172//4164
f 3177//3173 922//922 921//921
f 4584//4569 3177//3173 921//921
f 4530//4515 1380//1379 1379//1378
f 602//602 1053//1053 1052//1052
f 1013//1013 3698//3691 3672//3665
f 2009//2008 90//90 2206//2203
f 2839//2835 3528//3523 3093//3089
f 1599//1598 3053//3049 2746//2742
f 4696//4681 2525//2521 4820//4804
f 1495//1494 2670//2666 2669//2665
f 1495//1494 2669//2665 1284//1283
f 3001//2997 3462//3458 2887//2883
f 4585//4570 2769//2765 4161//4153
f 3873//3865 3438//3434 3437//3433
f 760//760 2027//2026 3609//3604
f 2988//2984 4489//4475 2989//2985
f 4359//4348 1551//1550 2591//2587
f 3896//3888 4121//4113 3892//3884
f 4984//4966 4986//4968 4493//4479
f 4492//4478 4984//4966 4493//4479
f 888//888 1963//1962 157//157
f 2743//2739 4773//4757 4423//4411
f 2743//2739 4423//4411 3076//3072
f 3893//3885 481//481 4428//4416
f 2854//2850 2856//2852 4799//4783
f 3861//3854 2129//2127 2128//2126
f 918//918 917//917 1204//1203
f 3075//3071 918//918 1204//1203
f 2105//2103 2234//2231 2106//2104
f 1054//1054 4987//4969 760//760
f 1402//1401 1085//1085 73//73
f 2238//2235 338//338 340//340
f 3622//3616 1452//1451 1100//1099
f 3083//3079 3082//3078 4802//4786
f 2114//2112 3957//3949 2949//2945
f 3080//3076 3966//3958 436//436
f 1310//1309 1689//1688 698//698
f 3480//3476 567//567 1065//1065
f 206//206 2157//2155 207//207
f 378//378 1517//1516 1024//1024
f 4780//4764 378//378 1024//1024
f 3025//3021 4901//4885 3940//3932
f 2905//2901 4588//4573 4369//4358
f 3956//3948 2865//2861 4006//3998
f 772//772 4723//4707 773//773
f 4612//4597 4162//4154 3778//3771
f 3386//3382 3829//3822 4435//4423
f 3386//3382 4435//4423 1232//1231
f 4936//4919 4944//4927 4847//4831
f 2231//2228 3249//3245 3776//3769
f 3310//3306 2270//2267 3311//3307
f 3294//3290 1336//1335 1077//1077
f 30//30 940//940 2301//2298
f 2291//2288 2455//2451 2789//2785
f 3053//3049 3420//3416 2746//2742
f 3058//3054 4272//4261 362//362
f 3058//3054 362//362 361//361
f 3146//3142 3148//3144 3864//3857
f 3223//3219 3068//3064 1962//1961
f 3875//3867 2297//2294 3876//3868
f 483//483 485//485 672//672
f 4673//4658 3024//3020 3023//3019
f 2339//2336 115//115 3160//3156
f 4376//4365 4710//4694 3026//3022
f 4376//4365 3026//3022 853//853
f 4237//4226 1112//1111 1111//1110
f 2127//2125 3258//3254 3905//3897
f 4958//4940 4576//4561 4988//4970
f 4549//4534 4839//4823 4304//4293
f 4625//4610 3739//3732 4626//4611
f 3442//3438 33//33 3572//3567
f 1783//1782 4726//4710 3464//3460
f 1783//1782 3464//3460 4976//4958
f 985//985 4262//4251 986//986
f 1517//1516 2701//2697 1025//1025
f 3597//3592 2813//2809 2425//2422
f 4470//4457 3597//3592 2425//2422
f 4186//4178 2061//2060 2052//2051
f 3567//3562 4001//3993 4003//3995
f 2089//2087 3028//3024 3027//3023
f 3515//3510 689//689 3042//3038
f 1591//1590 3049//3045 687//687
f 1591//1590 687//687 1592//1591
f 213//213 1474//1473 622//622
f 1268//1267 2348//2345 815//815
f 1012//1012 875//875 1426//1425
f 1220//1219 4044//4036 4196//4188
f 1462//1461 3401//3397 4692//4677
f 750//750 4960//4942 2596//2592
f 48//48 2322//2319 4054//4046
f 3724//3717 647//647 649//649
f 3724//3717 649//649 3679//3672
f 3912//3904 2641//2637 4226//4216
f 2759//2755 1286//1285 1608//1607
f 4307//4296 2759//2755 1608//1607
f 1679//1678 1964//1963 3498//3493
f 4886//4870 3603//3598 3569//3564
f 4176//4168 3902//3894 3980//3972
f 1936//1935 4739//4723 2917//2913
f 4584//4569 3174//3170 3177//3173
f 2576//2572 4907//4891 1781//1780
f 1572//1571 1177//1176 4149//4141
f 3869//3861 4880//4864 4525//4510
f 4717//4701 167//167 166//166
f 2509//2505 2340//2337 2342//2339
f 4744//4728 1248//1247 1319//1318
f 2506//2502 3150//3146 1646//1645
f 141//141 143//143 2172//2170
f 980//980 4906//4890 981//981
f 3425//3421 4841//4825 4989//4971
f 3426//3422 3425//3421 4989//4971
f 1643//1642 4963//4945 4114//4106
f 1687//1686 196//196 4491//4477
f 1687//1686 4491//4477 1688//1687
f 4535//4520 678//678 3808//3801
f 4875//4859 4512//4497 3073//3069
f 2709//2705 2776//2772 1872//1871
f 985//985 3461//3457 4262//4251
f 4196//4188 4044//4036 4978//4960
f 3908//3900 2147//2145 4010//4002
f 3950//3942 3908//3900 4010//4002
f 2535//2531 1586//1585 147//147
f 1519//1518 1727//1726 763//763
f 1922//1921 1519//1518 763//763
f 4609//4594 703//703 3667//3660
f 2423//2420 3806//3799 3561//3556
f 2133//2131 4458//4445 1879//1878
f 4152//4144 2116//2114 2534//2530
f 4469//4456 4287//4276 4771//4755
f 4469//4456 4771//4755 4631//4616
f 2246//2243 3620//3028 3825//3818
f 4990//4972 2532//2528 1156//1155
f 4007//3999 1436//1435 2073//2072
f 1279//1278 2809//2805 3343//3339
f 524//524 2658//2654 2553//2549
f 3089//3085 1817//1816 3453//3449
f 2790//2786 3608//3603 3289//3285
f 3101//3097 4402//4390 3102//3098
f 3938//3930 1561//1560 4580//4565
f 3880//3872 2831//2827 3149//3145
f 1772//1771 1771//1770 1106//1105
f 4541//4526 3062//3058 4371//4360
f 4790//4774 4780//4764 4138//4130
f 966//966 4790//4774 4138//4130
f 4895//4879 4245//4234 4923//4906
f 2078//2077 2931//2927 2399//2396
f 3726//3719 4208//4200 4613//4598
f 3726//3719 4613//4598 3906//3898
f 4183//4175 4457//4444 3283//3279
f 103//103 717//717 1370//1369
f 3431//3427 3369//3365 691//691
f 3431//3427 691//691 319//319
f 3712//3705 2064//2063 2407//2404
f 4778//4762 269//269 1689//1688
f 4901//4885 4199//4191 1198//1197
f 3940//3932 4901//4885 1198//1197
f 3512//3507 3011//3007 3513//3508
f 4991//4973 3423//3419 4219//4209
f 1195//1194 1194//1193 4838//4822
f 3527//3522 3341//3337 4678//4663
f 489//489 4859//4843 490//490
f 4742//4726 2669//2665 4747//4731
f 4958//4940 4988//4970 4569//4554
f 1399//1398 2606//2602 2605//2601
f 1399//1398 2605//2601 2514//2510
f 2732//2728 952//952 2733//2729
f 2975//2971 2873//2869 2976//2972
f 4479//4466 3362//3358 4826//4810
f 2165//2163 511//511 4992//4974
f 1433//1432 96//96 98//98
f 3680//3673 170//170 3914//3906
f 4918//4901 4975//4957 3450//3446
f 1092//1091 1094//1093 1830//1829
f 4573//4558 1656//1655 3040//3036
f 4889//4873 1330//1329 1333//1332
f 1676//1675 4889//4873 1333//1332
f 478//478 820//820 2587//2583
f 1332//1331 1979//1978 1861//1860
f 4053//4045 1785//1784 847//847
f 3681//3674 4053//4045 847//847
f 1966//1965 3751//3744 4682//4667
f 3094//3090 2842//2838 3095//3091
f 4978//4960 4449//4437 3886//3878
f 4296//4285 4978//4960 3886//3878
f 203//203 3686//3679 4468//4455
f 203//203 4468//4455 204//204
f 1114//1113 1113//1112 1994//1993
f 2222//2219 1114//1113 1994//1993
f 562//562 2406//2403 563//563
f 4912//4896 4686//4671 3190//3186
f 4700//4684 4144//4136 4620//4605
f 1758//1757 91//91 2009//2008
f 1758//1757 2009//2008 2008//2007
f 4386//4374 1437//1436 2960//2956
f 1314//1313 4389//4377 1940//1939
f 4932//4915 2215//2212 4891//4875
f 1174//1173 1173//1172 3593//3588
f 2533//2529 3051//3047 3005//3001
f 3486//3482 2951//2947 3487//3483
f 2887//2883 3462//3458 3948//3940
f 3499//3494 4191//4183 3500//3495
f 3722//3715 2287//2284 3017//3013
f 4536//4521 4503//1740 4537//4522
f 372//372 2756//2752 2259//2256
f 1115//1114 4860//4844 4038//4030
f 757//757 3857//3850 3856//3849
f 1945//1944 1431//1430 4333//4322
f 3270//3266 2327//2324 1639//1638
f 927//927 905//905 1122//1121
f 3896//3888 1449//1448 4122//4114
f 3896//3888 4122//4114 4121//4113
f 4523//4508 4074//4066 2498//2494
f 2497//2493 4523//4508 2498//2494
f 882//882 884//884 4215//4207
f 1217//1216 882//882 4215//4207
f 2594//2590 2824//2820 2863//2859
f 2594//2590 2863//2859 3976//3968
f 1323//1322 1322//1321 4303//4292
f 897//897 4595//4580 898//898
f 4889//4873 2881//2877 4973//4955
f 4889//4873 4973//4955 1330//1329
f 3201//3197 1806//1805 3202//3198
f 4337//4326 720//720 2775//2771
f 63//63 62//62 3349//3345
f 63//63 3349//3345 4433//4421
f 3274//3270 3273//3269 1227//1226
f 4259//4248 268//268 1629//1628
f 4337//4326 2775//2771 3035//3031
f 50//50 2320//2317 2322//2319
f 3720//3713 4835//4819 3098//3094
f 4836//4820 3047//3043 1650//1649
f 4993//4975 2656//2652 4567//4552
f 4993//4975 4567//4552 496//496
f 100//100 2050//2049 3018//3014
f 101//101 100//100 3018//3014
f 4502//4488 4384//4372 3704//3697
f 2706//2702 4619//4604 3687//3680
f 1195//1194 4838//4822 4916//4899
f 3471//3467 2971//2967 2970//2966
f 3471//3467 2970//2966 1219//1218
f 3398//3394 1022//1022 1021//1021
f 3698//3691 4551//4536 2718//2714
f 4412//4400 1824//1823 4839//4823
f 4886//4870 3569//3564 2613//2609
f 4886//4870 2613//2609 1976//1975
f 324//324 2108//2106 2110//2108
f 711//711 2934//2930 1977//1976
f 4962//4944 398//398 4563//4548
f 4362//4351 2219//2216 4363//4352
f 1251//1250 3843//3836 1252//1251
f 4412//4400 4839//4823 4549//4534
f 4442//4430 1751//1750 3848//3841
f 4504//4489 120//120 1338//1337
f 4558//4543 4504//4489 1338//1337
f 1518//1517 1007//1007 4206//4198
f 2148//2146 4842//4826 312//312
f 3512//3507 3514//3509 3419//3415
f 1897//1896 2864//2860 1791//1790
f 1093//1092 4107//4099 4946//4929
f 1093//1092 4946//4929 1094//1093
f 2102//2100 3515//3510 3042//3038
f 4908//4892 2046//2045 4437//4425
f 1813//1812 2246//2243 428//428
f 318//318 4889//4873 1676//1675
f 4566//4551 1323//1322 4303//4292
f 2935//2931 1475//1474 3238//3234
f 1821//1820 3589//3584 2427//2424
f 4696//4681 3117//3113 2525//2521
f 3723//3716 3306//3302 4498//4484
f 1267//1266 292//292 291//291
f 1267//1266 291//291 2408//2405
f 2934//2930 447//447 3855//3848
f 2728//2724 537//537 540//540
f 1366//1365 2821//2817 1367//1366
f 665//665 389//389 3951//3943
f 665//665 3951//3943 1212//1211
f 2257//2254 1388//1387 2956//2952
f 197//197 786//786 1387//1386
f 198//198 197//197 1387//1386
f 1059//1059 999//999 1001//1001
f 4944//4927 4848//4832 4847//4831
f 2064//2063 2067//2066 2407//2404
f 4896//4880 4938//4921 4440//4428
f 4777//4761 4896//4880 4440//4428
f 3111//3107 3146//3142 3864//3857
f 1209//1208 1807//1806 527//527
f 3181//3177 3180//3176 4236//4225
f 1237//1236 1239//1238 1649//1648
f 4313//4302 4887//4871 995//995
f 3809//3802 4851//4835 197//197
f 1746//1745 1559//1558 1019//1019
f 1747//1746 1746//1745 1019//1019
f 4576//4561 4639//4624 4988//4970
f 1483//1482 3521//3516 1768//1767
f 228//228 227//227 848//848
f 228//228 848//848 1663//1662
f 4102//4094 4101//4093 1820//1819
f 463//463 462//462 4031//4023
f 3850//3843 4819//4803 751//751
f 4874//4858 4875//4859 3073//3069
f 2253//2250 2254//2251 1989//1988
f 1024//1024 1517//1516 1025//1025
f 2033//2032 4844//4828 2870//2866
f 3392//3388 2033//2032 2870//2866
f 4485//4471 4696//4681 4820//4804
f 4151//4143 4150//4142 4590//4575
f 4724//4708 2153//2151 737//737
f 1672//1671 1377//1376 2614//2610
f 1469//1468 4404//4392 677//677
f 4495//4481 582//582 3760//3753
f 375//375 4867//4851 3243//3239
f 1354//1353 4507//4492 4509//4494
f 836//836 86//86 2792//2788
f 4739//4723 1935//1934 3268//3264
f 4739//4723 3268//3264 235//235
f 3943//3935 4143//4135 2356//2353
f 1926//1925 529//529 1904//1903
f 2322//2319 2321//2318 3166//3162
f 4125//4117 2408//2405 1422//1421
f 4464//4451 1833//1832 369//369
f 4772//4756 4798//4782 4028//4020
f 299//299 4180//4172 4179//4171
f 2818//2814 588//588 2730//2726
f 2071//2070 3104//3100 3105//3101
f 2071//2070 3105//3101 4942//4925
f 1567//1566 1566//1565 4094//4086
f 4035//4027 2240//2237 1684//1683
f 4702//4686 4704//4688 4949//4932
f 4926//4909 4702//4686 4949//4932
f 2603//2599 4572//4557 3740//3733
f 2330//2327 1326//1325 1982//1981
f 1145//1144 1144//1143 4061//4053
f 4871//4855 1026//1026 1027//1027
f 461//461 1204//1203 462//462
f 4684//4669 2501//2497 3439//3435
f 4684//4669 3439//3435 4127//4119
f 324//324 4232//4221 2108//2106
f 836//836 4572//4557 837//837
f 4424//4412 4904//4888 1271//1270
f 4387//4375 3378//3374 229//229
f 4388//4376 4387//4375 229//229
f 4504//4489 4779//4763 118//118
f 741//741 3174//3170 4584//4569
f 4972//4954 741//741 4584//4569
f 1744//1743 3970//3962 4663//4648
f 4994//4976 768//768 4360//4349
f 4406//4394 4301//4290 4516//4501
f 3703//3696 4147//4139 1209//1208
f 3194//3190 3193//3189 1875//1874
f 3194//3190 1875//1874 3029//3025
f 3262//3258 3802//3795 1187//1186
f 4527//4512 1273//1272 658//658
f 3226//3222 3467//3463 3227//3223
f 375//375 374//374 3489//3485
f 375//375 3489//3485 4867//4851
f 4662//4647 3132//3128 4353//4342
f 3425//3421 4030//4022 4841//4825
f 3845//3838 2163//2161 2187//2185
f 3845//3838 2187//2185 4445//4433
f 1225//1224 1821//1820 2427//2424
f 1225//1224 2427//2424 509//509
f 3315//3311 475//475 1581//1580
f 1580//1579 3315//3311 1581//1580
f 1076//1076 591//591 2720//2716
f 756//756 3857//3850 757//757
f 4975//4957 675//675 2812//2808
f 3393//3389 84//84 3736//3729
f 2325//2322 2327//2324 3269//3265
f 410//410 409//409 1826//1825
f 410//410 1826//1825 3691//3684
f 3050//3046 3051//3047 2533//2529
f 4394//4382 4632//4617 3939//3931
f 910//910 1795//1794 1797//1796
f 3768//3761 4636//4621 1829//1828
f 3768//3761 1829//1828 1083//1083
f 352//352 1151//1150 4454//4441
f 1067//1067 962//962 4435//4423
f 2467//2463 2615//2611 3857//3850
f 2465//2461 2467//2463 3857//3850
f 1586//1585 1588//1587 147//147
f 1087//1087 428//428 3564//3559
f 3397//3393 3396//3392 3478//3474
f 216//216 218//218 954//954
f 1174//1173 3593//3588 2939//2935
f 2938//2934 1174//1173 2939//2935
f 3414//3410 4855//4839 1529//1528
f 4873//4857 4976//4958 4732//4716
f 2421//2418 2420//2417 3228//3224
f 2422//2419 2421//2418 3228//3224
f 3643//3637 1768//1767 382//382
f 1242//1241 4680//4665 4387//4375
f 4866//4850 2917//2913 4494//4480
f 2864//2860 4937//4920 4006//3998
f 2864//2860 4006//3998 2865//2861
f 2405//2402 1907//1906 1909//1908
f 4241//4230 416//416 418//418
f 459//459 458//458 3256//3252
f 3699//3692 4478//4465 4622//4607
f 1046//1046 1048//1048 2329//2326
f 2073//2072 2099//2097 1069//1069
f 188//188 4824//4808 189//189
f 4955//4937 1351//1350 2705//2701
f 4864//4848 4630//4615 1873//1872
f 400//400 4738//4722 4330//4319
f 654//654 4531//4516 4766//4750
f 1888//1887 654//654 4766//4750
f 3656//3649 3301//3297 3371//3367
f 2770//2766 1435//1434 1434//1433
f 2318//2315 463//463 2319//2316
f 3906//3898 4613//4598 4708//4692
f 1970//1969 1404//1403 4709//4693
f 484//484 4962//4944 485//485
f 2625//2621 4754//4738 2626//2622
f 2106//2104 2236//2233 2107//2105
f 2494//2490 2963//2959 3222//3218
f 1715//1714 1714//1713 4415//4403
f 928//928 4267//4256 4076//4068
f 4459//4446 2185//2183 2187//2185
f 504//504 503//503 2478//2474
f 4783//4767 3692//3685 3510//3505
f 2090//2088 2303//2300 3539//3534
f 2090//2088 3539//3534 3598//3593
f 2512//2508 2511//2507 3121//3117
f 678//678 4535//4520 4311//4300
f 980//980 2189//2187 4906//4890
f 4075//4067 1515//1514 3231//3227
f 4210//4202 4075//4067 3231//3227
f 2338//2335 2801//2797 3442//3438
f 1589//1588 4190//4182 3281//3277
f 1801//1800 3599//3594 3323//3319
f 2783//2779 4384//4372 4502//4488
f 3895//3887 1860//1859 1449//1448
f 2477//2473 3382//3378 997//997
f 1572//1571 3154//3150 15//15
f 1667//1666 1502//1501 136//136
f 3080//3076 4870//4854 3966//3958
f 3253//3249 3130//3126 736//736
f 539//539 4897//4881 540//540
f 4368//4357 4953//4935 3346//3342
f 2673//2669 3773//3766 1760//1759
f 4832//4816 1660//1659 1659//1658
f 1733//1732 1732//1731 4537//4522
f 3216//3212 3385//3381 4675//4660
f 1863//1862 1865//1864 4705//4689
f 569//569 568//568 3493//3489
f 1920//1919 1066//1066 2668//2664
f 1401//1400 1085//1085 1402//1401
f 3506//3501 2316//2313 4634//4619
f 146//146 3491//3487 3186//3182
f 4600//4585 4900//4884 3024//3020
f 4934//4917 4863//4847 4152//4144
f 2081//2080 2388//2385 4674//4659
f 4099//4091 2275//2272 1491//1490
f 3719//3712 219//219 221//221
f 2074//2073 1708//1707 538//538
f 2519//2515 1930//1929 1932//1931
f 2188//2186 254//254 256//256
f 1774//1773 4633//4618 4635//4620
f 3265//3261 3267//3263 1430//1429
f 1429//1428 3265//3261 1430//1429
f 222//222 225//225 644//644
f 609//609 608//608 2164//2162
f 2589//2585 2588//2584 4729//4713
f 4679//4664 4615//4600 89//89
f 4400//4388 4251//4240 29//29
f 4908//4892 4437//4425 2670//2666
f 1981//1980 2329//2326 2330//2327
f 1981//1980 2330//2327 1982//1981
f 4688//4673 4994//4976 4360//4349
f 4395//4383 4363//4352 4743//4727
f 4396//4384 4395//4383 4743//4727
f 542//542 1490//1489 543//543
f 2110//2108 2152//2150 2151//2149
f 645//645 2917//2913 4866//4850
f 645//645 4866//4850 646//646
f 4806//4790 1446//1445 828//828
f 4044//4036 1888//1887 4977//4959
f 4526//4511 2952//2948 4375//4364
f 2583//2579 4526//4511 4375//4364
f 4879//4863 4558//4543 4489//4475
f 3035//3031 1827//1826 3844//3837
f 644//644 646//646 804//804
f 3583//3578 4507//4492 1354//1353
f 1272//1271 2555//2551 3814//3807
f 1272//1271 3814//3807 3248//3244
f 2881//2877 741//741 4972//4954
f 4470//4457 2425//2422 689//689
f 1454//1453 4026//4018 4255//4244
f 4580//4565 1454//1453 4255//4244
f 2185//2183 3972//3964 2186//2184
f 4909//4893 3873//3865 4698//4682
f 3646//3640 4909//4893 4698//4682
f 3973//3965 4579//4564 3974//3966
f 4968//4950 710//710 712//712
f 3265//3261 1830//1829 4995//4977
f 3265//3261 4995//4977 3266//3262
f 4346//4335 1609//1608 728//728
f 4955//4937 2705//2701 2704//2700
f 3558//3553 4955//4937 2704//2700
f 360//360 362//362 2649//2645
f 4814//4798 2036//2035 4868//4852
f 3032//3028 3634//3628 3636//3630
f 4996//4978 4986//4968 4984//4966
f 2645//2641 4996//4978 4984//4966
f 2665//2661 3445//3441 1746//1745
f 1654//1653 1048//1048 2843//2839
f 3281//3277 1162//1161 3458//3454
f 4420//4408 1755//1754 1625//1624
f 1795//1794 516//516 1796//1795
f 3251//3247 3250//3246 4354//4343
f 411//411 1394//1393 1949//1948
f 3764//3757 175//175 4729//4713
f 4879//4863 4692//4677 4558//4543
f 1850//1849 664//664 4623//4608
f 2220//2217 2140//2138 2141//2139
f 2218//2215 2220//2217 2141//2139
f 4623//4608 4624//4609 832//832
f 1322//1321 4302//4291 4303//4292
f 4883//4867 1544//1543 4070//4062
f 4344//4333 2950//2946 3486//3482
f 703//703 702//702 3668//3661
f 4764//4748 3454//3450 3675//3668
f 2642//2638 2643//2639 3335//3331
f 192//192 4203//4195 4202//4194
f 4744//4728 4761//4745 1248//1247
f 3275//3271 1583//1582 4964//4946
f 249//249 2478//2474 503//503
f 2257//2254 2955//2951 4351//4340
f 711//711 1977//1976 712//712
f 4816//4800 2507//2503 4582//4567
f 1982//1981 1326//1325 4896//4880
f 2367//2364 2677//2673 2368//2365
f 2025//2024 2386//2383 1477//1476
f 4328//4317 814//814 3700//3693
f 3538//3533 2689//2685 2691//2687
f 4870//4854 3526//3521 2661//2657
f 4313//4302 3629//3623 4887//4871
f 2368//2365 1736//1735 2369//2366
f 2584//2580 2828//2824 2585//2581
f 4140//4132 3310//3306 3312//3308
f 184//184 3798//3791 185//185
f 4728//4712 2538//2534 4467//4454
f 4728//4712 4467//4454 2404//2401
f 2627//2623 1952//1951 4982//4964
f 2785//2781 772//772 1953//1952
f 3046//3042 2794//2790 696//696
f 2354//2351 2451//2448 1314//1313
f 125//125 124//124 4950//4933
f 2771//2767 4923//4906 4004//3996
f 2772//2768 2771//2767 4004//3996
f 3673//3666 1364//1363 1363//1362
f 3903//3895 3902//3894 4176//4168
f 640//640 953//953 943//943
f 4457//4444 4183//4175 171//171
f 272//272 275//275 645//645
f 2372//2369 4284//4273 4902//4886
f 3114//3110 3638//3632 3637//3631
f 1934//1933 1927//1926 1929//1928
f 1934//1933 1929//1928 1935//1934
f 4323//4312 682//682 681//681
f 4185//4177 2447//2444 1014//1014
f 2297//2294 2198//2196 3711//3704
f 753//753 2874//2870 2334//2331
f 4392//4380 4393//4381 3024//3020
f 3800//3793 1466//1465 4259//4248
f 4997//4979 4586//4571 3827//3820
f 4996//4978 2645//2641 4085//4077
f 604//604 606//606 4523//4508
f 2536//2532 4289//4278 3777//3770
f 3363//3359 3187//3183 3610//3605
f 2703//2699 4699//4683 4753//4737
f 4390//4378 2760//2756 784//784
f 3692//3685 4361//4350 3510//3505
f 2958//2954 4605//4590 2867//2863
f 2538//2534 2539//2535 4467//4454
f 4582//4567 3709//3702 3516//3511
f 4817//4801 4582//4567 3516//3511
f 1921//1920 1519//1518 1922//1921
f 2241//2238 4614//4599 4471//4458
f 2241//2238 4471//4458 3307//3303
f 2939//2935 1669//1668 1668//1667
f 96//96 3239//3235 97//97
f 3678//3671 542//542 541//541
f 1417//1416 2296//2293 279//279
f 1925//1924 527//527 529//529
f 1192//1191 894//894 3846//3839
f 341//341 4577//4562 342//342
f 844//844 724//724 1366//1365
f 2215//2212 2217//2214 3563//3558
f 3937//3929 3936//3928 4668//4653
f 322//322 4641//4626 1179//1178
f 4998//4980 322//322 1179//1178
f 2364//2361 392//392 391//391
f 1204//1203 917//917 1520//1519
f 2547//2543 3487//3483 4748//4732
f 4682//4667 2365//2362 1943//1942
f 1876//1875 4570//4555 3508//3503
f 4306//4295 4954//4936 4944//4927
f 1013//1013 3672//3665 3671//3664
f 2872//2868 4032//4024 4361//4350
f 3714//3707 2922//2918 3128//3124
f 3243//3239 1250//1249 2754//2750
f 4805//4789 4806//4790 828//828
f 3938//3930 4581//4566 2520//2516
f 2632//2628 3938//3930 2520//2516
f 656//656 2054//2053 1766//1765
f 4167//4159 4224//4214 3718//3711
f 1257//1256 4552//4537 1258//1257
f 3365//3361 2650//2646 3366//3362
f 1998//1997 4917//4900 4482//4468
f 857//857 1088//115 858//858
f 2214//2211 4126//4118 1255//1254
f 1470//1469 679//679 4518//4503
f 4828//4812 1470//1469 4518//4503
f 2716//2712 949//949 3904//3896
f 2716//2712 3904//3896 2283//2280
f 3489//3485 3490//3486 1251//1250
f 4867//4851 3489//3485 1251//1250
f 4397//4385 564//564 1574//1573
f 1822//1821 3289//3285 3290//3286
f 1822//1821 3290//3286 1823//1822
f 907//907 1036//1036 1035//1035
f 4326//4315 907//907 1035//1035
f 1550//1549 3496//3492 4556//4541
f 1550//1549 4556//4541 2190//2188
f 2581//2577 4264//4253 2310//2307
f 2309//2306 2581//2577 2310//2307
f 3424//3420 2210//2207 1508//1507
f 3902//3894 156//156 3980//3972
f 2019//2018 552//552 551//551
f 4438//4426 2349//2346 2348//2345
f 3034//3030 1167//1166 1169//1168
f 3311//3307 2270//2267 2272//2269
f 117//117 2784//2780 4254//4243
f 117//117 4254//4243 3//3
f 914//914 2574//2570 915//915
f 1890//1889 2372//2369 4902//4886
f 4356//4345 3612//3607 1730//1729
f 917//917 919//919 1520//1519
f 3322//3318 3321//3317 4119//4111
f 850//850 3322//3318 4119//4111
f 3853//3846 446//446 4740//4724
f 947//947 2787//2783 4080//4072
f 3263//3259 1229//1228 4562//4547
f 1755//1754 3812//3805 4718//4702
f 168//168 4953//4935 212//212
f 305//305 4998//4980 356//356
f 4553//4538 1434//1433 4007//3999
f 1203//1202 1205//1204 4447//4435
f 4965//4947 3241//3237 2002//2001
f 2563//2559 2562//2558 2361//2358
f 2136//2134 3492//3488 4242//4231
f 4496//4482 4276//4265 2815//2811
f 967//967 2945//2941 2682//2678
f 968//968 967//967 2682//2678
f 4529//4514 4155//4147 3113//3109
f 1869//1868 1015//1015 1870//1869
f 1403//1402 3589//3584 1821//1820
f 2393//2390 4966//4948 4985//4967
f 2393//2390 4985//4967 2335//2332
f 4961//4943 2598//2594 2323//2320
f 1837//1836 4961//4943 2323//2320
f 3996//3988 2466//2462 667//667
f 1125//1124 1127//1126 3568//3563
f 4939//4922 4932//4915 4891//4875
f 2674//2670 2673//2669 4265//4254
f 4621//4606 2674//2670 4265//4254
f 1009//1009 1008//1008 3778//3771
f 859//859 2526//2522 4040//4032
f 201//201 4991//4973 2361//2358
f 4611//4596 3305//3301 4280//4269
f 104//104 103//103 1371//1370
f 1828//1827 3106//3102 990//990
f 1105//1104 1816//1815 1106//1105
f 1930//1929 2504//2500 4930//4913
f 946//946 2781//2777 4536//4521
f 4999//4981 3040//3036 3984//3976
f 662//662 4356//4345 1730//1729
f 2413//2410 2951//2947 2411//2408
f 3890//3882 3889//3881 2456//2452
f 3890//3882 2456//2452 4643//4628
f 3879//3871 123//123 2831//2827
f 2113//2111 1342//1341 1343//1342
f 47//47 2927//2923 4055//4047
f 734//734 102//102 735//735
f 2842//2838 4084//4076 3095//3091
f 675//675 4918//4901 676//676
f 2322//2319 3166//3162 4054//4046
f 1646//1645 4513//4498 1647//1646
f 1676//1675 1333//1332 1808//1807
f 4916//4899 4532//4517 3167//3163
f 2773//2769 4559//4544 2696//2692
f 2540//2536 4495//4481 4497//4483
f 4980//4962 4580//4565 4255//4244
f 519//519 3171//3167 4379//4368
f 2342//2339 3400//3396 3166//3162
f 1483//1482 1768//1767 3643//3637
f 1482//1481 1483//1482 3643//3637
f 4873//4857 4732//4716 3394//3390
f 4543//4528 889//889 2651//2647
f 3274//3270 4830//4814 1584//1583
f 2216//2213 4356//4345 662//662
f 1120//1119 2993//2989 1121//1120
f 4807//4791 3437//3433 4967//4949
f 4753//4737 4807//4791 4967//4949
f 256//256 585//585 4922//4905
f 3869//3861 4525//4510 2359//2356
f 4821//4805 1988//1987 2730//2726
f 4786//4770 2163//2161 4801//4785
f 1901//1900 4683//4668 498//498
f 2275//2272 3555//3550 2276//2273
f 95//95 4684//4669 956//956
f 3048//3044 3796//3789 2739//2735
f 4871//4855 1027//1027 4888//4872
f 4944//4927 4954//4936 4848//4832
f 1154//1153 1156//1155 3579//3574
f 1154//1153 3579//3574 1274//1273
f 4922//4905 3893//3885 4868//4852
f 4420//4408 3812//3805 1755//1754
f 2055//2054 1210//1209 4945//4928
f 4055//4047 2277//2274 2160//2158
f 4472//4459 626//626 947//947
f 1166//1165 1165//1164 1938//1937
f 2745//2741 4200//4192 4557//4542
f 136//136 4781//4765 137//137
f 3124//3120 4256//4245 4180//4172
f 4114//4106 4720//4704 4115//4107
f 2764//2760 3345//3341 2765//2761
f 2904//2900 4186//4178 2340//2337
f 2992//2988 4189//4181 4188//4180
f 221//221 641//641 643//643
f 4376//4365 1981//1980 4710//4694
f 3824//3817 4228//2179 3682//3675
f 4239//4228 4557//4542 4200//4192
f 2471//2467 526//526 1681//1680
f 1201//1200 3928//3920 1202//1201
f 4680//4665 4679//4664 89//89
f 4854//4838 4604//4589 3996//3988
f 175//175 2589//2585 4729//4713
f 4903//4887 3838//3831 4145//4137
f 4428//4416 482//482 3647//3641
f 2384//2381 4637//4622 4403//4391
f 4773//4757 3164//3160 2894//2890
f 2131//2129 3847//3840 2132//2130
f 4651//4636 4270//4259 4421//4409
f 1540//1539 2923//2919 3713//3706
f 4627//4612 3739//3732 3590//3585
f 1120//1119 65//65 64//64
f 847//847 4929//4912 848//848
f 3819//3812 3818//3811 3444//3440
f 1236//1235 1235//1234 3512//3507
f 2481//2477 2724//2720 2723//2719
f 557//557 1482//1481 2631//2627
f 1046//1046 1981//1980 1661//1660
f 1239//1238 4569//4554 2799//2795
f 635//635 1353//1352 3126//3122
f 2219//2216 4753//4737 4967//4949
f 2219//2216 4967//4949 2220//2217
f 1364//1363 1530//1529 3057//3053
f 527//527 1810//1809 528//528
f 3814//3807 2557//2553 3340//3336
f 697//697 4669//4654 2135//2133
f 2561//2557 1181//1180 2176//2174
f 4659//4644 2882//2878 181//181
f 162//162 161//161 2827//2823
f 1283//1282 1495//1494 1284//1283
f 3081//3077 4473//4460 3080//3076
f 4268//4257 4871//4855 1513//1512
f 4076//4068 4268//4257 1513//1512
f 4249//4238 2006//2005 4974//4956
f 4635//4620 783//783 4686//4671
f 553//553 785//785 3003//2999
f 2268//2265 3664//3657 2570//2566
f 1377//1376 2791//2787 2792//2788
f 3735//3728 2925//2921 415//415
f 1776//1775 3422//3418 316//316
f 1337//1336 120//120 2004//2003
f 1772//1771 4846//4830 992//992
f 279//279 1341//1340 280//280
f 2418//2415 2326//2323 4480//4467
f 633//633 632//632 4524//4509
f 1355//1354 1529//1528 3276//3272
f 1356//1355 1355//1354 3276//3272
f 3829//3822 2160//2158 1067//1067
f 2481//2477 1563//1562 2724//2720
f 3495//3491 3355//3351 3354//3350
f 1361//1360 4356//4345 2216//2213
f 2179//2177 470//470 3032//3028
f 2628//2624 3212//3208 1150//1149
f 1546//1545 394//394 393//393
f 1391//1390 1390//1389 2929//2925
f 3959//3951 1916//1915 4737//4721
f 72//72 4899//4883 4890//4874
f 72//72 4890//4874 3798//3791
f 4872//4856 2703//2699 252//252
f 251//251 4872//4856 252//252
f 3964//3956 671//671 4481//3981
f 4026//4018 1039//1039 4758//4742
f 195//195 3801//3794 193//193
f 4939//4922 4891//4875 3645//3639
f 983//983 4939//4922 3645//3639
f 1122//1121 4202//4194 1123//1122
f 4197//4189 1414//1413 2849//2845
f 4743//4727 4399//4387 3230//3226
f 4893//4877 4743//4727 3230//3226
f 1082//1082 3768//3761 1083//1083
f 4637//4622 2438//2435 3927//3919
f 1307//1306 3356//3352 4592//4577
f 3452//3448 2653//2649 3228//3224
f 3452//3448 3228//3224 3449//3445
f 395//395 599//599 3508//3503
f 4570//4555 395//395 3508//3503
f 3874//3866 2823//2819 2822//2818
f 2590//2586 2497//2493 2499//2495
f 4979//4961 1545//1544 142//142
f 4943//4926 749//749 2252//2249
f 1448//1447 1447//1446 829//829
f 4619//4604 3331//3327 3330//3326
f 164//164 1456//1455 405//405
f 4917//4900 3508//3503 4396//4384
f 2134//2132 448//448 3910//3902
f 2134//2132 3910//3902 1716//1715
f 1474//1473 1473//1472 1004//1004
f 2832//2828 3465//3461 725//725
f 3606//3601 5000//4982 4968//4950
f 3606//3601 4968//4950 3043//3039
f 1750//1749 340//340 4735//4719
f 2284//2281 4058//4050 4602//4587
f 4892//4876 2363//2360 3055//3051
f 986//986 4263//4252 4765//4749
f 2460//2456 1773//1772 1775//1774
f 4322//4311 1710//1709 1793//1792
f 1480//1479 2738//2734 1481//1480
f 3791//3784 1921//1920 1924//1923
f 3690//3683 3791//3784 1924//1923
f 4260//4249 2012//2011 4843//4827
f 1841//1840 1950//1949 1842//1841
f 3197//3193 3196//3192 1708//1707
f 4068//4060 3860//3853 2505//2501
f 1312//1311 1280//1279 1313//1312
f 354//354 769//769 771//771
f 2200//2198 4746//4730 2423//2420
f 3047//3043 1648//1647 1650//1649
f 4878//4862 4911//4895 28//28
f 3090//3086 4878//4862 28//28
f 3399//3395 3398//3394 1021//1021
f 4412//4400 4549//4534 4548//4533
f 4775//4759 4412//4400 4548//4533
f 4154//4146 1475//1474 4981//4963
f 21//21 1108//1107 2431//2428
f 3209//3205 4704//4688 4790//4774
f 3209//3205 4790//4774 3210//3206
f 1506//1505 1505//1504 4725//4709
f 1506//1505 4725//4709 3000//2996
f 1512//1511 1511//1510 4726//4710
f 2704//2700 2706//2702 1866//1865
f 2448//2445 2447//2444 4185//4177
f 3212//3208 1185//1184 1184//1183
f 164//164 405//405 404//404
f 3220//3216 4776//4760 4112//4104
f 71//71 1592//1591 4151//4143
f 71//71 4151//4143 4899//4883
f 4913//4897 3481//3477 1064//1064
f 4620//4605 4108//4100 2893//2889
f 1409//1408 1411//1410 4789//4773
f 4451//4438 4541//4526 4540//4525
f 4186//4178 2052//2051 2340//2337
f 868//868 869//869 388//388
f 1553//1552 1555//1554 3885//3877
f 543//543 1490//1489 3067//3063
f 4983//4965 3499//3494 3501//3496
f 4123//4115 4122//4114 1200//1199
f 4123//4115 1200//1199 2317//2314
f 2876//2872 4755//4739 1079//1079
f 1668//1667 2990//2986 3302//3298
f 2663//2659 501//501 2664//2660
f 1369//1368 759//759 761//761
f 1369//1368 761//761 812//812
f 4206//4198 1007//1007 472//472
f 4206//4198 472//472 2700//2696
f 2265//2262 4292//4281 1671//1670
f 2003//2002 2937//2933 1347//1346
f 3113//3109 4155//4147 3114//3110
f 4117//4109 3244//3240 3145//3141
f 4330//4319 4329//4318 2302//2299
f 1471//1470 4413//4401 2394//2391
f 1471//1470 2394//2391 1472//1471
f 2560//2556 4746//4730 2200//2198
f 3383//3379 536//536 2346//2343
f 1470//1469 677//677 679//679
f 572//572 3529//3524 573//573
f 4601//4586 1397//1396 264//264
f 1939//1938 3358//3354 919//919
f 3493//3489 568//568 2566//2562
f 3493//3489 2566//2562 4672//4657
f 2637//2633 2890//2886 4404//4392
f 783//783 553//553 555//555
f 1632//1631 1634//1633 478//478
f 1632//1631 478//478 477//477
f 2913//2909 4837//4821 2401//2398
f 1112//1111 3129//3125 4783//4767
f 3813//3806 1176//1175 1342//1341
f 4861//4845 4862//4846 3353//3349
f 4088//4080 4334//4323 4089//4081
f 4015//4007 3835//3828 4059//4051
f 1650//1649 1649//1648 2799//2795
f 3447//3443 3448//3444 4784//4768
f 643//643 2545//2541 4835//4819
f 3720//3713 643//643 4835//4819
f 1606//1605 4596//4581 1604//1603
f 3069//3065 4832//4816 3741//3734
f 47//47 4055//4047 4477//4464
f 4317//4306 47//47 4477//4464
f 4457//4444 4657//4642 3283//3279
f 2511//2507 2513//2509 4878//4862
f 1655//1654 1415//1414 282//282
f 1817//1816 3206//3202 3454//3450
f 2046//2045 3866//3859 4437//4425
f 4381//4028 1903//1902 3097//3093
f 2736//2732 4644//4629 2857//2853
f 2625//2621 870//870 4754//4738
f 4066//4058 3447//3443 4037//4029
f 3278//3274 4571//4556 4084//4076
f 746//746 1405//1404 4133//4125
f 1060//1060 1059//1059 4282//4271
f 1770//1769 2929//2925 1771//1770
f 3125//3121 2619//2615 3126//3122
f 2301//2298 1261//1260 1260//1259
f 3292//3288 2672//2668 2671//2667
f 1677//1676 1676//1675 1808//1807
f 1677//1676 1808//1807 4782//4766
f 1370//1369 3907//3899 718//718
f 4168//4160 1891//1890 2738//2734
f 4961//4943 2597//2593 2598//2594
f 308//308 473//473 936//936
f 2984//2980 2288//2285 4941//4924
f 2706//2702 3687//3680 3686//3679
f 2333//2330 3964//3956 4481//3981
f 2640//2636 3127//3123 3129//3125
f 697//697 696//696 4669//4654
f 4617//4602 4492//4478 4848//4832
f 4954//4936 4617//4602 4848//4832
f 1288//1287 809//809 2556//2552
f 4615//4600 2459//2455 3348//3344
f 4476//4463 3828//3821 3386//3382
f 4476//4463 3386//3382 3385//3381
f 4695//4680 2487//2483 2122//2120
f 4884//4868 3577//3572 3932//3924
f 3870//3862 1167//1166 3034//3030
f 724//724 726//726 2820//2816
f 4121//4113 4123//4115 429//429
f 3892//3884 4121//4113 429//429
f 1187//1186 3802//3795 1188//1187
f 4201//4193 716//716 289//289
f 3616//3611 3654//3647 4757//4741
f 3616//3611 4757//4741 188//188
f 1867//1866 203//203 2961//2957
f 1762//1761 4156//4148 1594//1593
f 4913//4897 1063//1063 4285//4274
f 2931//2927 3084//3080 3424//3420
f 3463//3459 3189//3185 4706//4690
f 3463//3459 4706//4690 888//888
f 2284//2281 3904//3896 4825//4809
f 471//471 2179//2177 2522//2518
f 4159//4151 2188//2186 1704//1703
f 4149//4141 3501//3496 3500//3495
f 4149//4141 3500//3495 1572//1571
f 41//41 1535//1534 42//42
f 1787//1786 3503//3498 4690//4675
f 4758//4742 1477//1476 1476//1475
f 3514//3509 4932//4915 4939//4922
f 4913//4897 4238//4227 4629//4614
f 4921//4904 4444//4432 4461//4448
f 4921//4904 4461//4448 4327//4316
f 547//547 2200//2198 548//548
f 3435//3431 216//216 3204//3200
f 1080//1080 1799//1798 250//250
f 1080//1080 250//250 249//249
f 2642//2638 3337//3333 4941//4924
f 2853//2849 3066//3062 173//173
f 1641//1640 920//920 453//453
f 3570//3565 3571//3566 984//984
f 4331//4320 4493//4479 4919//4902
f 4331//4320 4919//4902 4853//4837
f 4833//4817 3943//3935 3974//3966
f 4579//4564 4833//4817 3974//3966
f 4656//4641 4906//4890 241//241
f 4656//4641 241//241 244//244
f 4712//4696 4258//4247 2675//2671
f 4712//4696 2675//2671 2367//2364
f 3441//3437 3229//3225 2845//2841
f 3441//3437 2845//2841 3442//3438
f 608//608 1311//1310 3285//3281
f 2221//2218 4339//4328 1115//1114
f 1114//1113 2221//2218 1115//1114
f 4188//4180 620//620 2991//2987
f 4528//4513 3061//3057 4450//4341
f 3820//3813 2381//2378 3407//3403
f 67//67 2734//2730 345//345
f 1784//1783 1783//1782 4976//4958
f 1784//1783 4976//4958 4873//4857
f 3746//3739 3624//3618 4752//4736
f 3815//3808 2719//2715 697//697
f 1376//1375 1674//1673 4869//4853
f 1376//1375 4869//4853 2205//2202
f 1819//1818 4951//2836 3094//3090
f 3319//3315 1237//1236 4714//4698
f 4885//4869 3319//3315 4714//4698
f 4980//4962 1476//1475 189//189
f 1810//1809 1809//1808 2082//219
f 3378//3374 4680//4665 92//92
f 662//662 664//664 4409//4397
f 2216//2213 662//662 4409//4397
f 402//402 661//661 1008//1008
f 37//37 2468//2464 1648//1647
f 826//826 2362//2359 827//827
f 2060//2059 3153//3149 2053//2052
f 1033//1033 1589//1588 3670//3663
f 4100//4092 2541//2537 4865//4849
f 4100//4092 4865//4849 3360//3356
f 4819//4803 4760//4744 751//751
f 4987//4969 2123//2121 3552//3547
f 2204//2201 4488//4474 4382//4370
f 1247//1246 1246//1245 4034//4026
f 90//90 1775//1774 2206//2203
f 1851//1850 832//832 2829//2825
f 4273//4262 698//698 1859//1858
f 1855//1854 2199//2197 1856//1855
f 3058//3054 359//359 2896//2892
f 661//661 4799//4783 4796//4780
f 3796//3789 759//759 3767//3760
f 2739//2735 3796//3789 3767//3760
f 2043//2042 3423//3419 4991//4973
f 201//201 2043//2042 4991//4973
f 4660//4645 2056//2055 1528//1527
f 4804//4788 1715//1714 2445//2442
f 3908//3900 480//480 2147//2145
f 4524//4509 1160//1159 1878//1877
f 4806//4790 1861//1860 1446//1445
f 282//282 281//281 1235//1234
f 2766//2762 282//282 1235//1234
f 3391//3387 4903//4887 4646//4631
f 682//682 3391//3387 4646//4631
f 420//420 2055//2054 4945//4928
f 4954//4936 4306//4295 1811//1810
f 4039//4031 2550//2546 4645//4630
f 1489//1488 1488//1487 4676//4661
f 1489//1488 4676//4661 2344//2341
f 1416//1415 4014//4006 2296//2293
f 4286//4275 4689//4674 3934//3926
f 4286//4275 3934//3926 3008//3004
f 2121//2119 288//288 290//290
f 2884//2880 152//152 151//151
f 1595//1594 1294//1293 1409//1408
f 637//637 448//448 3090//3086
f 3278//3274 891//891 4571//4556
f 4994//4976 1972//1971 768//768
f 1915//1914 1941//1940 4737//4721
f 1916//1915 1915//1914 4737//4721
f 4661//4646 4671//4656 3196//3192
f 4661//4646 3196//3192 3198//3194
f 718//718 720//720 1371//1370
f 1610//1609 2932//2928 2068//2067
f 4823//4807 4980//4962 4824//4808
f 1205//1204 1204//1203 4269//4258
f 4707//4691 4234//4223 4708//4692
f 4405//4393 4970//4952 4406//4394
f 1481//1480 2737//2733 2962//2958
f 3034//3030 1169//1168 2320//2317
f 3034//3030 2320//2317 50//50
f 1958//1957 758//758 2233//2230
f 2180//2178 4892//4876 3055//3051
f 2983//2979 3318//3314 4831//4815
f 4554//4539 2983//2979 4831//4815
f 4252//4241 3203//3199 4578//4563
f 1975//1974 3268//3264 1935//1934
f 663//663 1730//1729 1733//1732
f 2904//2900 3947//3939 4186//4178
f 2492//2488 2494//2490 1293//1292
f 1292//1291 2492//2488 1293//1292
f 8//8 897//897 899//899
f 4639//4624 4847//4831 4988//4970
f 119//119 846//846 3232//3228
f 1077//1077 160//160 1078//1078
f 4505//4490 4204//4196 4203//4195
f 2310//2307 648//648 2311//2308
f 1424//1423 1423//1422 4649//4634
f 3312//3308 4014//4006 1416//1415
f 1510//1509 2181//2179 1511//1510
f 2997//2993 2102//2100 2117//2115
f 4896//4880 1058//1058 1061//1061
f 4896//4880 1061//1061 4938//4921
f 3375//3371 4647//4632 4751//4735
f 828//828 1448//1447 829//829
f 673//673 3316//3312 3990//3982
f 4755//4739 4474//4461 3294//3290
f 4755//4739 3294//3290 1077//1077
f 188//188 187//187 2023//2022
f 3616//3611 188//188 2023//2022
f 1143//1142 57//57 1277//1276
f 2988//2984 1857//1856 392//392
f 4489//4475 2988//2984 392//392
f 2338//2335 3442//3438 3572//3567
f 4306//4295 4950//4933 124//124
f 2230//2227 1884//1883 1603//1602
f 1602//1601 2230//2227 1603//1602
f 1533//1532 3158//3154 2489//2485
f 3651//3644 885//885 3710//3703
f 3811//3804 4616//4601 4678//4663
f 3341//3337 3811//3804 4678//4663
f 831//831 830//830 1809//1808
f 991//991 4705//4689 4929//4912
f 3691//3684 991//991 4929//4912
f 752//752 751//751 3557//3552
f 3777//3770 4350//4339 3397//3393
f 2011//2010 1677//1676 4782//4766
f 1189//1188 2400//2397 4694//4679
f 3652//3645 4200//4192 3649//3642
f 3237//3233 4651//4636 3797//3790
f 4438//4426 3237//3233 3797//3790
f 4529//4514 2936//2932 4155//4147
f 3788//3781 4585//4570 4161//4153
f 2413//2410 1598//1597 3573//3568
f 1961//1960 20//20 19//19
f 3186//3182 3763//3756 1741//1740
f 2687//2683 4406//4394 4033//4025
f 910//910 4560//4545 1795//1794
f 4393//4381 3837//3830 4600//4585
f 4986//4968 4920//4903 4919//4902
f 4493//4479 4986//4968 4919//4902
f 3371//3367 3301//3297 1499//1498
f 4637//4622 2384//2381 2386//2383
f 4637//4622 2386//2383 2025//2024
f 1290//1289 3872//3864 4707//4691
f 3808//3801 3807//3800 4999//4981
f 3293//3289 1334//1333 1336//1335
f 3235//3231 2462//2458 4488//4474
f 656//656 640//640 944//944
f 656//656 944//944 2054//2053
f 760//760 4987//4969 3552//3547
f 2120//2118 3138//3134 2154//2152
f 4394//4382 3939//3931 4326//4315
f 4730//4714 3945//3937 3944//3936
f 4860//4844 911//911 4038//4030
f 3088//3084 3697//3690 1818//1817
f 3214//3210 976//976 2517//2513
f 34//34 4107//4099 4106//4098
f 4144//4136 34//34 4106//4098
f 587//587 670//670 4821//4805
f 2051//2050 1009//1009 3780//3773
f 2051//2050 3780//3773 3538//3533
f 1585//1584 1584//1583 3545//3540
f 249//249 248//248 3998//3990
f 3455//3451 2912//2908 1359//1358
f 3519//3514 3583//3578 3520//3515
f 555//555 4626//4611 4336//4325
f 4854//4838 3112//3108 4604//4589
f 1611//1610 2068//2067 1360//1359
f 4223//4213 3217//3213 1425//1424
f 4600//4585 1653//1652 1412//1411
f 214//214 213//213 622//622
f 4123//4115 2317//2314 2802//2798
f 2092//2090 2091//2089 2158//2156
f 4933//4916 884//884 1612//1611
f 2518//2514 1930//1929 2519//2515
f 4304//4293 2620//2616 3849//3842
f 4549//4534 4304//4293 3849//3842
f 1782//1781 4179//4171 4340//4329
f 495//495 4993//4975 496//496
f 4611//4596 3783//3776 3304//3300
f 1110//1109 4783//4767 2633//2629
f 1288//1287 810//810 809//809
f 3355//3351 1527//1526 3242//3238
f 2061//2060 2053//2052 2052//2051
f 2118//2116 688//688 4373//4362
f 2116//2114 2118//2116 4373//4362
f 333//333 1926//1925 4381//4028
f 2170//2168 325//325 1786//1785
f 651//651 1680//1679 3498//3493
f 3686//3679 3330//3326 4468//4455
f 3224//3220 3758//3751 3087//3083
f 4537//4522 3898//3890 3897//3889
f 1995//1994 1716//1715 1996//1995
f 3856//3849 2615//2611 4212//4204
f 2178//2176 2177//2175 2229//2226
f 2641//2637 4928//4911 4237//4226
f 4226//4216 2641//2637 4237//4226
f 4887//4871 521//521 995//995
f 753//753 4233//4222 2874//2870
f 4621//4606 3920//3912 4914//4898
f 4952//4934 3256//3252 141//141
f 3403//3399 4352//4341 1029//1029
f 341//341 2571//2567 2071//2070
f 3861//3854 3860//3853 4068//4060
f 872//872 1558//1557 3850//3843
f 2165//2163 2164//2162 3286//3282
f 1751//1750 565//565 3848//3841
f 302//302 301//301 4066//4058
f 937//937 3399//3395 4335//4324
f 1333//1332 1861//1860 4805//4789
f 2937//2933 2599//2595 969//969
f 327//327 3503//3498 1787//1786
f 4346//4335 728//728 727//727
f 648//648 2310//2307 838//838
f 326//326 2955//2951 2957//2953
f 1651//1650 3716//3709 1652//1651
f 3887//3879 2128//2126 1026//1026
f 2524//2520 1469//1468 1468//1467
f 2635//2631 2634//2630 3403//3399
f 254//254 242//242 4992//4974
f 3840//3833 3842//3835 3195//3191
f 2954//2950 2606//2602 1399//1398
f 1398//1397 2954//2950 1399//1398
f 4890//4874 4151//4143 1582//1581
f 2540//2536 4497//4483 3473//3469
f 2326//2323 2966//2962 1640//1639
f 1879//1878 4458//4445 4990//4972
f 4674//4659 2388//2385 4043//4035
f 1698//1697 3047//3043 4836//4820
f 1579//1578 1538//1537 977//977
f 1579//1578 977//977 3193//3189
f 2969//2965 4731//4715 612//612
f 3527//3522 4678//4663 1242//1241
f 97//97 4971//4953 575//575
f 2595//2591 748//748 750//750
f 3589//3584 1919//1918 2427//2424
f 435//435 1834//1833 3081//3077
f 3779//3772 4162//4154 505//505
f 2514//2510 2018//2017 2017//2016
f 1460//1459 2363//2360 4892//4876
f 4923//4906 4245//4234 2452//2395
f 574//574 4709//4693 1404//1403
f 1184//1183 1186//1185 484//484
f 1150//1149 1184//1183 484//484
f 3249//3245 2638//2634 3776//3769
f 3008//3004 3934//3926 3226//3222
f 3009//3005 3008//3004 3226//3222
f 479//479 313//313 4842//4826
f 2148//2146 479//479 4842//4826
f 3844//3837 1827//1826 1826//1825
f 1970//1969 1618//1617 1620//1619
f 2103//2101 2918//2914 2104//2102
f 3258//3254 4465//4452 3905//3897
f 2084//2082 4067//4059 4599//4584
f 269//269 1690//1689 1689//1688
f 1605//1604 238//238 240//240
f 2235//2232 2963//2959 2236//2233
f 3420//3416 3650//3643 3649//3642
f 4253//4242 897//897 8//8
f 1//1 4253//4242 8//8
f 3972//3964 4279//4268 2577//2573
f 4947//4930 4235//4224 4768//4752
f 4947//4930 4768//4752 4948//4931
f 1177//1176 1572//1571 1573//1572
f 1756//1755 1263//1262 2377//2374
f 2848//2844 1624//1623 182//182
f 3039//3035 1802//1801 2972//2968
f 1660//1659 1047//1047 1661//1660
f 1742//1741 3558//3553 3551//3546
f 4219//4209 3423//3419 1569//1568
f 4666//4651 3443//3439 577//577
f 3059//3055 1539//1538 385//385
f 3059//3055 385//385 384//384
f 2050//2049 1010//1010 1009//1009
f 3377//3373 3685//3678 304//304
f 4569//4554 4988//4970 3101//3097
f 3185//3181 916//916 3763//3756
f 952//952 1223//1222 2733//2729
f 4630//4615 1874//1873 1873//1872
f 4678//4663 4615//4600 4679//4664
f 1164//1163 1166//1165 1067//1067
f 4300//4289 2879//2875 2878//2874
f 228//228 1663//1662 1050//1050
f 1633//1632 4278//4267 1634//1633
f 2392//2389 2075//2074 4966//4948
f 2392//2389 4966//4948 2393//2390
f 3193//3189 977//977 978//978
f 434//434 2561//2557 4915//471
f 3062//3058 4733//4717 4371//4360
f 760//760 3552//3547 2027//2026
f 2452//2395 3878//3870 2453//2449
f 3729//3722 1998//1997 4483//4469
f 1920//1919 183//183 1066//1066
f 4135//4127 4673//4658 3839//3832
f 1258//1257 4553//4538 4586//4571
f 1491//1490 2276//2273 1492//1491
f 3878//3870 3880//3872 2453//2449
f 1686//1685 1678//1677 1680//1679
f 2248//2245 1672//1671 2249//2246
f 670//670 207//207 2253//2250
f 1291//1290 4707//4691 4613//4598
f 4209//4201 1291//1290 4613//4598
f 864//864 4302//4291 3135//3131
f 2505//2501 2507//2503 4816//4800
f 802//802 801//801 1793//1792
f 1792//1791 802//802 1793//1792
f 437//437 3384//3380 2274//2271
f 2092//2090 2158//2156 2157//2155
f 2976//2972 1594//1593 1085//1085
f 4946//4929 3047//3043 1698//1697
f 4946//4929 1698//1697 1094//1093
f 4992//4974 511//511 255//255
f 254//254 4992//4974 255//255
f 4855//4839 2107//2105 2493//2489
f 4855//4839 2493//2489 4598//4583
f 683//683 95//95 956//956
f 4847//4831 4332//4321 4988//4970
f 1047//1047 1046//1046 1661//1660
f 2782//2778 2086//2084 4384//4372
f 2782//2778 4384//4372 2783//2779
f 4646//4631 4903//4887 4145//4137
f 4691//4676 2572//2568 3899//3891
f 3600//3595 4812//4796 4904//4888
f 4692//4677 3401//3397 4693//4678
f 725//725 2313//2310 3351//3347
f 4950//4933 4935//4918 4638//4623
f 4956//4938 4950//4933 4638//4623
f 2854//2850 4799//4783 2049//2048
f 2316//2313 2315//2312 4390//4378
f 3748//3741 4388//4376 874//874
f 1505//1504 1121//1120 4725//4709
f 4263//4252 4221//4211 4765//4749
f 1418//1417 3594//3589 556//556
f 4302//4291 3658//3651 3477//3473
f 4302//4291 3477//3473 3476//3472
f 1590//1589 627//627 2919//2915
f 1590//1589 2919//2915 4190//4182
f 3663//3656 4182//4174 4730//4714
f 1577//1576 1579//1578 3192//3188
f 4327//4316 1577//1576 3192//3188
f 4057//4049 4213//4205 4652//4637
f 4057//4049 4652//4637 1041//1041
f 1321//1320 28//28 4911//4895
f 2513//2509 1321//1320 4911//4895
f 4433//4421 3349//3345 3585//3580
f 4433//4421 3585//3580 4937//4920
f 3282//3278 4345//4334 3969//3961
f 3283//3279 3282//3278 3969//3961
f 2964//2960 3738//3731 2965//2961
f 4670//4655 3553//3548 4546//4531
f 3655//3648 3670//3663 2076//2075
f 2350//2347 2349//2346 2191//2189
f 1319//1318 1248//1247 4349//4338
f 88//88 709//709 3787//3780
f 908//908 2480//2476 4981//4963
f 1475//1474 908//908 4981//4963
f 4625//4610 2261//2258 3739//3732
f 1207//1206 1776//1775 2011//2010
f 1207//1206 2011//2010 1208//1207
f 1186//1185 451//451 3509//3504
f 3585//3580 3584//3579 4004//3996
f 4006//3998 3585//3580 4004//3996
f 1812//1811 3313//3309 127//127
f 1449//1448 2290//2287 1450//1449
f 2424//2421 548//548 2200//2198
f 225//225 272//272 644//644
f 4230//4219 1266//1265 1265//1264
f 2747//2743 2746//2742 3420//3416
f 1230//1229 2364//2361 391//391
f 867//867 449//449 865//865
f 519//519 4065//4057 516//516
f 713//713 805//805 169//169
f 4841//4825 3232//3228 4989//4971
f 4716//4700 2928//2924 2461//2457
f 148//148 3661//3654 2554//2550
f 149//149 148//148 2554//2550
f 3779//3772 505//505 3353//3349
f 4708//4692 4234//4223 4233//4222
f 4934//4917 1128//1127 4863//4847
f 4283//4272 4826//4810 4902//4886
f 953//953 3721//3714 3747//3740
f 1612//1611 1615//1614 3961//3953
f 1912//1911 2844//2840 2843//2839
f 1800//1799 1912//1911 2843//2839
f 1979//1978 3308//3304 1862//1861
f 584//584 2780//2776 3760//3753
f 3238//3234 1475//1474 4154//4146
f 295//295 807//807 4940//4923
f 4781//4765 1501//1500 2243//2240
f 185//185 2273//2270 186//186
f 2826//2822 3273//3269 1351//1350
f 2739//2735 3767//3760 2740//2736
f 2830//2826 2829//2825 3245//3241
f 860//860 2631//2627 1044//1044
f 2588//2584 3761//3754 4729//4713
f 1774//1773 4635//4620 1565//1564
f 46//46 571//571 4648//4633
f 2607//2603 3751//3744 1965//1964
f 4161//4153 4160//4152 3795//3788
f 4363//4352 2219//2216 2218//2215
f 2406//2403 1909//1908 563//563
f 1291//1290 1290//1289 4707//4691
f 4891//4875 2215//2212 4713//4697
f 4891//4875 4713//4697 4909//4893
f 1061//1061 1060//1060 3255//3251
f 2222//2219 1996//1995 2974//2970
f 4357//4346 4101//4093 842//842
f 2223//2220 2225//2222 4843//4827
f 1705//1704 1704//1703 743//743
f 4108//4100 4636//4621 3768//3761
f 2203//2200 2740//2736 399//399
f 2222//2219 1994//1993 1996//1995
f 3869//3861 3670//3663 4880//4864
f 2042//2041 1707//1706 2260//2257
f 248//248 3659//3652 3998//3990
f 2324//2321 3317//3313 4000//3992
f 3841//3834 4596//4581 3842//3835
f 2857//2853 4644//4629 2084//2082
f 2872//2868 2871//2867 4032//4024
f 1998//1997 1997//1996 4917//4900
f 509//509 434//434 4915//471
f 2529//2525 4770//4754 2530//2526
f 923//923 1174//1173 2938//2934
f 3544//3539 1554//1553 1553//1552
f 2415//2412 2135//2133 2137//2135
f 2415//2412 2137//2135 2416//2413
f 4998//4980 1179//1178 356//356
f 4664//4649 4778//4762 1310//1309
f 3619//3614 1348//1347 3620//3028
f 1529//1528 3277//3273 3276//3272
f 2435//2432 2434//2431 4997//4979
f 2435//2432 4997//4979 3826//3819
f 1784//1783 4873//4857 3393//3389
f 2439//2436 1784//1783 3393//3389
f 4870//4854 1675//1674 3966//3958
f 1778//1777 2357//2354 2305//2302
f 4933//4916 1389//1388 4215//4207
f 240//240 239//239 1854//1853
f 4491//4477 196//196 198//198
f 2908//2904 4177//4169 4383//4371
f 3117//3113 58//58 2523//2519
f 2451//2448 2450//2447 1312//1311
f 2945//2941 4139//4131 2041//2040
f 405//405 2033//2032 3392//3388
f 3774//3767 4573//4558 3807//3800
f 1785//1784 407//407 410//410
f 1619//1618 4966//4948 2075//2074
f 4075//4067 928//928 4076//4068
f 39//39 38//38 3612//3607
f 1127//1126 4277//4266 3086//3082
f 4942//4925 4325//4314 4252//4241
f 4721//4705 3595//3590 4687//4672
f 878//878 4721//4705 4687//4672
f 2482//2478 639//639 3954//3946
f 2170//2168 1786//1785 3383//3379
f 567//567 566//566 927//927
f 3252//3248 1549//1548 3130//3126
f 3252//3248 3130//3126 3253//3249
f 2572//2568 2710//2706 3899//3891
f 980//980 979//979 3971//3963
f 1185//1184 1459//1458 2202//412
f 2332//2329 3964//3956 2333//2330
f 3742//3735 1257//1256 1259//1258
f 1910//1909 502//502 1911//1910
f 66//66 3093//3089 25//25
f 3400//3396 2342//2339 4205//4197
f 946//946 347//347 2781//2777
f 1945//1944 3136//3132 1670//1669
f 3070//3066 4416//4404 3071//3067
f 2874//2870 4233//4222 4947//4930
f 2874//2870 4947//4930 1763//1762
f 268//268 4240//4229 1630//1629
f 3200//3196 4455//4442 4014//4006
f 3312//3308 3200//3196 4014//4006
f 425//425 2081//2080 4674//4659
f 423//423 425//425 4674//4659
f 4805//4789 831//831 1808//1807
f 1735//1734 4744//4728 1318//1317
f 4975//4957 2812//2808 1136//1135
f 3775//3768 2334//2331 2873//2869
f 4176//4168 740//740 3091//3087
f 4973//4955 4583//4568 1330//1329
f 357//357 385//385 3714//3707
f 1092//1091 1830//1829 1829//1828
f 4636//4621 1092//1091 1829//1828
f 3255//3251 2371//2368 2370//2367
f 2383//2380 2382//2379 1126//1125
f 3503//3498 3505//3500 4690//4675
f 3691//3684 1826//1825 989//989
f 833//833 835//835 4763//4747
f 4877//4861 833//833 4763//4747
f 2700//2696 472//472 473//473
f 2700//2696 473//473 308//308
f 418//418 417//417 3694//3687
f 625//625 2787//2783 947//947
f 2533//2529 596//596 595//595
f 2457//2453 4378//4367 4379//4368
f 807//807 3885//3877 4759//4743
f 807//807 4759//4743 4940//4923
f 4825//4809 4341//4330 4090//4082
f 4969//4951 4548//4533 2293//2290
f 2558//2554 208//208 4528//4513
f 3443//3439 575//575 577//577
f 3376//3372 2047//2046 1441//1440
f 4988//4970 2087//2085 3101//3097
f 4190//4182 2919//2915 2920//2916
f 4190//4182 2920//2916 1163//1162
f 4678//4663 4616//4601 4615//4600
f 2834//2830 3717//3710 2663//2659
f 4670//4655 3983//3975 3554//3549
f 3063//3059 3062//3058 4541//4526
f 1845//1844 2569//2565 1846//1845
f 2048//2047 2854//2850 2049//2048
f 4425//4413 4505//4490 4203//4195
f 4655//4640 4158//4150 1703//1702
f 4158//4150 4159//4151 1703//1702
f 4739//4723 1234//1233 2917//2913
f 2125//2123 2127//2125 2048//2047
f 2107//2105 2236//2233 2493//2489
f 573//573 4442//4430 4096//4088
f 4887//4871 3629//3623 3628//3622
f 3591//3586 4887//4871 3628//3622
f 3153//3149 4086//4078 2053//2052
f 2104//2102 2014//2013 2092//2090
f 2104//2102 2092//2090 206//206
f 4906//4890 2189//2187 4521//4506
f 4906//4890 4521//4506 241//241
f 1357//1356 1356//1355 4374//4363
f 242//242 2165//2163 4992//4974
f 4446//4434 4071//4063 3874//3866
f 529//529 528//528 1902//1901
f 3977//3969 2879//2875 4300//4289
f 4561//4546 3701//3694 3988//3980
f 4295//4284 4196//4188 4978//4960
f 4295//4284 4978//4960 4296//4285
f 3383//3379 1786//1785 536//536
f 2256//2253 2608//2604 1388//1387
f 487//487 593//593 488//488
f 2840//2836 2842//2838 4951//2836
f 1867//1866 3686//3679 203//203
f 735//735 102//102 104//104
f 735//735 104//104 1623//1622
f 1521//1520 1386//1385 3803//3796
f 3532//3527 2399//2396 2871//2867
f 226//226 3681//3674 227//227
f 2619//2615 2618//2614 2994//2990
f 2692//2688 4662//4647 4506//4491
f 3514//3509 3513//3508 4932//4915
f 1695//1694 4047//4039 1057//1057
f 1056//1056 1695//1694 1057//1057
f 2950//2946 2951//2947 3486//3482
f 799//799 798//798 4719//4703
f 591//591 590//590 2720//2716
f 433//433 1182//1181 1181//1180
f 2896//2892 4272//4261 3058//3054
f 3633//3627 4426//4414 4657//4642
f 3371//3367 4914//4898 3372//3368
f 1039//1039 1041//1041 4652//4637
f 3337//3333 4628//4613 3457//3453
f 3982//3974 4828//4812 4518//4503
f 3982//3974 4518//4503 2711//2707
f 4473//4460 4870//4854 3080//3076
f 4943//4926 2751//2747 4959//4941
f 4960//4942 4943//4926 4959//4941
f 652//652 651//651 1344//1343
f 3965//3957 2627//2623 4982//4964
f 3965//3957 4982//4964 672//672
f 3766//3759 4417//4405 3533//3528
f 1796//1795 4065//4057 4064//4056
f 3255//3251 1060//1060 4282//4271
f 3255//3251 4282//4271 2371//2368
f 4154//4146 4981//4963 2722//2718
f 1521//1520 1385//1384 1386//1385
f 3493//3489 4672//4657 4671//4656
f 4645//4630 2551//2547 4060//4052
f 798//798 427//427 426//426
f 798//798 426//426 4719//4703
f 3684//3677 4998//4980 305//305
f 2333//2330 4481//3981 4077//4069
f 4962//4944 4697//2492 2224//2221
f 3596//3591 77//77 79//79
f 694//694 693//693 1404//1403
f 1084//1084 1831//1830 1140//1139
f 357//357 359//359 384//384
f 1813//1812 3537//3532 2246//2243
f 2776//2772 4674//4659 4043//4035
f 1931//1930 4930//4913 2764//2760
f 2763//2759 1931//1930 2764//2760
f 2706//2702 2705//2701 4619//4604
f 3356//3352 4009//4001 4592//4577
f 1287//1286 810//810 1288//1287
f 3509//3504 398//398 4962//4944
f 438//438 1170//1169 423//423
f 4995//4977 1699//1698 3221//3217
f 3266//3262 4995//4977 3221//3217
f 2252//2249 2752//2748 2751//2747
f 4943//4926 2252//2249 2751//2747
f 3401//3397 4779//4763 4693//4678
f 411//411 1949//1948 412//412
f 933//933 932//932 4129//4121
f 619//619 3774//3767 3807//3800
f 4551//4536 4072//4064 4074//4066
f 4551//4536 4074//4066 4523//4508
f 1045//1045 4129//4121 3338//3334
f 2725//2721 2724//2720 1562//1561
f 2102//2100 2101//2099 3515//3510
f 1796//1795 4064//4056 2767//2763
f 4825//4809 4090//4082 3482//3478
f 821//821 2546//2542 1032//1032
f 1658//1657 2184//2182 3040//3036
f 2473//2469 83//83 3169//3165
f 3796//3789 603//603 759//759
f 2737//2733 61//61 60//60
f 2740//2736 2600//2596 4738//4722
f 2736//2732 2735//2731 4644//4629
f 73//73 184//184 183//183
f 2930//2926 3869//3861 2359//2356
f 2930//2926 2359//2356 2358//2355
f 4062//4054 3988//3980 4511//4496
f 4957//4939 4963//4945 776//776
f 708//708 2769//2765 709//709
f 1302//1301 3044//3040 3046//3042
f 2256//2253 1388//1387 2257//2254
f 886//886 4136//4128 3534//3529
f 4953//4935 4368//4357 212//212
f 399//399 4738//4722 400//400
f 2096//2094 621//621 3613//3608
f 2483//2479 4519//4504 246//246
f 4942//4925 4252//4241 2072//2071
f 779//779 4872//4856 251//251
f 2479//2475 2762//2758 2810//2806
f 4560//4545 2748//2744 1795//1794
f 4767//4751 3803//3796 3805//3798
f 1896//1895 2864//2860 1897//1896
f 4675//4660 1232//1231 1120//1119
f 4496//4482 2815//2811 3474//3470
f 3499//3494 4983//4965 4640//4625
f 1897//1896 1791//1790 1790//1789
f 1428//1427 1897//1896 1790//1789
f 1698//1697 4836//4820 2337//2334
f 4004//3996 4923//4906 4005//3997
f 3994//3986 4705//4689 4931//4914
f 3994//3986 4931//4914 388//388
f 4683//4668 2269//2266 498//498
f 4368//4357 4367//4356 562//562
f 2035//2034 2188//2186 256//256
f 171//171 4183//4175 4182//4174
f 1238//1237 4958//4940 1239//1238
f 590//590 515//515 582//582
f 3260//3256 4334//4323 4658//4643
f 2307//2304 1879//1878 4990//4972
f 240//240 1854//1853 3468//3464
f 4688//4673 1714//1713 1972//1971
f 4688//4673 1972//1971 4994//4976
f 4676//4661 3163//3159 3300//3296
f 4676//4661 3300//3296 3524//3519
f 1982//1981 4896//4880 4777//4761
f 2337//2334 2339//2336 3357//3353
f 2796//2792 2337//2334 3357//3353
f 439//439 423//423 4674//4659
f 4776//4760 4775//4759 4548//4533
f 4776//4760 4548//4533 4969//4951
f 4365//4354 3154//3150 3500//3495
f 4902//4886 1887//1886 2450//2447
f 4605//4590 2866//2862 2867//2863
f 687//687 4150//4142 1592//1591
f 3925//3917 1072//1072 1074//1074
f 3925//3917 1074//1074 3926//3918
f 626//626 4614//4599 4852//4836
f 4643//4628 2458//2454 3566//3561
f 2749//2745 900//900 2892//2888
f 3991//3983 4841//4825 4030//4022
f 2174//2172 2814//2810 2175//2173
f 2356//2353 3766//3759 2357//2354
f 191//191 4318//4307 1523//1522
f 4268//4257 4298//4287 4297//4286
f 4268//4257 4297//4286 4871//4855
f 152//152 2884//2880 2883//2879
f 4543//4528 535//535 889//889
f 3395//3391 4293//4282 3396//3392
f 4970//4952 4301//4290 4406//4394
f 1946//1945 1721//1720 1431//1430
f 4086//4078 4364//4353 4858//4842
f 4086//4078 4858//4842 4859//4843
f 2019//2018 551//551 1737//1736
f 298//298 3124//3120 299//299
f 1195//1194 4916//4899 1614//1613
f 1791//1790 2865//2861 3956//3948
f 1791//1790 3956//3948 3955//3947
f 2867//2863 1115//1114 4038//4030
f 2922//2918 2872//2868 3692//3685
f 3128//3124 2922//2918 3692//3685
f 872//872 4510//4495 870//870
f 1311//1310 4273//4262 1858//1857
f 947//947 949//949 4472//4459
f 4581//4566 4580//4565 4980//4962
f 4041//4033 374//374 373//373
f 1131//1130 11//11 4456//4443
f 879//879 878//878 4687//4672
f 3329//3325 3930//3922 1855//1854
f 1362//1361 2836//2832 2750//2746
f 3824//3817 3683//3676 702//702
f 793//793 2312//2309 3465//3461
f 1635//1634 899//899 1274//1273
f 1508//1507 2210//2207 1509//1508
f 2891//2887 2354//2351 2353//2350
f 2892//2888 2891//2887 2353//2350
f 2827//2823 161//161 2828//2824
f 130//130 129//129 4610//4595
f 854//854 987//987 4266//4255
f 4455//4442 3199//3195 366//366
f 3221//3217 2337//2334 2795//2791
f 598//598 251//251 253//253
f 2434//2431 1258//1257 4586//4571
f 2434//2431 4586//4571 4997//4979
f 4434//4422 2422//2419 3771//3764
f 1477//1476 4652//4637 2024//2023
f 247//247 4519//4504 2999//2995
f 2924//2920 2870//2866 2872//2868
f 2905//2901 4369//4358 952//952
f 4940//4923 4759//4743 1706//1705
f 4940//4923 1706//1705 296//296
f 3614//3609 620//620 4187//4179
f 3814//3807 3340//3336 3342//3338
f 1439//1438 958//958 4717//4701
f 1439//1438 4717//4701 166//166
f 2199//2197 2560//2556 2200//2198
f 4433//4421 4937//4920 1896//1895
f 4242//4231 3492//3488 4671//4656
f 4242//4231 4671//4656 4661//4646
f 4488//4474 416//416 4241//4230
f 245//245 247//247 882//882
f 4991//4973 4219//4209 4882//4866
f 2361//2358 4991//4973 4882//4866
f 1349//1348 1351//1350 4955//4937
f 253//253 252//252 4362//4351
f 2876//2872 1079//1079 2877//2873
f 4441//4429 4809//4793 4926//4909
f 4053//4045 610//610 1785//1784
f 994//994 2627//2623 3965//3957
f 3018//3014 2050//2049 2051//2050
f 3607//3602 4754//4738 3359//3355
f 3607//3602 3359//3355 3866//3859
f 3788//3781 3794//3787 3837//3830
f 606//606 4551//4536 4523//4508
f 1911//1910 502//502 504//504
f 2951//2947 144//144 2411//2408
f 922//922 1174//1173 923//923
f 453//453 920//920 454//454
f 956//956 4429//4417 4813//4797
f 1492//1491 3995//3987 2756//2752
f 3724//3717 850//850 4119//4111
f 3777//3770 3397//3393 3247//3243
f 2811//2807 559//559 561//561
f 4111//4103 2811//2807 561//561
f 495//495 193//193 2656//2652
f 4993//4975 495//495 2656//2652
f 1128//1127 4506//4491 1129//1128
f 315//315 314//314 3494//3490
f 4686//4671 3921//3913 4795//4779
f 2205//2202 4869//4853 93//93
f 3315//3311 2343//2340 475//475
f 1494//1493 2044//2043 2046//2045
f 3984//3976 3040//3036 2183//2181
f 3630//3624 2683//2679 4827//4811
f 2374//2371 3630//3624 4827//4811
f 2963//2959 2962//2958 780//780
f 69//69 4591//4576 4885//4869
f 3770//3763 4247//4236 4974//4956
f 1439//1438 4589//4574 3889//3881
f 1440//1439 1439//1438 3889//3881
f 1088//115 3564//3559 858//858
f 2980//2976 2168//2166 3369//3365
f 2980//2976 3369//3365 3431//3427
f 841//841 2981//2977 842//842
f 3695//3688 3207//3203 4849//4833
f 3695//3688 4849//4833 2395//2392
f 722//722 68//68 35//35
f 2727//2723 4311//4300 4535//4520
f 343//343 1814//1813 1105//1104
f 3317//3313 1467//1466 232//232
f 4628//4613 4019//4011 4018//4010
f 2057//2056 4628//4613 4018//4010
f 4677//4662 3546//3541 526//526
f 1001//1001 3362//3358 4479//4466
f 1667//1666 1666//1665 1502//1501
f 1556//1555 3618//3613 2852//2848
f 4521//4506 607//607 609//609
f 4500//4486 1549//1548 3252//3248
f 3145//3141 74//74 611//611
f 1401//1400 2976//2972 1085//1085
f 3626//3620 4630//4615 4864//4848
f 3626//3620 4864//4848 3179//3175
f 2857//2853 2084//2082 4811//4795
f 526//526 525//525 1682//1681
f 2997//2993 1130//1129 2102//2100
f 4960//4942 1207//1206 2596//2592
f 534//534 4691//4676 99//99
f 2556//2552 2749//2745 2557//2553
f 38//38 3000//2996 1731//1730
f 72//72 3798//3791 184//184
f 73//73 72//72 184//184
f 913//913 2010//2009 2707//2703
f 4631//4616 721//721 4787//4771
f 1378//1377 3789//3782 3836//3829
f 1378//1377 3836//3829 4392//4380
f 2722//2718 4981//4963 2723//2719
f 3991//3983 2685//2681 3233//3229
f 3991//3983 3233//3229 4841//4825
f 4108//4100 1093//1092 4636//4621
f 4026//4018 1040//1040 1039//1039
f 336//336 558//558 860//860
f 2519//2515 1932//1931 4098//4090
f 4945//4928 1210//1209 1211//1210
f 4933//4916 3962//3954 1389//1388
f 2540//2536 3473//3469 2541//2537
f 2551//2547 3722//3715 4060//4052
f 796//796 4342//4331 4834//4818
f 793//793 796//796 4834//4818
f 3661//3654 3914//3906 3662//3655
f 97//97 575//575 2548//2544
f 98//98 97//97 2548//2544
f 1001//1001 4479//4466 1059//1059
f 4419//4407 4214//4206 2530//2526
f 4769//4753 4419//4407 2530//2526
f 308//308 764//764 1727//1726
f 1523//1522 4425//4413 1524//1523
f 12//12 2481//2477 9//9
f 175//175 174//174 2589//2585
f 4055//4047 2927//2923 4648//4633
f 4055//4047 4648//4633 2277//2274
f 3030//3026 656//656 655//655
f 2365//2362 1743//1742 1944//1943
f 341//341 2072//2071 4577//4562
f 4234//4223 3872//3864 4756//4740
f 4234//4223 4756//4740 4235//4224
f 3142//3138 2018//2017 3426//3422
f 3142//3138 3426//3422 4989//4971
f 4421//4409 1522//1521 4767//4751
f 3334//3330 710//710 4968//4950
f 5000//4982 3334//3330 4968//4950
f 308//308 936//936 309//309
f 3036//3032 324//324 2110//2108
f 3996//3988 4604//4589 3771//3764
f 3636//3630 3635//3629 1461//1460
f 2806//2802 1560//1559 1559//1558
f 3922//3914 3325//3321 3750//3743
f 4325//4314 694//694 3201//3197
f 4466//4453 3756//3749 153//153
f 4800//4784 4849//4833 3642//3636
f 4160//4152 4535//4520 4172//4164
f 1226//1225 1225//1224 508//508
f 1462//1461 4692//4677 2364//2361
f 4506//4491 1128//1127 4830//4814
f 1228//1227 4506//4491 4830//4814
f 848//848 4929//4912 3993//3985
f 578//578 1419//1418 4338//4327
f 937//937 578//578 4338//4327
f 409//409 3844//3837 1826//1825
f 1345//1344 352//352 4454//4441
f 1176//1175 4149//4141 1177//1176
f 97//97 3239//3235 4971//4953
f 2705//2701 1351//1350 3275//3271
f 2705//2701 3275//3271 4964//4946
f 3431//3427 319//319 1006//1006
f 433//433 2668//2664 4883//4867
f 4166//4158 2944//2940 4681//4666
f 3344//3340 2161//2159 3077//3073
f 2066//2065 3344//3340 3077//3073
f 761//761 3609//3604 2026//2025
f 3652//3645 3651//3644 3710//3703
f 1913//1912 1504//1503 2079//2078
f 3822//3815 1913//1912 2079//2078
f 1348//1347 4218//3028 4228//2179
f 3542//3537 1995//1994 1994//1993
f 3542//3537 1994//1993 4606//4591
f 2807//2803 1205//1204 4269//4258
f 2823//2819 4401//4389 2879//2875
f 1311//1310 1310//1309 4273//4262
f 2476//2472 997//997 996//996
f 1767//1766 2055//2054 420//420
f 1388//1387 4405//4393 3339//3335
f 604//604 2497//2493 2589//2585
f 604//604 2589//2585 174//174
f 574//574 573//573 4096//4088
f 3840//3833 3195//3191 3644//3638
f 4967//4949 3436//3432 2140//2138
f 2220//2217 4967//4949 2140//2138
f 4764//4748 3675//3668 4818//4802
f 4005//3997 1947//1946 3131//3127
f 466//466 956//956 4813//4797
f 1941//1940 1940//1939 2315//2312
f 575//575 4965//4947 576//576
f 4391//4379 4267//4256 930//930
f 4391//4379 930//930 3469//3465
f 4512//4497 1712//1711 3632//3626
f 3073//3069 4512//4497 3632//3626
f 1864//1863 3107//3103 277//277
f 2545//2541 4804//4788 4184//4176
f 3102//3098 3728//3721 3729//3722
f 3103//3099 3102//3098 3729//3722
f 3811//3804 3959//3951 4616//4601
f 4561//4546 1277//1276 3701//3694
f 2486//2482 3301//3297 2430//2427
f 3708//3701 3175//3171 3666//3659
f 3116//3112 2476//2472 996//996
f 1149//1148 4378//4367 715//715
f 4135//4127 1378//1377 4392//4380
f 3601//3596 1271//1270 2281//2278
f 3120//3116 3119//3115 607//607
f 4390//4378 784//784 783//783
f 284//284 3122//3118 4605//4590
f 3541//3536 3090//3086 2134//2132
f 1467//1466 1466//1465 3799//3792
f 4619//4604 4749//4733 3331//3327
f 3841//3834 1509//1508 4596//4581
f 271//271 4060//4052 3676//3669
f 4175//4167 4466//4453 4856//4840
f 642//642 1484//1483 1713//1712
f 3868//2329 2333//2330 4077//4069
f 3953//3945 2267//2264 4683//4668
f 36//36 3047//3043 4946//4929
f 3882//3874 2914//2910 497//497
f 3882//3874 497//497 3445//3441
f 3156//3152 3158//3154 1709//1708
f 3196//3192 3156//3152 1709//1708
f 1912//1911 1800//1799 1799//1798
f 1578//1577 1536//1535 1538//1537
f 4756//4740 4419//4407 4768//4752
f 4235//4224 4756//4740 4768//4752
f 4217//859 2181//2179 1510//1509
f 1913//1912 3822//3815 425//425
f 424//424 1913//1912 425//425
f 4928//4911 2640//2636 1112//1111
f 2820//2816 834//834 833//833
f 274//274 1927//1926 275//275
f 2832//2828 725//725 844//844
f 3149//3145 2832//2828 844//844
f 142//142 1736//1735 4979//4961
f 2708//2704 2207//2204 1407//1406
f 894//894 893//893 4663//4648
f 2959//2955 270//270 2797//2793
f 1983//1982 1982//1981 4777//4761
f 4933//4916 3961//3953 3962//3954
f 3622//3616 1437//1436 4386//4374
f 4336//4325 3590//3585 4292//4281
f 2583//2579 4375//4364 4544//4529
f 3361//3357 2583//2579 4544//4529
f 4858//4842 3500//3495 4191//4183
f 3611//3606 1779//1778 3182//3178
f 2816//2812 3689//3682 2817//2813
f 273//273 1037//1037 274//274
f 1567//1566 4094//4086 1407//1406
f 2037//2036 1098//1097 1100//1099
f 1086//1086 1088//115 857//857
f 4172//4164 4535//4520 3808//3801
f 2720//2716 2540//2536 2721//2717
f 4564//4549 2292//2289 3752//3745
f 4567//4552 178//178 4343//4332
f 924//924 926//926 1972//1971
f 3928//3920 3289//3285 1822//1821
f 4335//4324 4731//4715 2968//2964
f 2991//2987 2992//2988 4188//4180
f 4762//4746 1368//1367 4876//4860
f 3186//3182 3185//3181 3763//3756
f 4314//4303 3208//3204 3211//3207
f 1432//1431 3225//3221 530//530
f 3041//3037 1304//1303 925//925
f 4710//4694 1691//1690 988//988
f 3026//3022 4710//4694 988//988
f 1485//1484 925//925 924//924
f 4112//4104 4776//4760 4969//4951
f 4112//4104 4969//4951 4105//4097
f 2903//2899 1409//1408 3947//3939
f 3203//3199 3202//3198 4833//4817
f 1956//1955 2463//2459 3380//3376
f 4959//4941 2751//2747 3422//3418
f 2416//2413 2770//2766 1434//1433
f 4356//4345 4309//4298 3612//3607
f 2119//2117 3136//3132 2120//2118
f 2416//2413 1434//1433 4553//4538
f 4979//4961 2677//2673 2676//2672
f 4979//4961 2676//2672 1545//1544
f 217//217 1393//1392 411//411
f 3396//3392 3561//3556 3560//3555
f 3239//3235 3241//3237 4971//4953
f 637//637 449//449 448//448
f 281//281 280//280 3011//3007
f 3885//3877 1555//1554 4564//4549
f 1558//1557 1557//1556 4764//4748
f 3210//3206 966//966 968//968
f 3211//3207 3210//3206 968//968
f 1571//1570 1570//1569 4165//4157
f 2552//2548 548//548 1845//1844
f 1796//1795 516//516 4065//4057
f 812//812 761//761 2026//2025
f 3532//3527 2076//2075 2078//2077
f 1588//1587 1587//1586 3913//3905
f 1944//1943 1743//1742 2786//2782
f 2580//2576 1605//1604 2581//2577
f 2267//2264 3407//3403 2268//2265
f 4916//4899 4838//4822 4500//4486
f 259//259 2875//2871 4385//4373
f 4664//4649 1310//1309 1309//1308
f 144//144 146//146 2411//2408
f 859//859 858//858 2526//2522
f 1996//1995 2097//2095 2974//2970
f 3732//3725 3729//3722 4483//4469
f 3732//3725 4483//4469 3733//3726
f 346//346 345//345 4811//4795
f 346//346 4811//4795 347//347
f 1414//1413 4197//4189 4199//4191
f 6//6 1635//1634 1276//1275
f 1360//1359 4356//4345 1361//1360
f 607//607 3119//3115 1309//1308
f 3985//3977 3984//3976 2183//2181
f 3985//3977 2183//2181 1653//1652
f 4432//4420 1896//1895 1428//1427
f 781//781 4432//4420 1428//1427
f 4741//4725 1035//1035 1034//1034
f 1976//1975 1978//1977 4886//4870
f 4067//4059 22//22 4022//4014
f 1722//1721 1724//1723 866//866
f 1722//1721 866//866 4134//4126
f 4000//3992 234//234 1504//1503
f 2350//2347 2191//2189 2835//2831
f 816//816 2350//2347 2835//2831
f 929//929 581//581 580//580
f 3145//3141 3243//3239 2754//2750
f 675//675 674//674 1564//1563
f 89//89 4615//4600 3348//3344
f 1501//1500 2819//2815 2243//2240
f 3516//3511 3709//3702 3517//3512
f 2855//2851 464//464 2856//2852
f 1396//1395 2125//2123 1397//1396
f 4720//4704 3852//3845 4115//4107
f 91//91 90//90 2009//2008
f 396//396 397//397 544//544
f 2414//2411 3182//3178 4846//4830
f 3267//3263 3266//3262 3221//3217
f 3267//3263 3221//3217 3333//3329
f 711//711 1682//1681 447//447
f 711//711 447//447 2934//2930
f 980//980 3971//3963 2185//2183
f 876//876 49//49 1386//1385
f 2720//2716 590//590 4495//4481
f 2720//2716 4495//4481 2540//2536
f 3305//3301 2001//2000 2000//1999
f 3305//3301 2000//1999 2115//2113
f 3272//3268 4676//4661 1488//1487
f 1075//1075 4205//4197 591//591
f 235//235 4810//4794 4739//4723
f 1116//1115 2489//2485 1117//1116
f 2820//2816 726//726 834//834
f 4894//4878 3345//3341 2764//2760
f 1729//1728 4815//4799 2905//2901
f 951//951 1729//1728 2905//2901
f 970//970 2522//2518 2181//2179
f 1464//1463 2227//2224 731//731
f 4087//4079 4079//4071 3430//3426
f 3758//3751 2238//2235 2237//2234
f 3409//3405 3408//3404 4099//4091
f 987//987 4765//4749 4344//4333
f 2898//2894 1485//1484 1484//1483
f 4023//4015 3337//3333 4170//4162
f 898//898 2308//2305 1155//1154
f 898//898 1155//1154 1154//1153
f 3660//3653 3218//3214 3217//3213
f 1562//1561 2724//2720 1563//1562
f 2707//2703 1406//1405 2886//2882
f 358//358 2639//2635 4377//4366
f 3786//3779 455//455 4884//4868
f 4629//4614 4985//4967 4966//4948
f 3872//3864 3725//3718 4756//4740
f 94//94 2501//2497 95//95
f 2484//2480 138//138 314//314
f 2210//2207 2212//2209 4597//4582
f 3851//3844 4116//4108 4115//4107
f 2187//2185 2186//2184 4445//4433
f 2184//2182 1226//1225 3716//3709
f 2802//2798 4411//4399 2803//2799
f 1215//1214 665//665 1212//1211
f 2882//2878 2884//2880 4013//4005
f 1222//1221 2733//2729 1223//1222
f 1091//1090 841//841 1657//1656
f 4510//4495 2975//2971 3871//3863
f 3268//3264 3310//3306 4140//4132
f 2562//2558 2362//2359 2361//2358
f 1502//1501 4781//4765 136//136
f 736//736 738//738 2382//2379
f 3253//3249 736//736 2382//2379
f 4867//4851 1251//1250 1250//1249
f 4090//4082 4089//4081 267//267
f 1731//1730 1017//1017 946//946
f 3326//3322 1823//1822 4840//4824
f 2197//2195 4557//4542 4239//4228
f 1839//1838 1512//1511 1784//1783
f 3661//3654 3913//3905 3914//3906
f 2574//2570 3891//3883 2825//2821
f 1830//1829 1094//1093 1699//1698
f 1830//1829 1699//1698 4995//4977
f 3332//3328 2470//2466 2469//2465
f 4913//4897 1064//1064 1063//1063
f 4464//4451 369//369 455//455
f 3524//3519 3300//3296 1844//1843
f 788//788 4405//4393 1388//1387
f 1942//1941 2031//2030 1943//1942
f 300//300 302//302 1334//1333
f 735//735 1623//1622 974//974
f 973//973 735//735 974//974
f 294//294 2042//2041 2559//2555
f 1683//1682 3139//3135 4987//4969
f 1054//1054 1683//1682 4987//4969
f 4538//4523 2178//2176 1262//1261
f 510//510 4538//4523 1262//1261
f 4221//4211 3323//3319 4222//4212
f 4116//4108 3851//3844 2402//2399
f 4116//4108 2402//2399 2539//2535
f 1834//1833 135//135 3081//3077
f 743//743 2034//2033 744//744
f 1950//1949 1841//1840 2593//2589
f 1270//1269 1269//1268 3225//3221
f 1270//1269 3225//3221 2030//2029
f 1382//1381 3579//3574 1383//1382
f 4952//4934 459//459 3256//3252
f 1678//1677 1686//1685 1688//1687
f 4216//4208 1389//1388 1392//1391
f 3605//3600 3334//3330 5000//4982
f 2068//2067 4309//4298 1360//1359
f 323//323 3364//3360 324//324
f 1957//1956 1917//1916 1918//1917
f 1135//1134 4013//4005 3450//3446
f 1077//1077 1336//1335 160//160
f 3469//3465 3471//3467 4391//4379
f 4900//4884 4600//4585 1412//1411
f 4900//4884 1412//1411 1414//1413
f 4039//4031 270//270 2959//2955
f 910//910 1797//1796 911//911
f 4125//4117 1422//1421 785//785
f 1948//1947 2785//2781 1949//1948
f 1030//1030 4352//4341 626//626
f 1170//1169 424//424 423//423
f 4276//4265 4603//4588 2816//2812
f 1179//1178 4983//4965 3501//3496
f 1180//1179 1179//1178 3501//3496
f 3448//3444 2282//2279 4927//4910
f 2186//2184 4071//4063 4446//4434
f 975//975 2502//2498 2518//2514
f 2473//2469 3736//3729 84//84
f 942//942 4617//4602 1811//1810
f 2931//2927 2358//2355 3084//3080
f 113//113 4020//4012 114//114
f 3513//3508 1361//1360 2215//2212
f 1293//1292 2494//2490 3223//3219
f 1293//1292 3223//3219 1410//1409
f 974//974 2391//2388 3489//3485
f 972//972 974//974 3489//3485
f 898//898 1154//1153 899//899
f 3416//3412 3078//3074 4801//4785
f 3232//3228 846//846 3142//3138
f 3232//3228 3142//3138 4989//4971
f 1509//1508 2210//2207 4597//4582
f 3670//3663 1589//1588 3281//3277
f 894//894 2169//2167 3387//3383
f 123//123 122//122 2832//2828
f 4233//4222 4235//4224 4947//4930
f 3171//3167 2458//2454 2457//2453
f 1511//1510 3056//3052 4726//4710
f 84//84 3394//3390 51//51
f 1487//1486 1719//1718 3163//3159
f 1487//1486 3163//3159 3272//3268
f 4026//4018 4025//4017 1040//1040
f 3401//3397 1075//1075 4779//4763
f 3336//3332 3335//3331 1480//1479
f 3336//3332 1480//1479 1479//1478
f 1961//1960 1411//1410 1962//1961
f 1062//1062 927//927 1122//1121
f 3854//3847 3946//3938 1486//1485
f 392//392 4879//4863 4489//4475
f 2699//2695 941//941 467//467
f 82//82 4355//4344 2351//2348
f 3403//3399 3402//3398 4352//4341
f 4131//4123 4132//4124 4837//4821
f 3290//3286 1494//1493 1493//1492
f 1823//1822 3290//3286 1493//1492
f 3537//3532 3536//3531 3619//3614
f 1794//1793 1107//1106 2138//2136
f 3511//3506 624//624 626//626
f 1655//1654 282//282 2766//2762
f 1896//1895 4432//4420 4433//4421
f 380//380 379//379 3645//3639
f 4431//4419 4430//4418 3831//3824
f 2272//2269 4700//4684 3199//3195
f 2432//2429 173//173 175//175
f 1140//1139 45//45 44//44
f 342//342 3973//3965 1814//1813
f 4660//4645 1528//1527 1355//1354
f 1354//1353 4660//4645 1355//1354
f 2238//2235 340//340 2239//2236
f 4199//4191 4901//4885 1414//1413
f 1212//1211 3951//3943 1213//1212
f 2184//2182 843//843 1226//1225
f 982//982 3419//3415 983//983
f 2960//2956 4056//4048 4025//4017
f 3462//3458 888//888 3948//3940
f 3392//3388 2870//2866 2924//2920
f 1951//1950 1950//1949 4649//4634
f 2570//2566 2071//2070 2571//2567
f 2070//2069 4907//4891 2576//2572
f 1202//1201 1822//1821 1825//1824
f 3774//3767 1089//1088 1656//1655
f 1006//1006 2692//2688 1228//1227
f 2112//2110 4545//4530 3423//3419
f 3239//3235 530//530 3240//3236
f 1159//1158 4410//4398 2131//2129
f 3517//3512 303//303 306//306
f 1443//1442 1442//1441 2698//2694
f 1443//1442 2698//2694 2578//2574
f 4247//4236 4249//4238 4974//4956
f 2063//2062 569//569 3492//3488
f 1952//1951 483//483 4982//4964
f 3531//3526 2076//2075 3532//3527
f 4297//4286 4296//4285 3887//3879
f 3227//3223 546//546 586//586
f 4265//4254 1694//1693 3920//3912
f 4621//4606 4265//4254 3920//3912
f 3444//3440 3443//3439 4666//4651
f 347//347 4811//4795 2782//2778
f 347//347 2782//2778 2781//2777
f 160//160 162//162 1078//1078
f 4046//4038 4958//4940 1238//1237
f 3633//3627 4657//4642 4457//4444
f 3407//3403 3664//3657 2268//2265
f 3139//3135 2124//2122 2123//2121
f 1089//1088 1091//1090 1656//1655
f 2709//2705 1872//1871 1496//1495
f 2045//2044 3866//3859 2046//2045
f 2841//2837 2651//2647 3278//3274
f 2713//2709 3689//3682 2714//2710
f 543//543 3067//3063 685//685
f 3466//3462 2949//2945 2948//2944
f 693//693 2805//2801 572//572
f 3324//3320 3897//3889 3865//3858
f 1084//1084 1083//1083 1831//1830
f 1637//1636 2900//2896 1638//1637
f 163//163 134//134 4193//4185
f 2186//2184 4446//4434 4445//4433
f 4961//4943 1078//1078 2597//2593
f 555//555 4625//4610 4626//4611
f 1070//1070 2099//2097 537//537
f 1070//1070 537//537 2728//2724
f 2810//2806 285//285 2959//2955
f 4360//4349 768//768 3467//3463
f 1365//1364 1364//1363 3057//3053
f 1365//1364 3057//3053 81//81
f 3484//3480 1055//1055 4209//4201
f 3485//3481 3484//3480 4209//4201
f 2634//2630 3510//3505 3402//3398
f 4124//4116 3809//3802 3967//3959
f 1628//1627 4124//4116 3967//3959
f 21//21 23//23 3674//3667
f 2083//2081 2082//219 219//219
f 4845//4829 4913//4897 4629//4614
f 2673//2669 3800//3793 3772//3765
f 3639//3633 4063//4055 4822//4806
f 3637//3631 3639//3633 4822//4806
f 3290//3286 2378//2375 1494//1493
f 2714//2710 1923//1922 3133//3129
f 412//412 1418//1417 335//335
f 1806//1805 4141//4133 3202//3198
f 1692//1691 3460//3456 988//988
f 4996//4978 4085//4077 4920//4903
f 4986//4968 4996//4978 4920//4903
f 1999//1998 3813//3806 2000//1999
f 2852//2848 3618//3613 871//871
f 2755//2751 1813//1812 427//427
f 2239//2236 340//340 1750//1749
f 4732//4716 745//745 747//747
f 1213//1212 1832//1831 3810//3803
f 3576//3571 3792//3785 4850//4834
f 1275//1274 3580//3575 1382//1381
f 2278//2275 2065//2064 2064//2063
f 2245//2242 2729//2725 2910//2906
f 1956//1955 1955//1954 2463//2459
f 1172//1171 3176//3172 1270//1269
f 575//575 4971//4953 4965//4947
f 2544//2540 549//549 2298//2295
f 2618//2614 3937//3929 2994//2990
f 1818//1817 4951//2836 1819//1818
f 838//838 1138//1137 839//839
f 2619//2615 2996//2992 2665//2661
f 2816//2812 4603//4588 3931//3923
f 593//593 3325//3321 3922//3914
f 1987//1986 1986//1985 3107//3103
f 3106//3102 1987//1986 3107//3103
f 2510//2506 2558//2554 4091//4083
f 4716//4700 2461//2457 3235//3231
f 3234//3230 4716//4700 3235//3231
f 1620//1619 2075//2074 4417//4405
f 4409//4397 664//664 3004//3000
f 2344//2341 3525//3520 2536//2532
f 2344//2341 2536//2532 2345//2342
f 3721//3714 955//955 1874//1873
f 3721//3714 1874//1873 4630//4615
f 1989//1988 2418//2415 4480//4467
f 2030//2029 3225//3221 1432//1431
f 2770//2766 2137//2135 4242//4231
f 2770//2766 4242//4231 1435//1434
f 874//874 4388//4376 229//229
f 2261//2258 2264//2261 3739//3732
f 3548//3543 1850//1849 1851//1850
f 2573//2569 2886//2882 2166//2164
f 1905//1904 2249//2246 800//800
f 4942//4925 2072//2071 2071//2070
f 4746//4730 2565//2561 3806//3799
f 1634//1633 4278//4267 478//478
f 3506//3501 4634//4619 3817//3810
f 320//320 3132//3128 4662//4647
f 4335//4324 3471//3467 3470//3466
f 2957//2953 2956//2952 2686//2682
f 49//49 48//48 3804//3797
f 1386//1385 49//49 3804//3797
f 1853//1852 1885//1884 1886//1885
f 288//288 4715//4699 4201//4193
f 288//288 4201//4193 289//289
f 292//292 1267//1266 3417//3413
f 292//292 3417//3413 293//293
f 4980//4962 4255//4244 1476//1475
f 1483//1482 3522//3517 3521//3516
f 3468//3464 1856//1855 549//549
f 4950//4933 4306//4295 4935//4918
f 2712//2708 3569//3564 3602//3597
f 682//682 767//767 3391//3387
f 4603//4588 1215//1214 1214//1213
f 4603//4588 1214//1213 3931//3923
f 3317//3313 2323//2320 4881//4865
f 4617//4602 2645//2641 4984//4966
f 3773//3766 1761//1760 1760//1759
f 2643//2639 4168//4160 1480//1479
f 3335//3331 2643//2639 1480//1479
f 3931//3923 4884//4868 3932//3924
f 4987//4969 3139//3135 2123//2121
f 1085//1085 1594//1593 71//71
f 4052//4044 1027//1027 3030//3026
f 4052//4044 3030//3026 655//655
f 4533//4518 1037//1037 273//273
f 224//224 4533//4518 273//273
f 2254//2251 207//207 2157//2155
f 2969//2965 613//613 653//653
f 2970//2966 2969//2965 653//653
f 67//67 66//66 2734//2730
f 16//16 3153//3149 19//19
f 1045//1045 1044//1044 4413//4401
f 4988//4970 4332//4321 2087//2085
f 4727//4711 4681//4666 1792//1791
f 3499//3494 4640//4625 4192//4184
f 4191//4183 3499//3494 4192//4184
f 4800//4784 3642//3636 1007//1007
f 2750//2746 794//794 122//122
f 1964//1963 1679//1678 1965//1964
f 3525//3520 4289//4278 2536//2532
f 2171//2169 4355//4344 2853//2849
f 2171//2169 2853//2849 173//173
f 3830//3823 4431//4419 3831//3824
f 3178//3174 2795//2791 2796//2792
f 422//422 995//995 521//521
f 3449//3445 2420//2417 4918//4901
f 2091//2089 3598//3593 2158//2156
f 3518//3513 306//306 3781//3774
f 1949//1948 2785//2781 3594//3589
f 1439//1438 166//166 805//805
f 1439//1438 805//805 4589//4574
f 4736//4720 4027//4019 3756//3749
f 3099//3095 4736//4720 3756//3749
f 1208//1207 2011//2010 1807//1806
f 3606//3601 3605//3600 5000//4982
f 988//988 3460//3456 985//985
f 4647//4632 4656//4641 244//244
f 2401//2398 2862//2858 1405//1404
f 4705//4689 1865//1864 4931//4914
f 2113//2111 1343//1342 1788//1787
f 2113//2111 1788//1787 3955//3947
f 2520//2516 4980//4962 4823//4807
f 3458//3454 3459//3455 4880//4864
f 3670//3663 3458//3454 4880//4864
f 3364//3360 3610//3605 4232//4221
f 2949//2945 3957//3949 1394//1393
f 3689//3682 3792//3785 3690//3683
f 4952//4934 141//141 2432//2429
f 4952//4934 2432//2429 3960//3952
f 1632//1631 1696//1695 1633//1632
f 2602//2598 3617//3612 1257//1256
f 3819//3812 4124//4116 1628//1627
f 1627//1626 3819//3812 1628//1627
f 3604//3599 813//813 2026//2025
f 3578//3573 1990//1989 2325//2322
f 2656//2652 2657//2653 179//179
f 2656//2652 179//179 4567//4552
f 4566//4551 2190//2188 4556//4541
f 3950//3942 4566//4551 4556//4541
f 1261//1260 1881//1880 1880//1879
f 2426//2423 4244//4233 2818//2814
f 1207//1206 3422//3418 1776//1775
f 4918//4901 675//675 4975//4957
f 3320//3316 2311//2308 3321//3317
f 2159//2157 2158//2156 2964//2960
f 3168//3164 2144//2142 4857//4841
f 3754//3747 2984//2980 4024//4016
f 3183//3179 3754//3747 4024//4016
f 249//249 3998//3990 2478//2474
f 1351//1350 3273//3269 3275//3271
f 3634//3628 3032//3028 470//470
f 1888//1887 4766//4750 4977//4959
f 587//587 545//545 670//670
f 4905//4889 776//776 4963//4945
f 4905//4889 4963//4945 1643//1642
f 3641//3635 2039//2038 2038//2037
f 4754//4738 3871//3863 3359//3355
f 4909//4893 4713//4697 3873//3865
f 1723//1722 1381//1380 1724//1723
f 2610//2606 58//58 57//57
f 2033//2032 2032//2031 4844//4828
f 3836//3829 3837//3830 4393//4381
f 1886//1885 3966//3958 3384//3380
f 4102//4094 1224//1223 843//843
f 4706//4690 1963//1962 888//888
f 4918//4901 2420//2417 676//676
f 17//17 1573//1572 15//15
f 3684//3677 322//322 4998//4980
f 719//719 3318//3314 419//419
f 4990//4972 4458//4445 3050//3046
f 4990//4972 3050//3046 2532//2528
f 2058//2057 4018//4010 2234//2231
f 2058//2057 2234//2231 2105//2103
f 638//638 640//640 656//656
f 2424//2421 2423//2420 4293//4282
f 4046//4038 4574//4559 4958//4940
f 3653//3646 1021//1021 1023//1023
f 3653//3646 1023//1023 3535//3530
f 505//505 507//507 4861//4845
f 505//505 4861//4845 3353//3349
f 4669//4654 2063//2062 3492//3488
f 4669//4654 3492//3488 2136//2134
f 1310//1309 4778//4762 1689//1688
f 1680//1679 1679//1678 3498//3493
f 1559//1558 1561//1560 3938//3930
f 3027//3023 3728//3721 3102//3098
f 3116//3112 996//996 3064//3060
f 4367//4356 2405//2402 2406//2403
f 3826//3819 4997//4979 3827//3820
f 3659//3652 3658//3651 493//493
f 3699//3692 3604//3599 4478//4465
f 4533//4518 790//790 126//126
f 607//607 1309//1308 608//608
f 914//914 2707//2703 2886//2882
f 914//914 2886//2882 2573//2569
f 787//787 799//799 2798//2794
f 4848//4832 4331//4320 4332//4321
f 2629//2625 1078//1078 4961//4943
f 4573//4558 3040//3036 4999//4981
f 3807//3800 4573//4558 4999//4981
f 4592//4577 4591//4576 1307//1306
f 3673//3666 3672//3665 2258//2255
f 2331//2328 3868//2329 2462//2458
f 3439//3435 2069//2068 2070//2069
f 916//916 2010//2009 913//913
f 2126//2124 3258//3254 2127//2125
f 4977//4959 4766//4750 3152//3148
f 4977//4959 3152//3148 4924//4907
f 4541//4526 4371//4360 4035//4027
f 2411//2408 4650//4635 4711//4695
f 2411//2408 4711//4695 3052//3048
f 3199//3195 2893//2889 367//367
f 4985//4967 2336//2333 2335//2332
f 1967//1966 1539//1538 2731//2727
f 1904//1903 1903//1902 4381//4028
f 3413//3409 2058//2057 2105//2103
f 3413//3409 2105//2103 2107//2105
f 3683//3676 1839//1838 2439//2436
f 1512//1511 4726//4710 1783//1782
f 1992//1991 1503//1502 1171//1170
f 3571//3566 4494//4480 982//982
f 4788//4772 2117//2115 2116//2114
f 3593//3588 1946//1945 1669//1668
f 159//159 2112//2110 200//200
f 3946//3938 4001//3993 3567//3562
f 4882//4866 4761//4745 4744//4728
f 4455//4442 366//366 727//727
f 4014//4006 4455//4442 727//727
f 4336//4325 4627//4612 3590//3585
f 847//847 3691//3684 4929//4912
f 1461//1460 3401//3397 1462//1461
f 3056//3052 3263//3259 3262//3258
f 756//756 2465//2461 3857//3850
f 4351//4340 326//326 325//325
f 2376//2373 2691//2687 789//789
f 3670//3663 3869//3861 2077//2076
f 4301//4290 4719//4703 426//426
f 2343//2340 2345//2342 475//475
f 2253//2250 1989//1988 1988//1987
f 1390//1389 1104//1103 1106//1105
f 1029//1029 2635//2631 3403//3399
f 3618//3613 1558//1557 872//872
f 609//609 2164//2162 242//242
f 297//297 1782//1781 4907//4891
f 297//297 299//299 1782//1781
f 3255//3251 2370//2367 4308//4297
f 3808//3801 4999//4981 3984//3976
f 890//890 99//99 101//101
f 1782//1781 1781//1780 4907//4891
f 4344//4333 4266//4255 987//987
f 3348//3344 90//90 89//89
f 3712//3705 2407//2404 4125//4117
f 784//784 3712//3705 4125//4117
f 75//75 408//408 407//407
f 610//610 75//75 407//407
f 2349//2346 616//616 2191//2189
f 3374//3370 3376//3372 1441//1440
f 2328//2325 4077//4069 2898//2894
f 3565//3560 4272//4261 3890//3882
f 1336//1335 1335//1334 160//160
f 229//229 231//231 2193//2191
f 915//915 2574//2570 4173//4165
f 2535//2531 3144//3140 1586//1585
f 65//65 3093//3089 66//66
f 4763//4747 835//835 4720//4704
f 4763//4747 4720//4704 4723//4707
f 3997//3989 703//703 4609//4594
f 2423//2420 4746//4730 3806//3799
f 3592//3587 2133//2131 1879//1878
f 1878//1877 3592//3587 1879//1878
f 4788//4772 2116//2114 4152//4144
f 3650//3643 4380//4369 704//704
f 3010//3006 2833//2829 1015//1015
f 2307//2304 4990//4972 1156//1155
f 4764//4748 4818//4802 4819//4803
f 444//444 2554//2550 445//445
f 4972//4954 4584//4569 4583//4568
f 4973//4955 4972//4954 4583//4568
f 3324//3320 3865//3858 3325//3321
f 597//597 3456//3452 4508//4493
f 1384//1383 597//597 4508//4493
f 3723//3716 2242//2239 3306//3302
f 1846//1845 4808//4792 4350//4339
f 3032//3028 1460//1459 4892//4876
f 3532//3527 2078//2077 2399//2396
f 3212//3208 1184//1183 1150//1149
f 1161//1160 3375//3371 4751//4735
f 3557//3552 4208//4200 3726//3719
f 3852//3845 835//835 4925//4908
f 3852//3845 4925//4908 2403//2400
f 3316//3312 2224//2221 2223//2220
f 2278//2275 2064//2063 3712//3705
f 2760//2756 2278//2275 3712//3705
f 1551//1550 3730//3723 2693//2689
f 1552//1551 1551//1550 2693//2689
f 4098//4090 1932//1931 4163//4155
f 1836//1835 2629//2625 1837//1836
f 508//508 1264//1263 4718//4702
f 1469//1468 2524//2520 4404//4392
f 1652//1651 1624//1623 2848//2844
f 797//797 577//577 2755//2751
f 2461//2457 2462//2458 3235//3231
f 3000//2996 1017//1017 1731//1730
f 3745//3738 3744//3737 3113//3109
f 3745//3738 3113//3109 4319//4308
f 4574//4559 4576//4561 4958//4940
f 219//219 4241//4230 220//220
f 631//631 3438//3434 2279//2276
f 3536//3531 1348//1347 3619//3614
f 3750//3743 1445//1444 4245//4234
f 4022//4014 2907//2903 2906//2902
f 3281//3277 3458//3454 3670//3663
f 1875//1874 3193//3189 978//978
f 769//769 1942//1941 1944//1943
f 4536//4521 2781//2777 4503//1740
f 1856//1855 2199//2197 547//547
f 1844//1843 1846//1845 4289//4278
f 507//507 1463//1462 4861//4845
f 4245//4234 3878//3870 2452//2395
f 1501//1500 2664//2660 2819//2815
f 158//158 1963//1962 4795//4779
f 2080//2079 2079//2078 233//233
f 4016//4008 268//268 4259//4248
f 1695//1694 1761//1760 4047//4039
f 2993//2989 64//64 67//67
f 2586//2582 2585//2581 4475//4462
f 2248//2245 2266//2263 1672//1671
f 4367//4356 2406//2403 562//562
f 3152//3148 4021//4013 3859//3852
f 4924//4907 3152//3148 3859//3852
f 574//574 4096//4088 4709//4693
f 2300//2297 1881//1880 1261//1260
f 4662//4647 4353//4342 4734//4718
f 4506//4491 4662//4647 4734//4718
f 2354//2351 1314//1313 1940//1939
f 3590//3585 3740//3733 2791//2787
f 139//139 3530//3525 2032//2031
f 4277//4266 652//652 1344//1343
f 1107//1106 155//155 2139//2137
f 1899//1898 2295//2292 1389//1388
f 3414//3410 2107//2105 4855//4839
f 4830//4814 4934//4917 1584//1583
f 1884//1883 2443//2440 1603//1602
f 2544//2540 2298//2295 1139//1138
f 3240//3236 532//532 2003//2002
f 293//293 1842//1841 1951//1950
f 2357//2354 2510//2506 105//105
f 2600//2596 3767//3760 1369//1368
f 1732//1731 946//946 4536//4521
f 3751//3744 2607//2603 2256//2253
f 458//458 3002//2998 3256//3252
f 1757//1756 2373//2370 441//441
f 970//970 2181//2179 4217//859
f 4690//4675 2572//2568 4691//4676
f 4070//4062 2232//2229 1018//1018
f 4070//4062 1018//1018 3021//3017
f 1151//1150 352//352 354//354
f 3948//3940 825//825 4568//4553
f 3368//3364 3948//3940 4568//4553
f 2844//2840 1912//1911 1081//1081
f 1941//1940 2315//2312 2314//2311
f 3507//3502 1941//1940 2314//2311
f 4640//4625 4275//4264 4192//4184
f 2442//2439 3520//3515 1169//1168
f 1168//1167 2442//2439 1169//1168
f 1418//1417 412//412 3594//3589
